Model Name,Data Seed,Training Seed,Input Size,Number of Layers,Layers Size,CallBack Type,Prune Time,Total Params,Params Details,Accuracy,MostNegative,TimeFirstNegative
dense,0,2,28,2,32,NonCallBack,0,26506,"[25088, 1024, 320]",0.9482,-10.062247276306152,16.13339900970459
unstructured_finetune_0.3,0,2,28,2,32,NonCallBack,181.40327310562134,18574,"[17561, 716, 223]",0.9651,-9.742504119873047,1.4646711349487305
unstructured_finetune_0.5,0,2,28,2,32,NonCallBack,182.92445588111877,13291,"[12544, 512, 161]",0.9641,-9.565677642822266,0.799144983291626
unstructured_finetune_0.8,0,2,28,2,32,NonCallBack,183.04698491096497,5361,"[5018, 205, 64]",0.9524,-6.105594635009766,0.40370893478393555
unstructured_finetune_0.9,0,2,28,2,32,NonCallBack,184.04726648330688,2717,"[2509, 102, 32]",0.9286,0.9155988693237305,0.15224313735961914
unstructured_finetune_0.95,0,2,28,2,32,NonCallBack,183.8236300945282,1396,"[1255, 51, 16]",0.82,2.2193922996520996,
unstructured_nonfinetune_0.3,0,2,28,2,32,NonCallBack,1.7991609573364258,18574,"[17561, 716, 223]",0.9196,-9.90549087524414,1.1852028369903564
unstructured_nonfinetune_0.5,0,2,28,2,32,NonCallBack,1.924368143081665,13291,"[12544, 512, 161]",0.8658,-12.494965553283691,0.519726037979126
unstructured_nonfinetune_0.8,0,2,28,2,32,NonCallBack,1.8588688373565674,5361,"[5018, 205, 64]",0.3189,-15.204839706420898,0.25013089179992676
unstructured_nonfinetune_0.9,0,2,28,2,32,NonCallBack,1.8162572383880615,2717,"[2509, 102, 32]",0.1853,-3.688291072845459,0.14912700653076172
unstructured_nonfinetune_0.95,0,2,28,2,32,NonCallBack,1.8661315441131592,1396,"[1255, 51, 16]",0.1198,-5.644553184509277,0.022716045379638672
structured_finetune_0.3,0,2,28,2,32,NonCallBack,189.52972173690796,18250,"[17248, 704, 224]",0.7675,-6.161161422729492,0.04118800163269043
structured_finetune_0.5,0,2,28,2,32,NonCallBack,182.12407565116882,13290,"[12544, 512, 160]",0.5747,5.470280647277832,
structured_finetune_0.8,0,2,28,2,32,NonCallBack,188.29545092582703,5850,"[5488, 224, 64]",0.3025,-3.8534393310546875,0.0281369686126709
structured_finetune_0.9,0,2,28,2,32,NonCallBack,183.20384120941162,2554,"[2352, 96, 32]",0.2057,-7.057223320007324,0.013568878173828125
structured_finetune_0.95,0,2,28,2,32,NonCallBack,191.95314192771912,1738,"[1568, 64, 32]",0.2055,-6.887606143951416,0.010993003845214844
structured_nonfinetune_0.3,0,2,28,2,32,NonCallBack,1.870615005493164,18250,"[17248, 704, 224]",0.3848,-14.437906265258789,0.8057029247283936
structured_nonfinetune_0.5,0,2,28,2,32,NonCallBack,1.8632423877716064,13290,"[12544, 512, 160]",0.409,-16.554494857788086,0.3379840850830078
structured_nonfinetune_0.8,0,2,28,2,32,NonCallBack,1.793588638305664,5850,"[5488, 224, 64]",0.1244,5.728968620300293,
structured_nonfinetune_0.9,0,2,28,2,32,NonCallBack,1.9058005809783936,2554,"[2352, 96, 32]",0.0843,4.548685550689697,
structured_nonfinetune_0.95,0,2,28,2,32,NonCallBack,1.8522706031799316,1738,"[1568, 64, 32]",0.0892,5.240952491760254,
random_unstructured_finetune_0.3,0,2,28,2,32,NonCallBack,183.96137142181396,18574,"[17561, 716, 223]",0.9522,-7.904446601867676,1.178328037261963
random_unstructured_finetune_0.5,0,2,28,2,32,NonCallBack,181.4901351928711,13291,"[12544, 512, 161]",0.938,-3.8570003509521484,0.5536229610443115
random_unstructured_finetune_0.8,0,2,28,2,32,NonCallBack,198.37177085876465,5361,"[5018, 205, 64]",0.8488,0.24866867065429688,0.2523190975189209
random_unstructured_finetune_0.9,0,2,28,2,32,NonCallBack,182.26428532600403,2717,"[2509, 102, 32]",0.6176,-2.000703811645508,0.03744101524353027
random_unstructured_finetune_0.95,0,2,28,2,32,NonCallBack,181.64473938941956,1396,"[1255, 51, 16]",0.3529,4.4206695556640625,
random_unstructured_nonfinetune_0.3,0,2,28,2,32,NonCallBack,1.9613406658172607,18574,"[17561, 716, 223]",0.6507,-6.872877597808838,19.483644008636475
random_unstructured_nonfinetune_0.5,0,2,28,2,32,NonCallBack,1.9586758613586426,13291,"[12544, 512, 161]",0.2316,6.200716018676758,
random_unstructured_nonfinetune_0.8,0,2,28,2,32,NonCallBack,1.9321374893188477,5361,"[5018, 205, 64]",0.1013,7.508909225463867,
random_unstructured_nonfinetune_0.9,0,2,28,2,32,NonCallBack,1.9232254028320312,2717,"[2509, 102, 32]",0.0945,2.199073553085327,
random_unstructured_nonfinetune_0.95,0,2,28,2,32,NonCallBack,1.9682402610778809,1396,"[1255, 51, 16]",0.0892,-0.1445143222808838,0.03246021270751953
random_structured_finetune_0.3,0,2,28,2,32,NonCallBack,198.70722889900208,18250,"[17248, 704, 224]",0.7657,-7.777565002441406,0.7903580665588379
random_structured_finetune_0.5,0,2,28,2,32,NonCallBack,181.52365112304688,13290,"[12544, 512, 160]",0.5771,-6.028482913970947,0.49978017807006836
random_structured_finetune_0.8,0,2,28,2,32,NonCallBack,197.78979992866516,5850,"[5488, 224, 64]",0.3021,7.41099739074707,
random_structured_finetune_0.9,0,2,28,2,32,NonCallBack,185.22508478164673,2554,"[2352, 96, 32]",0.2047,-3.509181022644043,0.011052846908569336
random_structured_finetune_0.95,0,2,28,2,32,NonCallBack,182.57536125183105,1738,"[1568, 64, 32]",0.1971,8.273675918579102,
random_structured_nonfinetune_0.3,0,2,28,2,32,NonCallBack,2.1161611080169678,18250,"[17248, 704, 224]",0.4902,-13.760634422302246,0.5085711479187012
random_structured_nonfinetune_0.5,0,2,28,2,32,NonCallBack,1.9276270866394043,13290,"[12544, 512, 160]",0.2514,-0.30837833881378174,0.5293450355529785
random_structured_nonfinetune_0.8,0,2,28,2,32,NonCallBack,1.9651703834533691,5850,"[5488, 224, 64]",0.098,0.1266646385192871,2.0705249309539795
random_structured_nonfinetune_0.9,0,2,28,2,32,NonCallBack,1.9821760654449463,2554,"[2352, 96, 32]",0.0892,5.283270835876465,
random_structured_nonfinetune_0.95,0,2,28,2,32,NonCallBack,1.9796273708343506,1738,"[1568, 64, 32]",0.0892,4.959477424621582,
dense,0,2,28,2,64,NonCallBack,0,55050,"[50176, 4096, 640]",0.9597,-8.86821174621582,70.75808095932007
unstructured_finetune_0.3,0,2,28,2,64,NonCallBack,183.93899774551392,38576,"[35123, 2867, 448]",0.9768,-12.012310028076172,0.5502920150756836
unstructured_finetune_0.5,0,2,28,2,64,NonCallBack,183.9151520729065,27593,"[25088, 2048, 319]",0.9749,-11.89824104309082,3.9162659645080566
unstructured_finetune_0.8,0,2,28,2,64,NonCallBack,181.94904088974,11121,"[10035, 820, 128]",0.9687,-4.128639221191406,1.0908820629119873
unstructured_finetune_0.9,0,2,28,2,64,NonCallBack,183.18036675453186,5628,"[5017, 409, 64]",0.9558,-2.7716262340545654,0.2959418296813965
unstructured_finetune_0.95,0,2,28,2,64,NonCallBack,181.38188791275024,2884,"[2509, 205, 32]",0.9289,-0.5595626831054688,0.19927597045898438
unstructured_nonfinetune_0.3,0,2,28,2,64,NonCallBack,1.7844312191009521,38576,"[35123, 2867, 448]",0.9571,-11.001004219055176,39.886714935302734
unstructured_nonfinetune_0.5,0,2,28,2,64,NonCallBack,1.8545565605163574,27593,"[25088, 2048, 319]",0.9408,-10.113725662231445,30.5029718875885
unstructured_nonfinetune_0.8,0,2,28,2,64,NonCallBack,1.8838026523590088,11121,"[10035, 820, 128]",0.7398,-5.236822605133057,1.0816318988800049
unstructured_nonfinetune_0.9,0,2,28,2,64,NonCallBack,1.8131678104400635,5628,"[5017, 409, 64]",0.5139,-7.855531692504883,0.23667597770690918
unstructured_nonfinetune_0.95,0,2,28,2,64,NonCallBack,1.8119757175445557,2884,"[2509, 205, 32]",0.2715,-1.3719751834869385,0.10857582092285156
structured_finetune_0.3,0,2,28,2,64,NonCallBack,189.43780660629272,38746,"[35280, 2880, 448]",0.7829,3.672654151916504,
structured_finetune_0.5,0,2,28,2,64,NonCallBack,189.13667726516724,27594,"[25088, 2048, 320]",0.5854,-8.519755363464355,1.3491508960723877
structured_finetune_0.8,0,2,28,2,64,NonCallBack,184.15244054794312,10442,"[9408, 768, 128]",0.2935,-5.0138325691223145,0.038427114486694336
structured_finetune_0.9,0,2,28,2,64,NonCallBack,182.18061351776123,5290,"[4704, 384, 64]",0.199,-6.1425676345825195,0.012639999389648438
structured_finetune_0.95,0,2,28,2,64,NonCallBack,186.34312272071838,2746,"[2352, 192, 64]",0.2062,-5.993587970733643,0.01173710823059082
structured_nonfinetune_0.3,0,2,28,2,64,NonCallBack,1.8270971775054932,38746,"[35280, 2880, 448]",0.6503,-8.9138765335083,21.723971128463745
structured_nonfinetune_0.5,0,2,28,2,64,NonCallBack,1.802231788635254,27594,"[25088, 2048, 320]",0.4016,-7.22259521484375,0.5987699031829834
structured_nonfinetune_0.8,0,2,28,2,64,NonCallBack,1.9416990280151367,10442,"[9408, 768, 128]",0.0918,-0.4796137809753418,0.0233609676361084
structured_nonfinetune_0.9,0,2,28,2,64,NonCallBack,1.8434996604919434,5290,"[4704, 384, 64]",0.0974,3.582016706466675,
structured_nonfinetune_0.95,0,2,28,2,64,NonCallBack,1.795273780822754,2746,"[2352, 192, 64]",0.0974,2.947972297668457,
random_unstructured_finetune_0.3,0,2,28,2,64,NonCallBack,183.54997658729553,38576,"[35123, 2867, 448]",0.9679,-11.039491653442383,2.272490978240967
random_unstructured_finetune_0.5,0,2,28,2,64,NonCallBack,183.48038148880005,27593,"[25088, 2048, 319]",0.9517,-6.209352493286133,1.5527901649475098
random_unstructured_finetune_0.8,0,2,28,2,64,NonCallBack,183.59018540382385,11121,"[10035, 820, 128]",0.8917,3.890007257461548,
random_unstructured_finetune_0.9,0,2,28,2,64,NonCallBack,182.315279006958,5628,"[5017, 409, 64]",0.7844,7.468829154968262,
random_unstructured_finetune_0.95,0,2,28,2,64,NonCallBack,197.87819361686707,2884,"[2509, 205, 32]",0.2086,-2.110280752182007,0.05496716499328613
random_unstructured_nonfinetune_0.3,0,2,28,2,64,NonCallBack,2.0294837951660156,38576,"[35123, 2867, 448]",0.8382,-4.675833702087402,48.23383402824402
random_unstructured_nonfinetune_0.5,0,2,28,2,64,NonCallBack,1.9368839263916016,27593,"[25088, 2048, 319]",0.7238,3.191499710083008,
random_unstructured_nonfinetune_0.8,0,2,28,2,64,NonCallBack,2.0862839221954346,11121,"[10035, 820, 128]",0.1001,-9.969438552856445,0.9183011054992676
random_unstructured_nonfinetune_0.9,0,2,28,2,64,NonCallBack,1.984682321548462,5628,"[5017, 409, 64]",0.1143,2.686796188354492,
random_unstructured_nonfinetune_0.95,0,2,28,2,64,NonCallBack,1.970430612564087,2884,"[2509, 205, 32]",0.1292,2.6522462368011475,
random_structured_finetune_0.3,0,2,28,2,64,NonCallBack,198.1199951171875,38746,"[35280, 2880, 448]",0.7822,1.8071751594543457,
random_structured_finetune_0.5,0,2,28,2,64,NonCallBack,184.57795786857605,27594,"[25088, 2048, 320]",0.5913,6.769897937774658,
random_structured_finetune_0.8,0,2,28,2,64,NonCallBack,183.61186504364014,10442,"[9408, 768, 128]",0.3055,8.700265884399414,
random_structured_finetune_0.9,0,2,28,2,64,NonCallBack,183.72627758979797,5290,"[4704, 384, 64]",0.2101,1.627446174621582,
random_structured_finetune_0.95,0,2,28,2,64,NonCallBack,182.33296084403992,2746,"[2352, 192, 64]",0.2099,5.991603374481201,
random_structured_nonfinetune_0.3,0,2,28,2,64,NonCallBack,2.008967876434326,38746,"[35280, 2880, 448]",0.6418,-15.044366836547852,3.967729091644287
random_structured_nonfinetune_0.5,0,2,28,2,64,NonCallBack,1.926189661026001,27594,"[25088, 2048, 320]",0.4199,-9.007765769958496,33.90852093696594
random_structured_nonfinetune_0.8,0,2,28,2,64,NonCallBack,1.9534187316894531,10442,"[9408, 768, 128]",0.0903,-0.9347107410430908,0.02465081214904785
random_structured_nonfinetune_0.9,0,2,28,2,64,NonCallBack,1.8582141399383545,5290,"[4704, 384, 64]",0.0974,0.7978742122650146,0.0194089412689209
random_structured_nonfinetune_0.95,0,2,28,2,64,NonCallBack,2.018251419067383,2746,"[2352, 192, 64]",0.0974,3.1043217182159424,
dense,0,2,28,4,32,NonCallBack,0,28618,"[25088, 1024, 1024, 1024, 320]",0.9536,-5.158914089202881,83.45675802230835
unstructured_finetune_0.3,0,2,28,4,32,NonCallBack,202.56600069999695,20070,"[17561, 716, 716, 716, 223]",0.9675,-13.701374053955078,78.62923979759216
unstructured_finetune_0.5,0,2,28,4,32,NonCallBack,207.93198561668396,14379,"[12544, 512, 512, 512, 161]",0.9669,-14.072776794433594,63.76809597015381
unstructured_finetune_0.8,0,2,28,4,32,NonCallBack,203.28991270065308,5835,"[5018, 205, 205, 205, 64]",0.9599,-12.043091773986816,1.6422669887542725
unstructured_finetune_0.9,0,2,28,4,32,NonCallBack,203.54742550849915,2985,"[2509, 102, 102, 102, 32]",0.9397,-6.317307949066162,0.728708028793335
unstructured_finetune_0.95,0,2,28,4,32,NonCallBack,209.59857845306396,1562,"[1255, 51, 51, 51, 16]",0.8314,-1.630323886871338,0.1700887680053711
unstructured_nonfinetune_0.3,0,2,28,4,32,NonCallBack,1.8397135734558105,20070,"[17561, 716, 716, 716, 223]",0.9576,-10.334296226501465,51.17283511161804
unstructured_nonfinetune_0.5,0,2,28,4,32,NonCallBack,1.82326078414917,14379,"[12544, 512, 512, 512, 161]",0.9429,-15.31185531616211,40.5198700428009
unstructured_nonfinetune_0.8,0,2,28,4,32,NonCallBack,1.8248963356018066,5835,"[5018, 205, 205, 205, 64]",0.2914,-12.80076789855957,1.5705440044403076
unstructured_nonfinetune_0.9,0,2,28,4,32,NonCallBack,1.8301618099212646,2985,"[2509, 102, 102, 102, 32]",0.1155,-15.299295425415039,0.572227954864502
unstructured_nonfinetune_0.95,0,2,28,4,32,NonCallBack,1.8559696674346924,1562,"[1255, 51, 51, 51, 16]",0.1135,-15.2564697265625,0.07896804809570312
structured_finetune_0.3,0,2,28,4,32,NonCallBack,202.89871168136597,19722,"[17248, 704, 704, 704, 224]",0.7667,-13.069344520568848,63.20674800872803
structured_finetune_0.5,0,2,28,4,32,NonCallBack,207.4537317752838,14378,"[12544, 512, 512, 512, 160]",0.5754,2.206855297088623,
structured_finetune_0.8,0,2,28,4,32,NonCallBack,200.4443552494049,6362,"[5488, 224, 224, 224, 64]",0.3032,3.6045455932617188,
structured_finetune_0.9,0,2,28,4,32,NonCallBack,210.7307207584381,2810,"[2352, 96, 96, 96, 32]",0.2121,3.5956871509552,
structured_finetune_0.95,0,2,28,4,32,NonCallBack,202.90935492515564,1930,"[1568, 64, 64, 64, 32]",0.2094,0.28306078910827637,0.011774063110351562
structured_nonfinetune_0.3,0,2,28,4,32,NonCallBack,1.9040439128875732,19722,"[17248, 704, 704, 704, 224]",0.4914,-6.739439010620117,190.92171812057495
structured_nonfinetune_0.5,0,2,28,4,32,NonCallBack,1.8375976085662842,14378,"[12544, 512, 512, 512, 160]",0.2149,-20.257640838623047,42.704713106155396
structured_nonfinetune_0.8,0,2,28,4,32,NonCallBack,1.765669584274292,6362,"[5488, 224, 224, 224, 64]",0.0982,8.617403030395508,
structured_nonfinetune_0.9,0,2,28,4,32,NonCallBack,1.8704564571380615,2810,"[2352, 96, 96, 96, 32]",0.0982,5.400115489959717,
structured_nonfinetune_0.95,0,2,28,4,32,NonCallBack,1.7978811264038086,1930,"[1568, 64, 64, 64, 32]",0.0982,10.57819938659668,
random_unstructured_finetune_0.3,0,2,28,4,32,NonCallBack,200.97868537902832,20070,"[17561, 716, 716, 716, 223]",0.9573,-11.290484428405762,61.89577794075012
random_unstructured_finetune_0.5,0,2,28,4,32,NonCallBack,211.91751146316528,14379,"[12544, 512, 512, 512, 161]",0.9402,-6.219128131866455,59.38246202468872
random_unstructured_finetune_0.8,0,2,28,4,32,NonCallBack,209.6581540107727,5835,"[5018, 205, 205, 205, 64]",0.3377,-4.433565139770508,0.7796781063079834
random_unstructured_finetune_0.9,0,2,28,4,32,NonCallBack,203.01233315467834,2985,"[2509, 102, 102, 102, 32]",0.1135,-0.863621711730957,0.11266398429870605
random_unstructured_finetune_0.95,0,2,28,4,32,NonCallBack,202.94735455513,1562,"[1255, 51, 51, 51, 16]",0.1135,-0.002260923385620117,0.025614023208618164
random_unstructured_nonfinetune_0.3,0,2,28,4,32,NonCallBack,2.0457634925842285,20070,"[17561, 716, 716, 716, 223]",0.3611,-3.596709728240967,51.79156303405762
random_unstructured_nonfinetune_0.5,0,2,28,4,32,NonCallBack,1.9833698272705078,14379,"[12544, 512, 512, 512, 161]",0.276,0.6746083498001099,136.10050296783447
random_unstructured_nonfinetune_0.8,0,2,28,4,32,NonCallBack,2.0156757831573486,5835,"[5018, 205, 205, 205, 64]",0.1032,-12.922407150268555,1.1707019805908203
random_unstructured_nonfinetune_0.9,0,2,28,4,32,NonCallBack,2.0225470066070557,2985,"[2509, 102, 102, 102, 32]",0.0982,9.413229942321777,
random_unstructured_nonfinetune_0.95,0,2,28,4,32,NonCallBack,1.981903314590454,1562,"[1255, 51, 51, 51, 16]",0.1032,-11.722696304321289,0.03464508056640625
random_structured_finetune_0.3,0,2,28,4,32,NonCallBack,201.81810402870178,19722,"[17248, 704, 704, 704, 224]",0.7613,-4.866727352142334,0.11013293266296387
random_structured_finetune_0.5,0,2,28,4,32,NonCallBack,201.43933367729187,14378,"[12544, 512, 512, 512, 160]",0.5745,-1.499945878982544,0.03229999542236328
random_structured_finetune_0.8,0,2,28,4,32,NonCallBack,205.23741960525513,6362,"[5488, 224, 224, 224, 64]",0.2982,4.428554534912109,
random_structured_finetune_0.9,0,2,28,4,32,NonCallBack,204.0505702495575,2810,"[2352, 96, 96, 96, 32]",0.1135,-0.7444295883178711,0.015469074249267578
random_structured_finetune_0.95,0,2,28,4,32,NonCallBack,210.98086714744568,1930,"[1568, 64, 64, 64, 32]",0.1135,0.11171507835388184,0.011226892471313477
random_structured_nonfinetune_0.3,0,2,28,4,32,NonCallBack,1.9328317642211914,19722,"[17248, 704, 704, 704, 224]",0.365,-1.6416335105895996,300.0322449207306
random_structured_nonfinetune_0.5,0,2,28,4,32,NonCallBack,1.9252195358276367,14378,"[12544, 512, 512, 512, 160]",0.1343,-8.673933029174805,0.7796070575714111
random_structured_nonfinetune_0.8,0,2,28,4,32,NonCallBack,1.9341285228729248,6362,"[5488, 224, 224, 224, 64]",0.1477,-0.0002586841583251953,0.01710200309753418
random_structured_nonfinetune_0.9,0,2,28,4,32,NonCallBack,2.100567102432251,2810,"[2352, 96, 96, 96, 32]",0.0982,10.178509712219238,
random_structured_nonfinetune_0.95,0,2,28,4,32,NonCallBack,1.9641220569610596,1930,"[1568, 64, 64, 64, 32]",0.0982,12.411642074584961,
dense,0,2,28,4,64,NonCallBack,0,63370,"[50176, 4096, 4096, 4096, 640]",0.9634,6.347729682922363,
unstructured_finetune_0.3,0,2,28,4,64,NonCallBack,210.47634053230286,44438,"[35123, 2867, 2867, 2867, 448]",0.9773,5.960141658782959,
unstructured_finetune_0.5,0,2,28,4,64,NonCallBack,203.3480885028839,31817,"[25088, 2048, 2048, 2048, 319]",0.9766,2.2926840782165527,
unstructured_finetune_0.8,0,2,28,4,64,NonCallBack,208.57790637016296,12889,"[10035, 820, 820, 820, 128]",0.9731,-11.22827434539795,81.8936710357666
unstructured_finetune_0.9,0,2,28,4,64,NonCallBack,203.28964352607727,6574,"[5017, 409, 409, 409, 64]",0.9675,-10.760890007019043,52.0219030380249
unstructured_finetune_0.95,0,2,28,4,64,NonCallBack,211.232168674469,3422,"[2509, 205, 205, 205, 32]",0.9562,-0.6831469535827637,0.5031230449676514
unstructured_nonfinetune_0.3,0,2,28,4,64,NonCallBack,1.8773808479309082,44438,"[35123, 2867, 2867, 2867, 448]",0.9648,3.168333053588867,
unstructured_nonfinetune_0.5,0,2,28,4,64,NonCallBack,1.870588779449463,31817,"[25088, 2048, 2048, 2048, 319]",0.9641,5.207653045654297,
unstructured_nonfinetune_0.8,0,2,28,4,64,NonCallBack,1.8205671310424805,12889,"[10035, 820, 820, 820, 128]",0.7281,-13.14209270477295,4.853614091873169
unstructured_nonfinetune_0.9,0,2,28,4,64,NonCallBack,1.9480044841766357,6574,"[5017, 409, 409, 409, 64]",0.3529,-10.222962379455566,86.81954097747803
unstructured_nonfinetune_0.95,0,2,28,4,64,NonCallBack,1.8245735168457031,3422,"[2509, 205, 205, 205, 32]",0.1517,-10.555566787719727,0.9784889221191406
structured_finetune_0.3,0,2,28,4,64,NonCallBack,209.89296865463257,44634,"[35280, 2880, 2880, 2880, 448]",0.7953,-0.5318949222564697,291.096293926239
structured_finetune_0.5,0,2,28,4,64,NonCallBack,209.68162155151367,31818,"[25088, 2048, 2048, 2048, 320]",0.5949,-6.603786468505859,174.52909016609192
structured_finetune_0.8,0,2,28,4,64,NonCallBack,208.2434000968933,12106,"[9408, 768, 768, 768, 128]",0.3046,2.532254695892334,
structured_finetune_0.9,0,2,28,4,64,NonCallBack,201.76699256896973,6186,"[4704, 384, 384, 384, 64]",0.2077,-0.9905683994293213,2.3683278560638428
structured_finetune_0.95,0,2,28,4,64,NonCallBack,207.86597990989685,3258,"[2352, 192, 192, 192, 64]",0.1178,-11.899676322937012,0.021339893341064453
structured_nonfinetune_0.3,0,2,28,4,64,NonCallBack,1.9122259616851807,44634,"[35280, 2880, 2880, 2880, 448]",0.6944,0.9381798505783081,41.14021015167236
structured_nonfinetune_0.5,0,2,28,4,64,NonCallBack,1.8797411918640137,31818,"[25088, 2048, 2048, 2048, 320]",0.4056,3.1794958114624023,
structured_nonfinetune_0.8,0,2,28,4,64,NonCallBack,1.9042773246765137,12106,"[9408, 768, 768, 768, 128]",0.1,-10.233966827392578,14.73141598701477
structured_nonfinetune_0.9,0,2,28,4,64,NonCallBack,1.8624989986419678,6186,"[4704, 384, 384, 384, 64]",0.1024,-9.625227928161621,5.143443822860718
structured_nonfinetune_0.95,0,2,28,4,64,NonCallBack,1.823411226272583,3258,"[2352, 192, 192, 192, 64]",0.0892,3.1037609577178955,
random_unstructured_finetune_0.3,0,2,28,4,64,NonCallBack,213.34482622146606,44438,"[35123, 2867, 2867, 2867, 448]",0.9726,7.222861289978027,
random_unstructured_finetune_0.5,0,2,28,4,64,NonCallBack,203.22748684883118,31817,"[25088, 2048, 2048, 2048, 319]",0.9606,6.016415596008301,
random_unstructured_finetune_0.8,0,2,28,4,64,NonCallBack,204.14145374298096,12889,"[10035, 820, 820, 820, 128]",0.5981,-5.4268598556518555,2.2528438568115234
random_unstructured_finetune_0.9,0,2,28,4,64,NonCallBack,210.85028100013733,6574,"[5017, 409, 409, 409, 64]",0.1135,-1.2568011283874512,1.4104888439178467
random_unstructured_finetune_0.95,0,2,28,4,64,NonCallBack,202.8309223651886,3422,"[2509, 205, 205, 205, 32]",0.1135,0.2912226915359497,0.20695710182189941
random_unstructured_nonfinetune_0.3,0,2,28,4,64,NonCallBack,1.9494504928588867,44438,"[35123, 2867, 2867, 2867, 448]",0.7336,9.597820281982422,
random_unstructured_nonfinetune_0.5,0,2,28,4,64,NonCallBack,1.9822838306427002,31817,"[25088, 2048, 2048, 2048, 319]",0.2383,-2.1766958236694336,4.243405103683472
random_unstructured_nonfinetune_0.8,0,2,28,4,64,NonCallBack,1.9993510246276855,12889,"[10035, 820, 820, 820, 128]",0.1733,-0.2393965721130371,232.85818099975586
random_unstructured_nonfinetune_0.9,0,2,28,4,64,NonCallBack,1.9644455909729004,6574,"[5017, 409, 409, 409, 64]",0.0892,-4.284487724304199,1.1561591625213623
random_unstructured_nonfinetune_0.95,0,2,28,4,64,NonCallBack,1.9864332675933838,3422,"[2509, 205, 205, 205, 32]",0.0892,-1.6836938858032227,0.14790892601013184
random_structured_finetune_0.3,0,2,28,4,64,NonCallBack,204.61375904083252,44634,"[35280, 2880, 2880, 2880, 448]",0.7807,-2.6575942039489746,87.65683698654175
random_structured_finetune_0.5,0,2,28,4,64,NonCallBack,203.1061511039734,31818,"[25088, 2048, 2048, 2048, 320]",0.5958,-4.902933597564697,0.0987250804901123
random_structured_finetune_0.8,0,2,28,4,64,NonCallBack,202.60297226905823,12106,"[9408, 768, 768, 768, 128]",0.2902,1.1439712047576904,
random_structured_finetune_0.9,0,2,28,4,64,NonCallBack,205.58049893379211,6186,"[4704, 384, 384, 384, 64]",0.1135,-4.834779739379883,0.021138906478881836
random_structured_finetune_0.95,0,2,28,4,64,NonCallBack,203.61994886398315,3258,"[2352, 192, 192, 192, 64]",0.1135,-6.206651210784912,0.05736899375915527
random_structured_nonfinetune_0.3,0,2,28,4,64,NonCallBack,1.9708976745605469,44634,"[35280, 2880, 2880, 2880, 448]",0.5754,-9.636077880859375,70.30708408355713
random_structured_nonfinetune_0.5,0,2,28,4,64,NonCallBack,1.986424207687378,31818,"[25088, 2048, 2048, 2048, 320]",0.3357,-13.244266510009766,3.817835807800293
random_structured_nonfinetune_0.8,0,2,28,4,64,NonCallBack,1.9668352603912354,12106,"[9408, 768, 768, 768, 128]",0.1174,-2.2292840480804443,0.05847907066345215
random_structured_nonfinetune_0.9,0,2,28,4,64,NonCallBack,1.9260780811309814,6186,"[4704, 384, 384, 384, 64]",0.1009,1.4807255268096924,
random_structured_nonfinetune_0.95,0,2,28,4,64,NonCallBack,1.9864869117736816,3258,"[2352, 192, 192, 192, 64]",0.0892,2.6523807048797607,
dense,0,2,18,2,32,NonCallBack,0,11786,"[10368, 1024, 320]",0.9512,-17.647178649902344,1.0769038200378418
unstructured_finetune_0.3,0,2,18,2,32,NonCallBack,183.1111297607422,8270,"[7257, 716, 223]",0.9569,-30.31289291381836,0.7484769821166992
unstructured_finetune_0.5,0,2,18,2,32,NonCallBack,180.44021320343018,5931,"[5184, 512, 161]",0.9567,-19.91637420654297,0.4403269290924072
unstructured_finetune_0.8,0,2,18,2,32,NonCallBack,182.00771403312683,2417,"[2074, 205, 64]",0.9445,-26.028484344482422,0.2114880084991455
unstructured_finetune_0.9,0,2,18,2,32,NonCallBack,184.1176404953003,1245,"[1037, 102, 32]",0.9179,-9.534019470214844,0.13171815872192383
unstructured_finetune_0.95,0,2,18,2,32,NonCallBack,183.04320859909058,660,"[519, 51, 16]",0.8777,-10.519556045532227,0.03197312355041504
unstructured_nonfinetune_0.3,0,2,18,2,32,NonCallBack,1.93086838722229,8270,"[7257, 716, 223]",0.9502,-30.39719009399414,0.628925085067749
unstructured_nonfinetune_0.5,0,2,18,2,32,NonCallBack,1.7866978645324707,5931,"[5184, 512, 161]",0.8942,-29.650482177734375,0.5705227851867676
unstructured_nonfinetune_0.8,0,2,18,2,32,NonCallBack,1.945727825164795,2417,"[2074, 205, 64]",0.4006,-15.364856719970703,0.1700458526611328
unstructured_nonfinetune_0.9,0,2,18,2,32,NonCallBack,1.8852057456970215,1245,"[1037, 102, 32]",0.1203,-12.616632461547852,0.03587913513183594
unstructured_nonfinetune_0.95,0,2,18,2,32,NonCallBack,1.866818904876709,660,"[519, 51, 16]",0.1379,2.763488292694092,
structured_finetune_0.3,0,2,18,2,32,NonCallBack,182.58874607086182,8130,"[7128, 704, 224]",0.7583,-16.340457916259766,0.556999921798706
structured_finetune_0.5,0,2,18,2,32,NonCallBack,181.05170130729675,5930,"[5184, 512, 160]",0.5677,3.5628011226654053,
structured_finetune_0.8,0,2,18,2,32,NonCallBack,186.89292860031128,2630,"[2268, 224, 64]",0.2931,1.2259114980697632,
structured_finetune_0.9,0,2,18,2,32,NonCallBack,184.18032932281494,1174,"[972, 96, 32]",0.1969,1.7437331676483154,
structured_finetune_0.95,0,2,18,2,32,NonCallBack,183.8866114616394,818,"[648, 64, 32]",0.1945,-3.7512831687927246,0.006044864654541016
structured_nonfinetune_0.3,0,2,18,2,32,NonCallBack,1.7832295894622803,8130,"[7128, 704, 224]",0.5641,-16.247840881347656,0.6977958679199219
structured_nonfinetune_0.5,0,2,18,2,32,NonCallBack,1.8424944877624512,5930,"[5184, 512, 160]",0.3962,-14.790950775146484,3.042917013168335
structured_nonfinetune_0.8,0,2,18,2,32,NonCallBack,1.8063018321990967,2630,"[2268, 224, 64]",0.0926,-3.4147844314575195,0.04009604454040527
structured_nonfinetune_0.9,0,2,18,2,32,NonCallBack,1.8754606246948242,1174,"[972, 96, 32]",0.0896,-15.093572616577148,0.009006977081298828
structured_nonfinetune_0.95,0,2,18,2,32,NonCallBack,1.8794140815734863,818,"[648, 64, 32]",0.0893,-3.6365294456481934,0.0192108154296875
random_unstructured_finetune_0.3,0,2,18,2,32,NonCallBack,184.38875818252563,8270,"[7257, 716, 223]",0.9439,-15.095054626464844,0.32240891456604004
random_unstructured_finetune_0.5,0,2,18,2,32,NonCallBack,185.3454806804657,5931,"[5184, 512, 161]",0.9251,-13.455116271972656,0.40383100509643555
random_unstructured_finetune_0.8,0,2,18,2,32,NonCallBack,184.79590702056885,2417,"[2074, 205, 64]",0.7845,4.039272785186768,
random_unstructured_finetune_0.9,0,2,18,2,32,NonCallBack,183.84604597091675,1245,"[1037, 102, 32]",0.3587,0.6881389617919922,0.03682589530944824
random_unstructured_finetune_0.95,0,2,18,2,32,NonCallBack,184.28416800498962,660,"[519, 51, 16]",0.1679,-2.8752260208129883,0.024557828903198242
random_unstructured_nonfinetune_0.3,0,2,18,2,32,NonCallBack,2.015725612640381,8270,"[7257, 716, 223]",0.6855,-17.667484283447266,0.4445171356201172
random_unstructured_nonfinetune_0.5,0,2,18,2,32,NonCallBack,2.095698356628418,5931,"[5184, 512, 161]",0.2479,-14.118212699890137,0.45740818977355957
random_unstructured_nonfinetune_0.8,0,2,18,2,32,NonCallBack,2.057621479034424,2417,"[2074, 205, 64]",0.0972,-0.16895008087158203,0.07091617584228516
random_unstructured_nonfinetune_0.9,0,2,18,2,32,NonCallBack,2.023683786392212,1245,"[1037, 102, 32]",0.0892,3.3709452152252197,
random_unstructured_nonfinetune_0.95,0,2,18,2,32,NonCallBack,2.018002510070801,660,"[519, 51, 16]",0.0892,7.748002052307129,
random_structured_finetune_0.3,0,2,18,2,32,NonCallBack,182.72520804405212,8130,"[7128, 704, 224]",0.7464,0.3155931234359741,0.024653911590576172
random_structured_finetune_0.5,0,2,18,2,32,NonCallBack,198.21399545669556,5930,"[5184, 512, 160]",0.5772,-4.896611213684082,0.015256166458129883
random_structured_finetune_0.8,0,2,18,2,32,NonCallBack,184.99675965309143,2630,"[2268, 224, 64]",0.2855,-2.037679672241211,0.10872793197631836
random_structured_finetune_0.9,0,2,18,2,32,NonCallBack,182.917560338974,1174,"[972, 96, 32]",0.169,-3.0685691833496094,0.005109071731567383
random_structured_finetune_0.95,0,2,18,2,32,NonCallBack,200.25282168388367,818,"[648, 64, 32]",0.2047,-2.2477123737335205,0.004840850830078125
random_structured_nonfinetune_0.3,0,2,18,2,32,NonCallBack,2.0159802436828613,8130,"[7128, 704, 224]",0.336,-17.46403694152832,0.18746495246887207
random_structured_nonfinetune_0.5,0,2,18,2,32,NonCallBack,1.8927271366119385,5930,"[5184, 512, 160]",0.2925,-17.327255249023438,0.22980999946594238
random_structured_nonfinetune_0.8,0,2,18,2,32,NonCallBack,2.0177011489868164,2630,"[2268, 224, 64]",0.1989,-9.866081237792969,0.04549908638000488
random_structured_nonfinetune_0.9,0,2,18,2,32,NonCallBack,1.952751636505127,1174,"[972, 96, 32]",0.0892,0.24100923538208008,0.005568981170654297
random_structured_nonfinetune_0.95,0,2,18,2,32,NonCallBack,1.9558792114257812,818,"[648, 64, 32]",0.0892,-0.023647427558898926,0.004841804504394531
dense,0,2,18,2,64,NonCallBack,0,25610,"[20736, 4096, 640]",0.9631,-19.73768424987793,3.912316083908081
unstructured_finetune_0.3,0,2,18,2,64,NonCallBack,186.57099676132202,17968,"[14515, 2867, 448]",0.9699,-19.71744155883789,0.3236410617828369
unstructured_finetune_0.5,0,2,18,2,64,NonCallBack,184.3868486881256,12873,"[10368, 2048, 319]",0.9697,-19.297269821166992,2.023798942565918
unstructured_finetune_0.8,0,2,18,2,64,NonCallBack,182.99839305877686,5233,"[4147, 820, 128]",0.9628,-16.93621063232422,0.6877479553222656
unstructured_finetune_0.9,0,2,18,2,64,NonCallBack,183.21165585517883,2685,"[2074, 409, 64]",0.9483,-16.988384246826172,0.268420934677124
unstructured_finetune_0.95,0,2,18,2,64,NonCallBack,180.0191707611084,1411,"[1036, 205, 32]",0.9313,-7.44980525970459,0.07246589660644531
unstructured_nonfinetune_0.3,0,2,18,2,64,NonCallBack,1.899507999420166,17968,"[14515, 2867, 448]",0.9623,-19.69328498840332,1.5218079090118408
unstructured_nonfinetune_0.5,0,2,18,2,64,NonCallBack,1.9078094959259033,12873,"[10368, 2048, 319]",0.9607,-19.32076644897461,2.226712942123413
unstructured_nonfinetune_0.8,0,2,18,2,64,NonCallBack,1.857435703277588,5233,"[4147, 820, 128]",0.7705,-15.562856674194336,0.7572300434112549
unstructured_nonfinetune_0.9,0,2,18,2,64,NonCallBack,1.9005963802337646,2685,"[2074, 409, 64]",0.5301,2.220308780670166,
unstructured_nonfinetune_0.95,0,2,18,2,64,NonCallBack,1.8773384094238281,1411,"[1036, 205, 32]",0.2198,8.171958923339844,
structured_finetune_0.3,0,2,18,2,64,NonCallBack,183.78402829170227,18046,"[14580, 2880, 448]",0.7715,-13.254826545715332,0.8283848762512207
structured_finetune_0.5,0,2,18,2,64,NonCallBack,185.91445565223694,12874,"[10368, 2048, 320]",0.5835,-0.2902662754058838,0.030327796936035156
structured_finetune_0.8,0,2,18,2,64,NonCallBack,185.20064091682434,4922,"[3888, 768, 128]",0.2965,0.46144819259643555,0.011581897735595703
structured_finetune_0.9,0,2,18,2,64,NonCallBack,180.63317251205444,2530,"[1944, 384, 64]",0.1955,-0.12433958053588867,0.008173942565917969
structured_finetune_0.95,0,2,18,2,64,NonCallBack,184.02030992507935,1366,"[972, 192, 64]",0.1942,-0.7506542205810547,0.006958961486816406
structured_nonfinetune_0.3,0,2,18,2,64,NonCallBack,1.8251488208770752,18046,"[14580, 2880, 448]",0.6095,-19.619234085083008,1.9188389778137207
structured_nonfinetune_0.5,0,2,18,2,64,NonCallBack,1.891345739364624,12874,"[10368, 2048, 320]",0.3894,-17.529170989990234,0.7258918285369873
structured_nonfinetune_0.8,0,2,18,2,64,NonCallBack,1.869844913482666,4922,"[3888, 768, 128]",0.119,-3.7135066986083984,0.06170916557312012
structured_nonfinetune_0.9,0,2,18,2,64,NonCallBack,1.875474214553833,2530,"[1944, 384, 64]",0.1738,0.14090728759765625,0.008612871170043945
structured_nonfinetune_0.95,0,2,18,2,64,NonCallBack,1.847698450088501,1366,"[972, 192, 64]",0.1672,0.34705352783203125,0.0065059661865234375
random_unstructured_finetune_0.3,0,2,18,2,64,NonCallBack,185.25005650520325,17968,"[14515, 2867, 448]",0.9584,-12.652332305908203,0.6849181652069092
random_unstructured_finetune_0.5,0,2,18,2,64,NonCallBack,184.70328187942505,12873,"[10368, 2048, 319]",0.9433,-20.16815185546875,0.6965470314025879
random_unstructured_finetune_0.8,0,2,18,2,64,NonCallBack,187.25244975090027,5233,"[4147, 820, 128]",0.865,-5.738583564758301,0.2378849983215332
random_unstructured_finetune_0.9,0,2,18,2,64,NonCallBack,200.968740940094,2685,"[2074, 409, 64]",0.5525,-2.313537836074829,0.09169316291809082
random_unstructured_finetune_0.95,0,2,18,2,64,NonCallBack,184.75517892837524,1411,"[1036, 205, 32]",0.1353,-0.3651909828186035,0.023305177688598633
random_unstructured_nonfinetune_0.3,0,2,18,2,64,NonCallBack,2.010495662689209,17968,"[14515, 2867, 448]",0.6863,-8.696958541870117,0.2536320686340332
random_unstructured_nonfinetune_0.5,0,2,18,2,64,NonCallBack,2.0513267517089844,12873,"[10368, 2048, 319]",0.3254,-12.157442092895508,1.1403439044952393
random_unstructured_nonfinetune_0.8,0,2,18,2,64,NonCallBack,2.0218653678894043,5233,"[4147, 820, 128]",0.2196,-9.557168960571289,0.23274993896484375
random_unstructured_nonfinetune_0.9,0,2,18,2,64,NonCallBack,1.9082322120666504,2685,"[2074, 409, 64]",0.1029,-5.029876708984375,0.1827709674835205
random_unstructured_nonfinetune_0.95,0,2,18,2,64,NonCallBack,2.0305545330047607,1411,"[1036, 205, 32]",0.1152,-5.745722770690918,0.06088089942932129
random_structured_finetune_0.3,0,2,18,2,64,NonCallBack,186.2260181903839,18046,"[14580, 2880, 448]",0.7669,-13.365523338317871,0.6126759052276611
random_structured_finetune_0.5,0,2,18,2,64,NonCallBack,186.0354826450348,12874,"[10368, 2048, 320]",0.5843,-0.07723557949066162,0.028084993362426758
random_structured_finetune_0.8,0,2,18,2,64,NonCallBack,186.6298496723175,4922,"[3888, 768, 128]",0.2994,2.350644111633301,
random_structured_finetune_0.9,0,2,18,2,64,NonCallBack,185.14358234405518,2530,"[1944, 384, 64]",0.2044,-2.2637181282043457,0.0072138309478759766
random_structured_finetune_0.95,0,2,18,2,64,NonCallBack,199.05011343955994,1366,"[972, 192, 64]",0.1803,1.5358476638793945,
random_structured_nonfinetune_0.3,0,2,18,2,64,NonCallBack,2.0300586223602295,18046,"[14580, 2880, 448]",0.6897,-24.893402099609375,0.8691298961639404
random_structured_nonfinetune_0.5,0,2,18,2,64,NonCallBack,1.9651050567626953,12874,"[10368, 2048, 320]",0.3596,-7.496770858764648,0.6035540103912354
random_structured_nonfinetune_0.8,0,2,18,2,64,NonCallBack,2.0091326236724854,4922,"[3888, 768, 128]",0.1308,-3.4834399223327637,0.027976036071777344
random_structured_nonfinetune_0.9,0,2,18,2,64,NonCallBack,1.9081130027770996,2530,"[1944, 384, 64]",0.0958,-0.17102110385894775,0.006685972213745117
random_structured_nonfinetune_0.95,0,2,18,2,64,NonCallBack,2.051222085952759,1366,"[972, 192, 64]",0.0958,2.550854206085205,
dense,0,2,18,4,32,NonCallBack,0,13898,"[10368, 1024, 1024, 1024, 320]",0.9533,-19.454763412475586,3.8826658725738525
unstructured_finetune_0.3,0,2,18,4,32,NonCallBack,208.22523164749146,9766,"[7257, 716, 716, 716, 223]",0.9631,-19.410316467285156,2.9349939823150635
unstructured_finetune_0.5,0,2,18,4,32,NonCallBack,209.63114619255066,7019,"[5184, 512, 512, 512, 161]",0.962,-19.197011947631836,1.164458990097046
unstructured_finetune_0.8,0,2,18,4,32,NonCallBack,209.63908314704895,2891,"[2074, 205, 205, 205, 64]",0.9522,-17.182231903076172,0.9885962009429932
unstructured_finetune_0.9,0,2,18,4,32,NonCallBack,206.13778519630432,1513,"[1037, 102, 102, 102, 32]",0.9287,-16.615371704101562,0.2856419086456299
unstructured_finetune_0.95,0,2,18,4,32,NonCallBack,201.92075538635254,826,"[519, 51, 51, 51, 16]",0.8461,-8.050033569335938,0.14388298988342285
unstructured_nonfinetune_0.3,0,2,18,4,32,NonCallBack,1.8667423725128174,9766,"[7257, 716, 716, 716, 223]",0.9509,-19.278362274169922,45.22685098648071
unstructured_nonfinetune_0.5,0,2,18,4,32,NonCallBack,1.968329906463623,7019,"[5184, 512, 512, 512, 161]",0.9293,-18.472442626953125,31.263829946517944
unstructured_nonfinetune_0.8,0,2,18,4,32,NonCallBack,1.8890511989593506,2891,"[2074, 205, 205, 205, 64]",0.3568,-12.694236755371094,0.9975628852844238
unstructured_nonfinetune_0.9,0,2,18,4,32,NonCallBack,1.8808398246765137,1513,"[1037, 102, 102, 102, 32]",0.085,-2.459374189376831,0.8495149612426758
unstructured_nonfinetune_0.95,0,2,18,4,32,NonCallBack,1.8536994457244873,826,"[519, 51, 51, 51, 16]",0.1004,-4.209789276123047,0.04971599578857422
structured_finetune_0.3,0,2,18,4,32,NonCallBack,206.89964509010315,9602,"[7128, 704, 704, 704, 224]",0.765,0.20970797538757324,0.1940479278564453
structured_finetune_0.5,0,2,18,4,32,NonCallBack,202.70554280281067,7018,"[5184, 512, 512, 512, 160]",0.5647,1.159637212753296,
structured_finetune_0.8,0,2,18,4,32,NonCallBack,208.73522114753723,3142,"[2268, 224, 224, 224, 64]",0.2915,0.5962886810302734,0.03518486022949219
structured_finetune_0.9,0,2,18,4,32,NonCallBack,208.91255569458008,1430,"[972, 96, 96, 96, 32]",0.2093,-1.4858689308166504,0.008885860443115234
structured_finetune_0.95,0,2,18,4,32,NonCallBack,202.2936372756958,1010,"[648, 64, 64, 64, 32]",0.2084,-1.1560139656066895,0.007651090621948242
structured_nonfinetune_0.3,0,2,18,4,32,NonCallBack,1.8303959369659424,9602,"[7128, 704, 704, 704, 224]",0.5616,-18.056774139404297,29.361711025238037
structured_nonfinetune_0.5,0,2,18,4,32,NonCallBack,1.8226001262664795,7018,"[5184, 512, 512, 512, 160]",0.3338,-26.62363052368164,0.8653888702392578
structured_nonfinetune_0.8,0,2,18,4,32,NonCallBack,1.8892266750335693,3142,"[2268, 224, 224, 224, 64]",0.101,-3.3585519790649414,0.010229825973510742
structured_nonfinetune_0.9,0,2,18,4,32,NonCallBack,1.9104127883911133,1430,"[972, 96, 96, 96, 32]",0.0951,1.602839469909668,
structured_nonfinetune_0.95,0,2,18,4,32,NonCallBack,1.976839542388916,1010,"[648, 64, 64, 64, 32]",0.101,-12.0767822265625,0.011877059936523438
random_unstructured_finetune_0.3,0,2,18,4,32,NonCallBack,214.26188802719116,9766,"[7257, 716, 716, 716, 223]",0.9476,-26.797271728515625,1.2421739101409912
random_unstructured_finetune_0.5,0,2,18,4,32,NonCallBack,215.2249629497528,7019,"[5184, 512, 512, 512, 161]",0.9271,-12.082147598266602,0.7198441028594971
random_unstructured_finetune_0.8,0,2,18,4,32,NonCallBack,213.08044004440308,2891,"[2074, 205, 205, 205, 64]",0.4285,-5.950428485870361,0.4231419563293457
random_unstructured_finetune_0.9,0,2,18,4,32,NonCallBack,212.5197515487671,1513,"[1037, 102, 102, 102, 32]",0.1135,-10.190860748291016,0.04070281982421875
random_unstructured_finetune_0.95,0,2,18,4,32,NonCallBack,202.9728057384491,826,"[519, 51, 51, 51, 16]",0.1135,-6.616848945617676,0.010725975036621094
random_unstructured_nonfinetune_0.3,0,2,18,4,32,NonCallBack,1.929448127746582,9766,"[7257, 716, 716, 716, 223]",0.4058,-24.581146240234375,2.283559799194336
random_unstructured_nonfinetune_0.5,0,2,18,4,32,NonCallBack,1.9813435077667236,7019,"[5184, 512, 512, 512, 161]",0.267,-0.08632862567901611,121.79238986968994
random_unstructured_nonfinetune_0.8,0,2,18,4,32,NonCallBack,2.0022664070129395,2891,"[2074, 205, 205, 205, 64]",0.1135,-9.78815746307373,0.49977898597717285
random_unstructured_nonfinetune_0.9,0,2,18,4,32,NonCallBack,2.00152325630188,1513,"[1037, 102, 102, 102, 32]",0.153,-0.5469417572021484,0.06569695472717285
random_unstructured_nonfinetune_0.95,0,2,18,4,32,NonCallBack,1.9333531856536865,826,"[519, 51, 51, 51, 16]",0.101,-10.667665481567383,0.012365102767944336
random_structured_finetune_0.3,0,2,18,4,32,NonCallBack,203.3842453956604,9602,"[7128, 704, 704, 704, 224]",0.7653,-15.503561019897461,0.7146620750427246
random_structured_finetune_0.5,0,2,18,4,32,NonCallBack,203.01556754112244,7018,"[5184, 512, 512, 512, 160]",0.5521,0.07261228561401367,0.05387091636657715
random_structured_finetune_0.8,0,2,18,4,32,NonCallBack,212.35040998458862,3142,"[2268, 224, 224, 224, 64]",0.2932,-2.458526849746704,0.02161717414855957
random_structured_finetune_0.9,0,2,18,4,32,NonCallBack,212.78417563438416,1430,"[972, 96, 96, 96, 32]",0.1774,-0.03013467788696289,0.007896184921264648
random_structured_finetune_0.95,0,2,18,4,32,NonCallBack,204.4531285762787,1010,"[648, 64, 64, 64, 32]",0.1135,-0.5471017360687256,0.005745887756347656
random_structured_nonfinetune_0.3,0,2,18,4,32,NonCallBack,1.9855265617370605,9602,"[7128, 704, 704, 704, 224]",0.2256,-8.53038215637207,1.7183029651641846
random_structured_nonfinetune_0.5,0,2,18,4,32,NonCallBack,2.028601884841919,7018,"[5184, 512, 512, 512, 160]",0.1879,-5.771929740905762,31.485363006591797
random_structured_nonfinetune_0.8,0,2,18,4,32,NonCallBack,1.978395700454712,3142,"[2268, 224, 224, 224, 64]",0.101,-2.807445526123047,0.008804082870483398
random_structured_nonfinetune_0.9,0,2,18,4,32,NonCallBack,2.066206932067871,1430,"[972, 96, 96, 96, 32]",0.0987,-5.968573570251465,0.08288097381591797
random_structured_nonfinetune_0.95,0,2,18,4,32,NonCallBack,2.095518112182617,1010,"[648, 64, 64, 64, 32]",0.0982,5.253733158111572,
dense,0,2,18,4,64,NonCallBack,0,33930,"[20736, 4096, 4096, 4096, 640]",0.9634,5.337536811828613,
unstructured_finetune_0.3,0,2,18,4,64,NonCallBack,209.1152081489563,23830,"[14515, 2867, 2867, 2867, 448]",0.9754,-0.13005781173706055,155.68846702575684
unstructured_finetune_0.5,0,2,18,4,64,NonCallBack,209.32586932182312,17097,"[10368, 2048, 2048, 2048, 319]",0.975,3.0189712047576904,
unstructured_finetune_0.8,0,2,18,4,64,NonCallBack,212.04610061645508,7001,"[4147, 820, 820, 820, 128]",0.9687,-12.608987808227539,215.64767003059387
unstructured_finetune_0.9,0,2,18,4,64,NonCallBack,201.5507481098175,3631,"[2074, 409, 409, 409, 64]",0.9591,-8.643199920654297,1.7783739566802979
unstructured_finetune_0.95,0,2,18,4,64,NonCallBack,202.39983463287354,1949,"[1036, 205, 205, 205, 32]",0.9341,-2.810214042663574,0.6564059257507324
unstructured_nonfinetune_0.3,0,2,18,4,64,NonCallBack,1.8981537818908691,23830,"[14515, 2867, 2867, 2867, 448]",0.9642,0.24602460861206055,109.90906405448914
unstructured_nonfinetune_0.5,0,2,18,4,64,NonCallBack,1.9597055912017822,17097,"[10368, 2048, 2048, 2048, 319]",0.9426,-1.4197132587432861,262.1407639980316
unstructured_nonfinetune_0.8,0,2,18,4,64,NonCallBack,1.8725848197937012,7001,"[4147, 820, 820, 820, 128]",0.681,0.9801692962646484,261.46644115448
unstructured_nonfinetune_0.9,0,2,18,4,64,NonCallBack,1.963409185409546,3631,"[2074, 409, 409, 409, 64]",0.1189,-18.02864646911621,1.1041271686553955
unstructured_nonfinetune_0.95,0,2,18,4,64,NonCallBack,2.1497416496276855,1949,"[1036, 205, 205, 205, 32]",0.0892,-4.157082557678223,0.36507415771484375
structured_finetune_0.3,0,2,18,4,64,NonCallBack,209.08360981941223,23934,"[14580, 2880, 2880, 2880, 448]",0.7852,-2.7852911949157715,0.6001391410827637
structured_finetune_0.5,0,2,18,4,64,NonCallBack,210.7671730518341,17098,"[10368, 2048, 2048, 2048, 320]",0.5862,3.05334734916687,
structured_finetune_0.8,0,2,18,4,64,NonCallBack,208.2485749721527,6586,"[3888, 768, 768, 768, 128]",0.3022,4.976751327514648,
structured_finetune_0.9,0,2,18,4,64,NonCallBack,207.74159979820251,3426,"[1944, 384, 384, 384, 64]",0.2126,1.9946892261505127,
structured_finetune_0.95,0,2,18,4,64,NonCallBack,205.3738055229187,1878,"[972, 192, 192, 192, 64]",0.2105,2.162936210632324,
structured_nonfinetune_0.3,0,2,18,4,64,NonCallBack,1.8865580558776855,23934,"[14580, 2880, 2880, 2880, 448]",0.6353,-1.5796246528625488,0.10495114326477051
structured_nonfinetune_0.5,0,2,18,4,64,NonCallBack,1.8752586841583252,17098,"[10368, 2048, 2048, 2048, 320]",0.3339,-5.578343391418457,0.03601503372192383
structured_nonfinetune_0.8,0,2,18,4,64,NonCallBack,1.8342599868774414,6586,"[3888, 768, 768, 768, 128]",0.0892,0.025875091552734375,0.01346898078918457
structured_nonfinetune_0.9,0,2,18,4,64,NonCallBack,1.8558158874511719,3426,"[1944, 384, 384, 384, 64]",0.0892,0.8585488796234131,0.010047197341918945
structured_nonfinetune_0.95,0,2,18,4,64,NonCallBack,1.899763822555542,1878,"[972, 192, 192, 192, 64]",0.0892,4.129976749420166,
random_unstructured_finetune_0.3,0,2,18,4,64,NonCallBack,203.59769654273987,23830,"[14515, 2867, 2867, 2867, 448]",0.9655,0.4089529514312744,112.9200930595398
random_unstructured_finetune_0.5,0,2,18,4,64,NonCallBack,204.01150059700012,17097,"[10368, 2048, 2048, 2048, 319]",0.9495,5.546481132507324,
random_unstructured_finetune_0.8,0,2,18,4,64,NonCallBack,203.25505542755127,7001,"[4147, 820, 820, 820, 128]",0.369,-11.290833473205566,1.1422791481018066
random_unstructured_finetune_0.9,0,2,18,4,64,NonCallBack,206.719970703125,3631,"[2074, 409, 409, 409, 64]",0.1135,-3.7842860221862793,0.8500030040740967
random_unstructured_finetune_0.95,0,2,18,4,64,NonCallBack,199.6480357646942,1949,"[1036, 205, 205, 205, 32]",0.1135,0.9639101028442383,0.07332396507263184
random_unstructured_nonfinetune_0.3,0,2,18,4,64,NonCallBack,2.0479238033294678,23830,"[14515, 2867, 2867, 2867, 448]",0.6928,-7.267636299133301,156.72372698783875
random_unstructured_nonfinetune_0.5,0,2,18,4,64,NonCallBack,2.045123338699341,17097,"[10368, 2048, 2048, 2048, 319]",0.282,3.5345730781555176,
random_unstructured_nonfinetune_0.8,0,2,18,4,64,NonCallBack,2.080754518508911,7001,"[4147, 820, 820, 820, 128]",0.1221,-1.9839534759521484,28.983678817749023
random_unstructured_nonfinetune_0.9,0,2,18,4,64,NonCallBack,2.014651298522949,3631,"[2074, 409, 409, 409, 64]",0.0892,0.8232057094573975,1.4378631114959717
random_unstructured_nonfinetune_0.95,0,2,18,4,64,NonCallBack,2.0111708641052246,1949,"[1036, 205, 205, 205, 32]",0.0892,0.04387497901916504,0.15636205673217773
random_structured_finetune_0.3,0,2,18,4,64,NonCallBack,205.03098917007446,23934,"[14580, 2880, 2880, 2880, 448]",0.7881,-2.840528726577759,0.24223899841308594
random_structured_finetune_0.5,0,2,18,4,64,NonCallBack,213.8940680027008,17098,"[10368, 2048, 2048, 2048, 320]",0.5868,-9.491510391235352,1.2946341037750244
random_structured_finetune_0.8,0,2,18,4,64,NonCallBack,214.73466229438782,6586,"[3888, 768, 768, 768, 128]",0.2991,-0.486214280128479,0.015900850296020508
random_structured_finetune_0.9,0,2,18,4,64,NonCallBack,214.90963101387024,3426,"[1944, 384, 384, 384, 64]",0.1135,3.947356700897217,
random_structured_finetune_0.95,0,2,18,4,64,NonCallBack,214.28934788703918,1878,"[972, 192, 192, 192, 64]",0.1135,-4.002071380615234,0.010085821151733398
random_structured_nonfinetune_0.3,0,2,18,4,64,NonCallBack,2.064953327178955,23934,"[14580, 2880, 2880, 2880, 448]",0.5714,-13.852749824523926,46.29297113418579
random_structured_nonfinetune_0.5,0,2,18,4,64,NonCallBack,2.0358505249023438,17098,"[10368, 2048, 2048, 2048, 320]",0.3752,-12.110095977783203,3.1651649475097656
random_structured_nonfinetune_0.8,0,2,18,4,64,NonCallBack,1.9887797832489014,6586,"[3888, 768, 768, 768, 128]",0.0892,2.297086238861084,
random_structured_nonfinetune_0.9,0,2,18,4,64,NonCallBack,2.0199851989746094,3426,"[1944, 384, 384, 384, 64]",0.0892,0.8517355918884277,0.0108489990234375
random_structured_nonfinetune_0.95,0,2,18,4,64,NonCallBack,2.0479655265808105,1878,"[972, 192, 192, 192, 64]",0.0892,3.8769068717956543,
dense,10,12,28,2,32,NonCallBack,0,26505,"[25087, 1024, 320]",0.9511,-12.208305358886719,7.181386947631836
unstructured_finetune_0.3,10,12,28,2,32,NonCallBack,179.81543350219727,18574,"[17561, 716, 223]",0.9635,-14.588838577270508,2.038856029510498
unstructured_finetune_0.5,10,12,28,2,32,NonCallBack,182.00239396095276,13291,"[12544, 512, 161]",0.9621,-14.432270050048828,1.419306993484497
unstructured_finetune_0.8,10,12,28,2,32,NonCallBack,182.5804853439331,5361,"[5018, 205, 64]",0.9524,-9.081754684448242,0.4169638156890869
unstructured_finetune_0.9,10,12,28,2,32,NonCallBack,182.62422132492065,2717,"[2509, 102, 32]",0.9331,-9.99744987487793,0.2074880599975586
unstructured_finetune_0.95,10,12,28,2,32,NonCallBack,179.96712827682495,1396,"[1255, 51, 16]",0.8437,-1.9837262630462646,0.05664491653442383
unstructured_nonfinetune_0.3,10,12,28,2,32,NonCallBack,1.850907802581787,18574,"[17561, 716, 223]",0.9239,-12.121784210205078,14.486368894577026
unstructured_nonfinetune_0.5,10,12,28,2,32,NonCallBack,1.812770128250122,13291,"[12544, 512, 161]",0.8987,-15.998123168945312,1.0173349380493164
unstructured_nonfinetune_0.8,10,12,28,2,32,NonCallBack,1.871507167816162,5361,"[5018, 205, 64]",0.52,-7.178412437438965,0.3961501121520996
unstructured_nonfinetune_0.9,10,12,28,2,32,NonCallBack,1.8125064373016357,2717,"[2509, 102, 32]",0.2795,-3.9287824630737305,0.14252090454101562
unstructured_nonfinetune_0.95,10,12,28,2,32,NonCallBack,1.8608345985412598,1396,"[1255, 51, 16]",0.0633,-1.0207266807556152,0.0398411750793457
structured_finetune_0.3,10,12,28,2,32,NonCallBack,182.0142810344696,18250,"[17248, 704, 224]",0.7619,-13.26734447479248,1.0869829654693604
structured_finetune_0.5,10,12,28,2,32,NonCallBack,183.606214761734,13290,"[12544, 512, 160]",0.5716,-1.8620789051055908,0.04072904586791992
structured_finetune_0.8,10,12,28,2,32,NonCallBack,178.95771670341492,5850,"[5488, 224, 64]",0.2935,-0.6532843112945557,0.016109943389892578
structured_finetune_0.9,10,12,28,2,32,NonCallBack,184.12418365478516,2554,"[2352, 96, 32]",0.1945,-0.2933880090713501,0.010711908340454102
structured_finetune_0.95,10,12,28,2,32,NonCallBack,183.77807545661926,1738,"[1568, 64, 32]",0.1912,-0.963924765586853,0.010164022445678711
structured_nonfinetune_0.3,10,12,28,2,32,NonCallBack,1.9174833297729492,18250,"[17248, 704, 224]",0.5167,-7.149651527404785,0.037381887435913086
structured_nonfinetune_0.5,10,12,28,2,32,NonCallBack,1.875701665878296,13290,"[12544, 512, 160]",0.3935,-5.779353141784668,0.021908044815063477
structured_nonfinetune_0.8,10,12,28,2,32,NonCallBack,1.8525536060333252,5850,"[5488, 224, 64]",0.1587,-2.465022563934326,0.014841079711914062
structured_nonfinetune_0.9,10,12,28,2,32,NonCallBack,1.8687210083007812,2554,"[2352, 96, 32]",0.14,-0.30597996711730957,0.010619163513183594
structured_nonfinetune_0.95,10,12,28,2,32,NonCallBack,1.78248929977417,1738,"[1568, 64, 32]",0.1052,-0.4272676706314087,0.010085105895996094
random_unstructured_finetune_0.3,10,12,28,2,32,NonCallBack,181.63661670684814,18573,"[17560, 716, 223]",0.956,-12.309757232666016,0.7540299892425537
random_unstructured_finetune_0.5,10,12,28,2,32,NonCallBack,182.51563048362732,13291,"[12544, 512, 161]",0.935,-7.444741249084473,0.4844999313354492
random_unstructured_finetune_0.8,10,12,28,2,32,NonCallBack,183.60079431533813,5361,"[5018, 205, 64]",0.8703,-3.379530906677246,0.2152559757232666
random_unstructured_finetune_0.9,10,12,28,2,32,NonCallBack,181.2934808731079,2717,"[2509, 102, 32]",0.6483,-3.3240561485290527,0.06838202476501465
random_unstructured_finetune_0.95,10,12,28,2,32,NonCallBack,182.77266764640808,1396,"[1255, 51, 16]",0.1854,-0.08175778388977051,0.0178530216217041
random_unstructured_nonfinetune_0.3,10,12,28,2,32,NonCallBack,2.130831480026245,18573,"[17560, 716, 223]",0.6328,-7.577309608459473,1.01894211769104
random_unstructured_nonfinetune_0.5,10,12,28,2,32,NonCallBack,1.9396564960479736,13291,"[12544, 512, 161]",0.3105,-5.882004737854004,1.0595009326934814
random_unstructured_nonfinetune_0.8,10,12,28,2,32,NonCallBack,1.9272754192352295,5361,"[5018, 205, 64]",0.1186,-1.3402395248413086,0.12607192993164062
random_unstructured_nonfinetune_0.9,10,12,28,2,32,NonCallBack,1.9475712776184082,2717,"[2509, 102, 32]",0.0914,-0.6927318572998047,0.13193798065185547
random_unstructured_nonfinetune_0.95,10,12,28,2,32,NonCallBack,1.9471895694732666,1396,"[1255, 51, 16]",0.086,1.5863487720489502,
random_structured_finetune_0.3,10,12,28,2,32,NonCallBack,182.62044286727905,18249,"[17247, 704, 224]",0.7697,-9.826149940490723,0.8217639923095703
random_structured_finetune_0.5,10,12,28,2,32,NonCallBack,199.42007613182068,13289,"[12543, 512, 160]",0.5749,-9.938790321350098,5.550947904586792
random_structured_finetune_0.8,10,12,28,2,32,NonCallBack,183.64394688606262,5850,"[5488, 224, 64]",0.3056,-0.8021795749664307,0.012230873107910156
random_structured_finetune_0.9,10,12,28,2,32,NonCallBack,194.97776317596436,2554,"[2352, 96, 32]",0.2058,2.7233707904815674,
random_structured_finetune_0.95,10,12,28,2,32,NonCallBack,198.38935232162476,1738,"[1568, 64, 32]",0.1649,2.5938985347747803,
random_structured_nonfinetune_0.3,10,12,28,2,32,NonCallBack,1.9390814304351807,18250,"[17248, 704, 224]",0.4662,-11.900712966918945,0.8507421016693115
random_structured_nonfinetune_0.5,10,12,28,2,32,NonCallBack,1.94657301902771,13290,"[12544, 512, 160]",0.2925,-5.940094947814941,0.4748039245605469
random_structured_nonfinetune_0.8,10,12,28,2,32,NonCallBack,2.0217199325561523,5850,"[5488, 224, 64]",0.1125,3.3070459365844727,
random_structured_nonfinetune_0.9,10,12,28,2,32,NonCallBack,1.956883430480957,2554,"[2352, 96, 32]",0.0851,5.475697994232178,
random_structured_nonfinetune_0.95,10,12,28,2,32,NonCallBack,2.0143187046051025,1738,"[1568, 64, 32]",0.0892,-2.1438393592834473,0.009713172912597656
dense,10,12,28,2,64,NonCallBack,0,55050,"[50176, 4096, 640]",0.9627,-7.540500640869141,108.15776801109314
unstructured_finetune_0.3,10,12,28,2,64,NonCallBack,183.9804549217224,38576,"[35123, 2867, 448]",0.9744,-10.206013679504395,31.71485209465027
unstructured_finetune_0.5,10,12,28,2,64,NonCallBack,180.88147974014282,27593,"[25088, 2048, 319]",0.9734,-10.511635780334473,59.722699880599976
unstructured_finetune_0.8,10,12,28,2,64,NonCallBack,181.8815586566925,11121,"[10035, 820, 128]",0.9673,-13.069271087646484,1.5607240200042725
unstructured_finetune_0.9,10,12,28,2,64,NonCallBack,183.14207911491394,5628,"[5017, 409, 64]",0.9567,-5.807809829711914,0.49918103218078613
unstructured_finetune_0.95,10,12,28,2,64,NonCallBack,179.91467380523682,2884,"[2509, 205, 32]",0.9294,-2.847470998764038,0.13780498504638672
unstructured_nonfinetune_0.3,10,12,28,2,64,NonCallBack,1.8632338047027588,38576,"[35123, 2867, 448]",0.9629,-14.11988639831543,0.6541290283203125
unstructured_nonfinetune_0.5,10,12,28,2,64,NonCallBack,1.8536016941070557,27593,"[25088, 2048, 319]",0.9569,-13.728259086608887,0.4350879192352295
unstructured_nonfinetune_0.8,10,12,28,2,64,NonCallBack,1.8209800720214844,11121,"[10035, 820, 128]",0.6434,-5.654078006744385,0.6424589157104492
unstructured_nonfinetune_0.9,10,12,28,2,64,NonCallBack,1.8850901126861572,5628,"[5017, 409, 64]",0.3263,-4.755397319793701,0.4141671657562256
unstructured_nonfinetune_0.95,10,12,28,2,64,NonCallBack,1.86745023727417,2884,"[2509, 205, 32]",0.2562,0.24950003623962402,0.3386988639831543
structured_finetune_0.3,10,12,28,2,64,NonCallBack,183.05089139938354,38746,"[35280, 2880, 448]",0.7732,-0.5033360719680786,0.10073614120483398
structured_finetune_0.5,10,12,28,2,64,NonCallBack,183.87587308883667,27594,"[25088, 2048, 320]",0.5818,-2.7612106800079346,0.07101988792419434
structured_finetune_0.8,10,12,28,2,64,NonCallBack,178.3134422302246,10442,"[9408, 768, 128]",0.2941,0.5812337398529053,0.04106593132019043
structured_finetune_0.9,10,12,28,2,64,NonCallBack,182.61730480194092,5290,"[4704, 384, 64]",0.2087,-0.8124284744262695,0.02203512191772461
structured_finetune_0.95,10,12,28,2,64,NonCallBack,179.64101696014404,2746,"[2352, 192, 64]",0.2075,0.2766464948654175,0.02004408836364746
structured_nonfinetune_0.3,10,12,28,2,64,NonCallBack,1.8271539211273193,38746,"[35280, 2880, 448]",0.6312,-12.386016845703125,2.496504068374634
structured_nonfinetune_0.5,10,12,28,2,64,NonCallBack,1.905008316040039,27594,"[25088, 2048, 320]",0.4277,-10.169978141784668,0.44829797744750977
structured_nonfinetune_0.8,10,12,28,2,64,NonCallBack,1.9483730792999268,10442,"[9408, 768, 128]",0.1601,-0.9639477729797363,0.17482686042785645
structured_nonfinetune_0.9,10,12,28,2,64,NonCallBack,1.7681434154510498,5290,"[4704, 384, 64]",0.1343,-2.244767665863037,0.01753091812133789
structured_nonfinetune_0.95,10,12,28,2,64,NonCallBack,1.7699601650238037,2746,"[2352, 192, 64]",0.1122,-11.401355743408203,0.016376018524169922
random_unstructured_finetune_0.3,10,12,28,2,64,NonCallBack,182.9376401901245,38576,"[35123, 2867, 448]",0.966,-11.766857147216797,41.01668691635132
random_unstructured_finetune_0.5,10,12,28,2,64,NonCallBack,183.40638995170593,27593,"[25088, 2048, 319]",0.9514,-8.968816757202148,1.4891059398651123
random_unstructured_finetune_0.8,10,12,28,2,64,NonCallBack,201.10320520401,11121,"[10035, 820, 128]",0.8896,-14.02147388458252,0.3939781188964844
random_unstructured_finetune_0.9,10,12,28,2,64,NonCallBack,184.9817020893097,5628,"[5017, 409, 64]",0.6604,-6.743587493896484,0.22796297073364258
random_unstructured_finetune_0.95,10,12,28,2,64,NonCallBack,198.1785387992859,2884,"[2509, 205, 32]",0.3279,-0.003087639808654785,0.10965895652770996
random_unstructured_nonfinetune_0.3,10,12,28,2,64,NonCallBack,2.1254594326019287,38576,"[35123, 2867, 448]",0.8475,-8.251408576965332,49.09415888786316
random_unstructured_nonfinetune_0.5,10,12,28,2,64,NonCallBack,2.020186424255371,27593,"[25088, 2048, 319]",0.5437,-6.503442764282227,2.910946846008301
random_unstructured_nonfinetune_0.8,10,12,28,2,64,NonCallBack,1.9926762580871582,11121,"[10035, 820, 128]",0.2153,-9.117759704589844,1.1168038845062256
random_unstructured_nonfinetune_0.9,10,12,28,2,64,NonCallBack,1.944105625152588,5628,"[5017, 409, 64]",0.1075,1.5352978706359863,
random_unstructured_nonfinetune_0.95,10,12,28,2,64,NonCallBack,1.9653713703155518,2884,"[2509, 205, 32]",0.1042,4.24999475479126,
random_structured_finetune_0.3,10,12,28,2,64,NonCallBack,183.1857271194458,38746,"[35280, 2880, 448]",0.7711,-13.571897506713867,2.086484909057617
random_structured_finetune_0.5,10,12,28,2,64,NonCallBack,196.4094500541687,27594,"[25088, 2048, 320]",0.5837,-9.247248649597168,0.2950100898742676
random_structured_finetune_0.8,10,12,28,2,64,NonCallBack,182.48931789398193,10442,"[9408, 768, 128]",0.2997,1.8965731859207153,
random_structured_finetune_0.9,10,12,28,2,64,NonCallBack,197.25132703781128,5290,"[4704, 384, 64]",0.1972,-1.3492698669433594,0.034841060638427734
random_structured_finetune_0.95,10,12,28,2,64,NonCallBack,181.82817578315735,2746,"[2352, 192, 64]",0.2057,0.4448292851448059,0.16648507118225098
random_structured_nonfinetune_0.3,10,12,28,2,64,NonCallBack,1.9385595321655273,38746,"[35280, 2880, 448]",0.6004,-7.7015533447265625,2.3965470790863037
random_structured_nonfinetune_0.5,10,12,28,2,64,NonCallBack,2.002645492553711,27594,"[25088, 2048, 320]",0.2875,-7.689548492431641,10.24052619934082
random_structured_nonfinetune_0.8,10,12,28,2,64,NonCallBack,1.9386062622070312,10442,"[9408, 768, 128]",0.0944,-12.745417594909668,0.1591777801513672
random_structured_nonfinetune_0.9,10,12,28,2,64,NonCallBack,2.027297019958496,5290,"[4704, 384, 64]",0.1032,2.377823829650879,
random_structured_nonfinetune_0.95,10,12,28,2,64,NonCallBack,2.023374319076538,2746,"[2352, 192, 64]",0.1032,1.154662847518921,
dense,10,12,28,4,32,NonCallBack,0,28617,"[25087, 1024, 1024, 1024, 320]",0.9599,-10.18962574005127,3.28519606590271
unstructured_finetune_0.3,10,12,28,4,32,NonCallBack,206.799307346344,20070,"[17561, 716, 716, 716, 223]",0.9655,-6.939824104309082,3.2091400623321533
unstructured_finetune_0.5,10,12,28,4,32,NonCallBack,203.12042236328125,14379,"[12544, 512, 512, 512, 161]",0.9643,-8.910584449768066,28.079290866851807
unstructured_finetune_0.8,10,12,28,4,32,NonCallBack,206.52794194221497,5835,"[5018, 205, 205, 205, 64]",0.9566,-12.808878898620605,1.1015608310699463
unstructured_finetune_0.9,10,12,28,4,32,NonCallBack,209.29262280464172,2985,"[2509, 102, 102, 102, 32]",0.9403,-7.955857276916504,0.87015700340271
unstructured_finetune_0.95,10,12,28,4,32,NonCallBack,209.3469753265381,1562,"[1255, 51, 51, 51, 16]",0.9152,-2.6075148582458496,0.24896907806396484
unstructured_nonfinetune_0.3,10,12,28,4,32,NonCallBack,1.8632152080535889,20070,"[17561, 716, 716, 716, 223]",0.9561,-7.202476501464844,3.2024199962615967
unstructured_nonfinetune_0.5,10,12,28,4,32,NonCallBack,1.9005897045135498,14379,"[12544, 512, 512, 512, 161]",0.907,-11.502426147460938,1.68442702293396
unstructured_nonfinetune_0.8,10,12,28,4,32,NonCallBack,1.86838960647583,5835,"[5018, 205, 205, 205, 64]",0.4176,-5.646406173706055,1.7088449001312256
unstructured_nonfinetune_0.9,10,12,28,4,32,NonCallBack,1.9009060859680176,2985,"[2509, 102, 102, 102, 32]",0.2852,-4.177972793579102,0.7362020015716553
unstructured_nonfinetune_0.95,10,12,28,4,32,NonCallBack,1.7839124202728271,1562,"[1255, 51, 51, 51, 16]",0.0895,-0.6052937507629395,0.03934192657470703
structured_finetune_0.3,10,12,28,4,32,NonCallBack,205.12176632881165,19721,"[17247, 704, 704, 704, 224]",0.7694,-4.571015357971191,61.67326307296753
structured_finetune_0.5,10,12,28,4,32,NonCallBack,206.57411742210388,14378,"[12544, 512, 512, 512, 160]",0.5928,-2.2285072803497314,21.13208794593811
structured_finetune_0.8,10,12,28,4,32,NonCallBack,207.87858510017395,6362,"[5488, 224, 224, 224, 64]",0.3049,-3.554262161254883,0.032514095306396484
structured_finetune_0.9,10,12,28,4,32,NonCallBack,202.19136714935303,2810,"[2352, 96, 96, 96, 32]",0.2051,3.098738193511963,
structured_finetune_0.95,10,12,28,4,32,NonCallBack,202.59215927124023,1930,"[1568, 64, 64, 64, 32]",0.2046,3.5466973781585693,
structured_nonfinetune_0.3,10,12,28,4,32,NonCallBack,1.7994065284729004,19721,"[17247, 704, 704, 704, 224]",0.5761,-11.32927131652832,2.2061991691589355
structured_nonfinetune_0.5,10,12,28,4,32,NonCallBack,1.7940030097961426,14377,"[12543, 512, 512, 512, 160]",0.2042,-1.7380330562591553,0.029963016510009766
structured_nonfinetune_0.8,10,12,28,4,32,NonCallBack,1.8856749534606934,6362,"[5488, 224, 224, 224, 64]",0.0834,-7.144221305847168,0.09321284294128418
structured_nonfinetune_0.9,10,12,28,4,32,NonCallBack,1.830944299697876,2810,"[2352, 96, 96, 96, 32]",0.0892,-0.5291116237640381,0.013103961944580078
structured_nonfinetune_0.95,10,12,28,4,32,NonCallBack,1.81245756149292,1930,"[1568, 64, 64, 64, 32]",0.0892,1.6483184099197388,
random_unstructured_finetune_0.3,10,12,28,4,32,NonCallBack,202.35968255996704,20069,"[17560, 716, 716, 716, 223]",0.9602,-14.01185417175293,44.513731956481934
random_unstructured_finetune_0.5,10,12,28,4,32,NonCallBack,210.7141876220703,14379,"[12544, 512, 512, 512, 161]",0.9429,-7.48533821105957,42.443886041641235
random_unstructured_finetune_0.8,10,12,28,4,32,NonCallBack,200.51647114753723,5835,"[5018, 205, 205, 205, 64]",0.5387,-9.548086166381836,0.6571171283721924
random_unstructured_finetune_0.9,10,12,28,4,32,NonCallBack,203.97738361358643,2985,"[2509, 102, 102, 102, 32]",0.1135,-1.6293816566467285,0.025262117385864258
random_unstructured_finetune_0.95,10,12,28,4,32,NonCallBack,202.09623289108276,1562,"[1255, 51, 51, 51, 16]",0.1135,-2.033539295196533,0.024066925048828125
random_unstructured_nonfinetune_0.3,10,12,28,4,32,NonCallBack,1.9450416564941406,20069,"[17560, 716, 716, 716, 223]",0.4686,-3.7107725143432617,122.91467189788818
random_unstructured_nonfinetune_0.5,10,12,28,4,32,NonCallBack,2.0652735233306885,14379,"[12544, 512, 512, 512, 161]",0.1515,-4.6544036865234375,167.5227930545807
random_unstructured_nonfinetune_0.8,10,12,28,4,32,NonCallBack,2.0913050174713135,5835,"[5018, 205, 205, 205, 64]",0.0874,-3.5321192741394043,31.355399131774902
random_unstructured_nonfinetune_0.9,10,12,28,4,32,NonCallBack,1.9547748565673828,2985,"[2509, 102, 102, 102, 32]",0.0892,1.0048935413360596,
random_unstructured_nonfinetune_0.95,10,12,28,4,32,NonCallBack,1.9968090057373047,1562,"[1255, 51, 51, 51, 16]",0.0892,0.1292211413383484,0.03717207908630371
random_structured_finetune_0.3,10,12,28,4,32,NonCallBack,201.42814230918884,19721,"[17247, 704, 704, 704, 224]",0.7702,-8.639352798461914,1.1570699214935303
random_structured_finetune_0.5,10,12,28,4,32,NonCallBack,209.7370367050171,14377,"[12543, 512, 512, 512, 160]",0.5881,-2.0287952423095703,0.07974815368652344
random_structured_finetune_0.8,10,12,28,4,32,NonCallBack,198.43753337860107,6361,"[5487, 224, 224, 224, 64]",0.3003,3.55570387840271,
random_structured_finetune_0.9,10,12,28,4,32,NonCallBack,202.25139689445496,2810,"[2352, 96, 96, 96, 32]",0.2097,3.559108257293701,
random_structured_finetune_0.95,10,12,28,4,32,NonCallBack,200.44862461090088,1930,"[1568, 64, 64, 64, 32]",0.1135,1.9199988842010498,
random_structured_nonfinetune_0.3,10,12,28,4,32,NonCallBack,2.021043539047241,19721,"[17247, 704, 704, 704, 224]",0.3391,-3.8647170066833496,71.24577903747559
random_structured_nonfinetune_0.5,10,12,28,4,32,NonCallBack,1.9876387119293213,14378,"[12544, 512, 512, 512, 160]",0.1744,-0.29509520530700684,0.025819063186645508
random_structured_nonfinetune_0.8,10,12,28,4,32,NonCallBack,1.9822807312011719,6361,"[5487, 224, 224, 224, 64]",0.0892,4.189547538757324,
random_structured_nonfinetune_0.9,10,12,28,4,32,NonCallBack,2.040452480316162,2810,"[2352, 96, 96, 96, 32]",0.0892,0.6598873138427734,0.011490106582641602
random_structured_nonfinetune_0.95,10,12,28,4,32,NonCallBack,2.052354335784912,1930,"[1568, 64, 64, 64, 32]",0.1135,0.09023010730743408,0.010972976684570312
dense,10,12,28,4,64,NonCallBack,0,63370,"[50176, 4096, 4096, 4096, 640]",0.9632,-2.6953694820404053,7.255176067352295
unstructured_finetune_0.3,10,12,28,4,64,NonCallBack,208.05512690544128,44438,"[35123, 2867, 2867, 2867, 448]",0.9762,0.904427170753479,189.9441318511963
unstructured_finetune_0.5,10,12,28,4,64,NonCallBack,202.7540533542633,31817,"[25088, 2048, 2048, 2048, 319]",0.9767,-0.28449273109436035,8.562733888626099
unstructured_finetune_0.8,10,12,28,4,64,NonCallBack,205.88774633407593,12889,"[10035, 820, 820, 820, 128]",0.9715,1.181626558303833,
unstructured_finetune_0.9,10,12,28,4,64,NonCallBack,202.72125911712646,6574,"[5017, 409, 409, 409, 64]",0.9575,-6.191224098205566,1.465590000152588
unstructured_finetune_0.95,10,12,28,4,64,NonCallBack,200.76677703857422,3422,"[2509, 205, 205, 205, 32]",0.9383,-9.37679386138916,1.3632268905639648
unstructured_nonfinetune_0.3,10,12,28,4,64,NonCallBack,1.770092248916626,44438,"[35123, 2867, 2867, 2867, 448]",0.9646,0.6657876968383789,8.759130001068115
unstructured_nonfinetune_0.5,10,12,28,4,64,NonCallBack,1.8404881954193115,31817,"[25088, 2048, 2048, 2048, 319]",0.9598,1.5706729888916016,
unstructured_nonfinetune_0.8,10,12,28,4,64,NonCallBack,1.8456733226776123,12889,"[10035, 820, 820, 820, 128]",0.6038,-4.26652717590332,2.8725690841674805
unstructured_nonfinetune_0.9,10,12,28,4,64,NonCallBack,1.8830792903900146,6574,"[5017, 409, 409, 409, 64]",0.2976,-0.3295469284057617,295.5676290988922
unstructured_nonfinetune_0.95,10,12,28,4,64,NonCallBack,1.877683401107788,3422,"[2509, 205, 205, 205, 32]",0.1272,5.2141289710998535,
structured_finetune_0.3,10,12,28,4,64,NonCallBack,209.46972465515137,44634,"[35280, 2880, 2880, 2880, 448]",0.781,2.9058749675750732,
structured_finetune_0.5,10,12,28,4,64,NonCallBack,201.46211528778076,31818,"[25088, 2048, 2048, 2048, 320]",0.5844,-4.633474349975586,89.08099102973938
structured_finetune_0.8,10,12,28,4,64,NonCallBack,204.52725052833557,12106,"[9408, 768, 768, 768, 128]",0.3023,-1.155790090560913,0.08660507202148438
structured_finetune_0.9,10,12,28,4,64,NonCallBack,202.57372403144836,6186,"[4704, 384, 384, 384, 64]",0.2055,1.666062831878662,
structured_finetune_0.95,10,12,28,4,64,NonCallBack,208.52011632919312,3258,"[2352, 192, 192, 192, 64]",0.2048,0.14258599281311035,0.02247905731201172
structured_nonfinetune_0.3,10,12,28,4,64,NonCallBack,1.8246307373046875,44634,"[35280, 2880, 2880, 2880, 448]",0.6604,1.5908925533294678,
structured_nonfinetune_0.5,10,12,28,4,64,NonCallBack,1.8188772201538086,31818,"[25088, 2048, 2048, 2048, 320]",0.3352,-10.297348022460938,103.02356386184692
structured_nonfinetune_0.8,10,12,28,4,64,NonCallBack,1.9160194396972656,12106,"[9408, 768, 768, 768, 128]",0.0994,3.781330108642578,
structured_nonfinetune_0.9,10,12,28,4,64,NonCallBack,1.8782057762145996,6186,"[4704, 384, 384, 384, 64]",0.1032,1.3908007144927979,
structured_nonfinetune_0.95,10,12,28,4,64,NonCallBack,1.9152112007141113,3258,"[2352, 192, 192, 192, 64]",0.1032,1.6162272691726685,
random_unstructured_finetune_0.3,10,12,28,4,64,NonCallBack,199.4283037185669,44438,"[35123, 2867, 2867, 2867, 448]",0.9697,-0.04091942310333252,3.9393742084503174
random_unstructured_finetune_0.5,10,12,28,4,64,NonCallBack,201.16146445274353,31817,"[25088, 2048, 2048, 2048, 319]",0.9524,-1.0141000747680664,3.2344939708709717
random_unstructured_finetune_0.8,10,12,28,4,64,NonCallBack,202.5939073562622,12889,"[10035, 820, 820, 820, 128]",0.54,-2.990731716156006,166.3198070526123
random_unstructured_finetune_0.9,10,12,28,4,64,NonCallBack,202.39595794677734,6574,"[5017, 409, 409, 409, 64]",0.1135,-0.08572268486022949,2.589782953262329
random_unstructured_finetune_0.95,10,12,28,4,64,NonCallBack,211.11192393302917,3422,"[2509, 205, 205, 205, 32]",0.1135,-1.4507129192352295,0.07770586013793945
random_unstructured_nonfinetune_0.3,10,12,28,4,64,NonCallBack,2.0499672889709473,44438,"[35123, 2867, 2867, 2867, 448]",0.8467,2.396836280822754,
random_unstructured_nonfinetune_0.5,10,12,28,4,64,NonCallBack,2.045539617538452,31817,"[25088, 2048, 2048, 2048, 319]",0.1637,5.882706642150879,
random_unstructured_nonfinetune_0.8,10,12,28,4,64,NonCallBack,2.070993185043335,12889,"[10035, 820, 820, 820, 128]",0.1192,-1.249544382095337,2.6556708812713623
random_unstructured_nonfinetune_0.9,10,12,28,4,64,NonCallBack,2.000749111175537,6574,"[5017, 409, 409, 409, 64]",0.1009,-0.20674633979797363,22.99690890312195
random_unstructured_nonfinetune_0.95,10,12,28,4,64,NonCallBack,2.0606448650360107,3422,"[2509, 205, 205, 205, 32]",0.1032,5.081174850463867,
random_structured_finetune_0.3,10,12,28,4,64,NonCallBack,211.59356451034546,44634,"[35280, 2880, 2880, 2880, 448]",0.7874,3.153066635131836,
random_structured_finetune_0.5,10,12,28,4,64,NonCallBack,200.54923391342163,31818,"[25088, 2048, 2048, 2048, 320]",0.5779,-1.5374491214752197,2.8007349967956543
random_structured_finetune_0.8,10,12,28,4,64,NonCallBack,200.18698477745056,12106,"[9408, 768, 768, 768, 128]",0.304,-6.242018699645996,0.44063282012939453
random_structured_finetune_0.9,10,12,28,4,64,NonCallBack,203.47573947906494,6186,"[4704, 384, 384, 384, 64]",0.1135,-0.25205516815185547,0.028980016708374023
random_structured_finetune_0.95,10,12,28,4,64,NonCallBack,210.72689509391785,3258,"[2352, 192, 192, 192, 64]",0.1135,2.3669753074645996,
random_structured_nonfinetune_0.3,10,12,28,4,64,NonCallBack,2.028672695159912,44634,"[35280, 2880, 2880, 2880, 448]",0.4787,-6.501124858856201,256.5447599887848
random_structured_nonfinetune_0.5,10,12,28,4,64,NonCallBack,1.9262447357177734,31818,"[25088, 2048, 2048, 2048, 320]",0.2594,-10.422526359558105,163.22857999801636
random_structured_nonfinetune_0.8,10,12,28,4,64,NonCallBack,1.9526638984680176,12106,"[9408, 768, 768, 768, 128]",0.1032,5.8177490234375,
random_structured_nonfinetune_0.9,10,12,28,4,64,NonCallBack,2.033177614212036,6186,"[4704, 384, 384, 384, 64]",0.1009,-0.5864768028259277,0.02266097068786621
random_structured_nonfinetune_0.95,10,12,28,4,64,NonCallBack,2.0142862796783447,3258,"[2352, 192, 192, 192, 64]",0.1032,1.518273115158081,
dense,10,12,18,2,32,NonCallBack,0,11786,"[10368, 1024, 320]",0.952,-22.668800354003906,0.971688985824585
unstructured_finetune_0.3,10,12,18,2,32,NonCallBack,183.90186834335327,8270,"[7257, 716, 223]",0.9594,-18.932571411132812,0.38779711723327637
unstructured_finetune_0.5,10,12,18,2,32,NonCallBack,179.8029592037201,5931,"[5184, 512, 161]",0.9576,-21.31353759765625,0.6999881267547607
unstructured_finetune_0.8,10,12,18,2,32,NonCallBack,182.55469226837158,2417,"[2074, 205, 64]",0.9437,-19.516395568847656,0.06244397163391113
unstructured_finetune_0.9,10,12,18,2,32,NonCallBack,181.1683201789856,1245,"[1037, 102, 32]",0.9263,-9.065664291381836,0.056250810623168945
unstructured_finetune_0.95,10,12,18,2,32,NonCallBack,181.97973489761353,660,"[519, 51, 16]",0.7955,-8.112083435058594,0.04982709884643555
unstructured_nonfinetune_0.3,10,12,18,2,32,NonCallBack,1.928530216217041,8270,"[7257, 716, 223]",0.9522,-18.889751434326172,0.3509030342102051
unstructured_nonfinetune_0.5,10,12,18,2,32,NonCallBack,1.884138822555542,5931,"[5184, 512, 161]",0.9161,-19.092041015625,0.2903890609741211
unstructured_nonfinetune_0.8,10,12,18,2,32,NonCallBack,1.7848560810089111,2417,"[2074, 205, 64]",0.2165,-18.498966217041016,0.31075119972229004
unstructured_nonfinetune_0.9,10,12,18,2,32,NonCallBack,1.8835322856903076,1245,"[1037, 102, 32]",0.1852,-7.888644218444824,0.0447540283203125
unstructured_nonfinetune_0.95,10,12,18,2,32,NonCallBack,1.9013288021087646,660,"[519, 51, 16]",0.0924,-6.789411544799805,0.008585929870605469
structured_finetune_0.3,10,12,18,2,32,NonCallBack,184.88817882537842,8130,"[7128, 704, 224]",0.7691,-22.060815811157227,0.3210301399230957
structured_finetune_0.5,10,12,18,2,32,NonCallBack,184.0491120815277,5930,"[5184, 512, 160]",0.578,-9.42765998840332,0.19499993324279785
structured_finetune_0.8,10,12,18,2,32,NonCallBack,187.54150247573853,2630,"[2268, 224, 64]",0.2946,-2.287604331970215,0.007467031478881836
structured_finetune_0.9,10,12,18,2,32,NonCallBack,182.0111424922943,1174,"[972, 96, 32]",0.21,-7.190580368041992,0.009786844253540039
structured_finetune_0.95,10,12,18,2,32,NonCallBack,180.5442910194397,818,"[648, 64, 32]",0.2091,-7.183038711547852,0.008395910263061523
structured_nonfinetune_0.3,10,12,18,2,32,NonCallBack,1.9150724411010742,8130,"[7128, 704, 224]",0.5457,-17.151891708374023,0.31732702255249023
structured_nonfinetune_0.5,10,12,18,2,32,NonCallBack,1.931713581085205,5930,"[5184, 512, 160]",0.3946,-20.592485427856445,2.921070098876953
structured_nonfinetune_0.8,10,12,18,2,32,NonCallBack,1.8832852840423584,2630,"[2268, 224, 64]",0.162,-1.455003261566162,0.007717132568359375
structured_nonfinetune_0.9,10,12,18,2,32,NonCallBack,1.8424854278564453,1174,"[972, 96, 32]",0.0892,-0.4202539920806885,0.005914926528930664
structured_nonfinetune_0.95,10,12,18,2,32,NonCallBack,1.8362648487091064,818,"[648, 64, 32]",0.0892,-0.2948946952819824,0.0053958892822265625
random_unstructured_finetune_0.3,10,12,18,2,32,NonCallBack,183.8893015384674,8270,"[7257, 716, 223]",0.9454,-16.69662857055664,0.35256195068359375
random_unstructured_finetune_0.5,10,12,18,2,32,NonCallBack,183.9303526878357,5931,"[5184, 512, 161]",0.9295,-12.339704513549805,0.26593995094299316
random_unstructured_finetune_0.8,10,12,18,2,32,NonCallBack,199.51046466827393,2417,"[2074, 205, 64]",0.8373,-8.86251449584961,0.08316707611083984
random_unstructured_finetune_0.9,10,12,18,2,32,NonCallBack,184.88920211791992,1245,"[1037, 102, 32]",0.4953,-4.761513710021973,0.03680896759033203
random_unstructured_finetune_0.95,10,12,18,2,32,NonCallBack,187.07075786590576,660,"[519, 51, 16]",0.1548,-5.997495174407959,0.014353036880493164
random_unstructured_nonfinetune_0.3,10,12,18,2,32,NonCallBack,2.0060384273529053,8270,"[7257, 716, 223]",0.5702,-13.370698928833008,0.5376980304718018
random_unstructured_nonfinetune_0.5,10,12,18,2,32,NonCallBack,2.0853865146636963,5931,"[5184, 512, 161]",0.519,-7.15690803527832,0.40776801109313965
random_unstructured_nonfinetune_0.8,10,12,18,2,32,NonCallBack,2.0062155723571777,2417,"[2074, 205, 64]",0.1117,-2.103910446166992,0.08407998085021973
random_unstructured_nonfinetune_0.9,10,12,18,2,32,NonCallBack,1.9774200916290283,1245,"[1037, 102, 32]",0.0892,-2.4291701316833496,0.0261228084564209
random_unstructured_nonfinetune_0.95,10,12,18,2,32,NonCallBack,2.0294554233551025,660,"[519, 51, 16]",0.0892,2.0837783813476562,
random_structured_finetune_0.3,10,12,18,2,32,NonCallBack,185.13841152191162,8130,"[7128, 704, 224]",0.7512,0.7335282564163208,0.02754497528076172
random_structured_finetune_0.5,10,12,18,2,32,NonCallBack,183.56077980995178,5930,"[5184, 512, 160]",0.5662,0.9113832712173462,0.015275001525878906
random_structured_finetune_0.8,10,12,18,2,32,NonCallBack,183.69435262680054,2630,"[2268, 224, 64]",0.2981,-1.4537293910980225,0.013334989547729492
random_structured_finetune_0.9,10,12,18,2,32,NonCallBack,184.40249371528625,1174,"[972, 96, 32]",0.2083,-2.384586811065674,0.0051691532135009766
random_structured_finetune_0.95,10,12,18,2,32,NonCallBack,183.19913291931152,818,"[648, 64, 32]",0.2056,0.640477180480957,0.004755973815917969
random_structured_nonfinetune_0.3,10,12,18,2,32,NonCallBack,2.0070998668670654,8130,"[7128, 704, 224]",0.442,-22.868988037109375,0.11202692985534668
random_structured_nonfinetune_0.5,10,12,18,2,32,NonCallBack,2.001211643218994,5930,"[5184, 512, 160]",0.3875,-13.57270622253418,0.0885000228881836
random_structured_nonfinetune_0.8,10,12,18,2,32,NonCallBack,2.031248092651367,2630,"[2268, 224, 64]",0.0892,2.903334617614746,
random_structured_nonfinetune_0.9,10,12,18,2,32,NonCallBack,2.000462770462036,1174,"[972, 96, 32]",0.0892,0.9269918203353882,0.0052640438079833984
random_structured_nonfinetune_0.95,10,12,18,2,32,NonCallBack,1.936417579650879,818,"[648, 64, 32]",0.0892,-1.3577439785003662,0.004972934722900391
dense,10,12,18,2,64,NonCallBack,0,25610,"[20736, 4096, 640]",0.9683,-17.39364242553711,4.392663955688477
unstructured_finetune_0.3,10,12,18,2,64,NonCallBack,181.11990571022034,17968,"[14515, 2867, 448]",0.973,-17.282135009765625,1.6145570278167725
unstructured_finetune_0.5,10,12,18,2,64,NonCallBack,181.77753591537476,12873,"[10368, 2048, 319]",0.9719,-17.084714889526367,1.1518540382385254
unstructured_finetune_0.8,10,12,18,2,64,NonCallBack,187.11334443092346,5233,"[4147, 820, 128]",0.9633,-21.960227966308594,0.3512260913848877
unstructured_finetune_0.9,10,12,18,2,64,NonCallBack,184.92151379585266,2685,"[2074, 409, 64]",0.9427,-11.112075805664062,0.188399076461792
unstructured_finetune_0.95,10,12,18,2,64,NonCallBack,188.06866121292114,1411,"[1036, 205, 32]",0.9087,-10.916792869567871,0.05486607551574707
unstructured_nonfinetune_0.3,10,12,18,2,64,NonCallBack,1.917037010192871,17968,"[14515, 2867, 448]",0.9656,-17.32135009765625,1.3365719318389893
unstructured_nonfinetune_0.5,10,12,18,2,64,NonCallBack,1.991361379623413,12873,"[10368, 2048, 319]",0.9572,-25.53289031982422,2.2120771408081055
unstructured_nonfinetune_0.8,10,12,18,2,64,NonCallBack,1.8520472049713135,5233,"[4147, 820, 128]",0.7957,-12.839803695678711,0.33717799186706543
unstructured_nonfinetune_0.9,10,12,18,2,64,NonCallBack,1.840291976928711,2685,"[2074, 409, 64]",0.4165,-12.11319351196289,0.11901116371154785
unstructured_nonfinetune_0.95,10,12,18,2,64,NonCallBack,1.9139447212219238,1411,"[1036, 205, 32]",0.187,-2.762129068374634,0.09564089775085449
structured_finetune_0.3,10,12,18,2,64,NonCallBack,180.85865879058838,18046,"[14580, 2880, 448]",0.7811,-17.866300582885742,0.9800829887390137
structured_finetune_0.5,10,12,18,2,64,NonCallBack,181.0128471851349,12874,"[10368, 2048, 320]",0.5824,-0.929531455039978,0.03628277778625488
structured_finetune_0.8,10,12,18,2,64,NonCallBack,180.92937016487122,4922,"[3888, 768, 128]",0.2955,1.3398959636688232,
structured_finetune_0.9,10,12,18,2,64,NonCallBack,180.83440613746643,2530,"[1944, 384, 64]",0.1977,-1.3982393741607666,0.008285999298095703
structured_finetune_0.95,10,12,18,2,64,NonCallBack,181.61673951148987,1366,"[972, 192, 64]",0.194,-0.1341092586517334,0.006728172302246094
structured_nonfinetune_0.3,10,12,18,2,64,NonCallBack,1.9282524585723877,18046,"[14580, 2880, 448]",0.6525,-15.52296257019043,0.8721580505371094
structured_nonfinetune_0.5,10,12,18,2,64,NonCallBack,1.921966791152954,12874,"[10368, 2048, 320]",0.4344,-20.913484573364258,4.353905916213989
structured_nonfinetune_0.8,10,12,18,2,64,NonCallBack,1.8942499160766602,4922,"[3888, 768, 128]",0.101,-10.223438262939453,0.010736942291259766
structured_nonfinetune_0.9,10,12,18,2,64,NonCallBack,1.9545724391937256,2530,"[1944, 384, 64]",0.0953,-0.16367244720458984,0.008109807968139648
structured_nonfinetune_0.95,10,12,18,2,64,NonCallBack,1.9049053192138672,1366,"[972, 192, 64]",0.0892,-1.5222957134246826,0.0067861080169677734
random_unstructured_finetune_0.3,10,12,18,2,64,NonCallBack,184.6382758617401,17968,"[14515, 2867, 448]",0.9647,-14.876906394958496,1.236250877380371
random_unstructured_finetune_0.5,10,12,18,2,64,NonCallBack,183.85574507713318,12873,"[10368, 2048, 319]",0.9401,-14.954612731933594,0.6695539951324463
random_unstructured_finetune_0.8,10,12,18,2,64,NonCallBack,198.05213069915771,5233,"[4147, 820, 128]",0.8549,-17.852420806884766,0.17403101921081543
random_unstructured_finetune_0.9,10,12,18,2,64,NonCallBack,184.4138777256012,2685,"[2074, 409, 64]",0.5609,-8.465615272521973,0.0957040786743164
random_unstructured_finetune_0.95,10,12,18,2,64,NonCallBack,196.44535946846008,1411,"[1036, 205, 32]",0.2002,2.5247044563293457,
random_unstructured_nonfinetune_0.3,10,12,18,2,64,NonCallBack,2.069730520248413,17968,"[14515, 2867, 448]",0.7887,-22.28793716430664,0.3508570194244385
random_unstructured_nonfinetune_0.5,10,12,18,2,64,NonCallBack,2.0589065551757812,12873,"[10368, 2048, 319]",0.5082,-12.8851318359375,1.0258889198303223
random_unstructured_nonfinetune_0.8,10,12,18,2,64,NonCallBack,2.0609970092773438,5233,"[4147, 820, 128]",0.1045,-7.19320011138916,0.4745159149169922
random_unstructured_nonfinetune_0.9,10,12,18,2,64,NonCallBack,2.0214812755584717,2685,"[2074, 409, 64]",0.0892,0.18626099824905396,0.15599298477172852
random_unstructured_nonfinetune_0.95,10,12,18,2,64,NonCallBack,2.0509071350097656,1411,"[1036, 205, 32]",0.1038,3.947075366973877,
random_structured_finetune_0.3,10,12,18,2,64,NonCallBack,184.75477623939514,18046,"[14580, 2880, 448]",0.7862,-16.173423767089844,1.1458630561828613
random_structured_finetune_0.5,10,12,18,2,64,NonCallBack,193.8334105014801,12874,"[10368, 2048, 320]",0.5799,-10.621745109558105,0.5021660327911377
random_structured_finetune_0.8,10,12,18,2,64,NonCallBack,183.71037578582764,4922,"[3888, 768, 128]",0.3019,-3.856945514678955,0.011223793029785156
random_structured_finetune_0.9,10,12,18,2,64,NonCallBack,185.6921865940094,2530,"[1944, 384, 64]",0.2103,-1.0927519798278809,0.007986068725585938
random_structured_finetune_0.95,10,12,18,2,64,NonCallBack,184.30411219596863,1366,"[972, 192, 64]",0.2055,-0.6415222883224487,0.006346940994262695
random_structured_nonfinetune_0.3,10,12,18,2,64,NonCallBack,2.001326560974121,18046,"[14580, 2880, 448]",0.6218,-13.984848976135254,1.112950086593628
random_structured_nonfinetune_0.5,10,12,18,2,64,NonCallBack,2.039716958999634,12874,"[10368, 2048, 320]",0.4434,-17.574296951293945,4.4665398597717285
random_structured_nonfinetune_0.8,10,12,18,2,64,NonCallBack,2.0883922576904297,4922,"[3888, 768, 128]",0.0774,1.5510770082473755,
random_structured_nonfinetune_0.9,10,12,18,2,64,NonCallBack,2.0683705806732178,2530,"[1944, 384, 64]",0.0892,2.079789638519287,
random_structured_nonfinetune_0.95,10,12,18,2,64,NonCallBack,2.005390167236328,1366,"[972, 192, 64]",0.0892,-0.21928691864013672,0.00645899772644043
dense,10,12,18,4,32,NonCallBack,0,13898,"[10368, 1024, 1024, 1024, 320]",0.9593,-15.319877624511719,27.396932125091553
unstructured_finetune_0.3,10,12,18,4,32,NonCallBack,207.88238883018494,9766,"[7257, 716, 716, 716, 223]",0.9652,-24.866535186767578,26.67656397819519
unstructured_finetune_0.5,10,12,18,4,32,NonCallBack,202.19315814971924,7019,"[5184, 512, 512, 512, 161]",0.9652,-24.20673942565918,27.397332191467285
unstructured_finetune_0.8,10,12,18,4,32,NonCallBack,202.31380486488342,2891,"[2074, 205, 205, 205, 64]",0.9538,-20.093162536621094,0.5496909618377686
unstructured_finetune_0.9,10,12,18,4,32,NonCallBack,205.55755138397217,1513,"[1037, 102, 102, 102, 32]",0.9366,-15.351240158081055,0.39967799186706543
unstructured_finetune_0.95,10,12,18,4,32,NonCallBack,202.6273717880249,826,"[519, 51, 51, 51, 16]",0.8649,0.01785719394683838,0.031887054443359375
unstructured_nonfinetune_0.3,10,12,18,4,32,NonCallBack,1.8998641967773438,9766,"[7257, 716, 716, 716, 223]",0.9557,-24.901227951049805,33.354352951049805
unstructured_nonfinetune_0.5,10,12,18,4,32,NonCallBack,1.9162750244140625,7019,"[5184, 512, 512, 512, 161]",0.9085,-23.12630271911621,2.2459371089935303
unstructured_nonfinetune_0.8,10,12,18,4,32,NonCallBack,1.9772708415985107,2891,"[2074, 205, 205, 205, 64]",0.4971,-9.410855293273926,0.5690879821777344
unstructured_nonfinetune_0.9,10,12,18,4,32,NonCallBack,1.7928693294525146,1513,"[1037, 102, 102, 102, 32]",0.1358,-7.015476226806641,0.300307035446167
unstructured_nonfinetune_0.95,10,12,18,4,32,NonCallBack,1.9242677688598633,826,"[519, 51, 51, 51, 16]",0.1388,-5.566962242126465,0.011837959289550781
structured_finetune_0.3,10,12,18,4,32,NonCallBack,200.25014209747314,9602,"[7128, 704, 704, 704, 224]",0.772,-23.19949722290039,1.099113941192627
structured_finetune_0.5,10,12,18,4,32,NonCallBack,207.60005450248718,7018,"[5184, 512, 512, 512, 160]",0.5894,-3.9324169158935547,0.01684880256652832
structured_finetune_0.8,10,12,18,4,32,NonCallBack,206.91720962524414,3142,"[2268, 224, 224, 224, 64]",0.3005,0.3930705785751343,0.00927114486694336
structured_finetune_0.9,10,12,18,4,32,NonCallBack,201.20494079589844,1430,"[972, 96, 96, 96, 32]",0.2111,0.8397453427314758,0.006726980209350586
structured_finetune_0.95,10,12,18,4,32,NonCallBack,201.42173528671265,1010,"[648, 64, 64, 64, 32]",0.2116,-0.15581893920898438,0.006685018539428711
structured_nonfinetune_0.3,10,12,18,4,32,NonCallBack,1.8734228610992432,9602,"[7128, 704, 704, 704, 224]",0.5752,-20.924556732177734,0.019945144653320312
structured_nonfinetune_0.5,10,12,18,4,32,NonCallBack,1.8836643695831299,7018,"[5184, 512, 512, 512, 160]",0.1891,-17.78897476196289,0.014907121658325195
structured_nonfinetune_0.8,10,12,18,4,32,NonCallBack,1.867504596710205,3142,"[2268, 224, 224, 224, 64]",0.1642,-13.051926612854004,1.4941420555114746
structured_nonfinetune_0.9,10,12,18,4,32,NonCallBack,1.8485255241394043,1430,"[972, 96, 96, 96, 32]",0.0958,-8.149606704711914,0.10279107093811035
structured_nonfinetune_0.95,10,12,18,4,32,NonCallBack,1.94150972366333,1010,"[648, 64, 64, 64, 32]",0.0953,-3.004087448120117,0.007861852645874023
random_unstructured_finetune_0.3,10,12,18,4,32,NonCallBack,211.5159330368042,9766,"[7257, 716, 716, 716, 223]",0.9539,-20.403127670288086,1.0740220546722412
random_unstructured_finetune_0.5,10,12,18,4,32,NonCallBack,203.43119025230408,7019,"[5184, 512, 512, 512, 161]",0.9301,-16.191526412963867,1.1553130149841309
random_unstructured_finetune_0.8,10,12,18,4,32,NonCallBack,212.34985089302063,2891,"[2074, 205, 205, 205, 64]",0.3242,-0.40772223472595215,0.022616863250732422
random_unstructured_finetune_0.9,10,12,18,4,32,NonCallBack,204.56467127799988,1513,"[1037, 102, 102, 102, 32]",0.1135,-0.3618795871734619,0.0644378662109375
random_unstructured_finetune_0.95,10,12,18,4,32,NonCallBack,201.2314190864563,826,"[519, 51, 51, 51, 16]",0.1135,-2.716313123703003,0.07285213470458984
random_unstructured_nonfinetune_0.3,10,12,18,4,32,NonCallBack,1.978053331375122,9766,"[7257, 716, 716, 716, 223]",0.4977,-12.36338996887207,1.3185300827026367
random_unstructured_nonfinetune_0.5,10,12,18,4,32,NonCallBack,2.0756993293762207,7019,"[5184, 512, 512, 512, 161]",0.2372,-8.532546043395996,1.2423210144042969
random_unstructured_nonfinetune_0.8,10,12,18,4,32,NonCallBack,1.987647533416748,2891,"[2074, 205, 205, 205, 64]",0.0958,-0.6610472202301025,21.26038098335266
random_unstructured_nonfinetune_0.9,10,12,18,4,32,NonCallBack,1.9993617534637451,1513,"[1037, 102, 102, 102, 32]",0.1135,-5.835897922515869,0.07242393493652344
random_unstructured_nonfinetune_0.95,10,12,18,4,32,NonCallBack,2.065129518508911,826,"[519, 51, 51, 51, 16]",0.1135,-1.6190721988677979,0.07936906814575195
random_structured_finetune_0.3,10,12,18,4,32,NonCallBack,210.87220335006714,9602,"[7128, 704, 704, 704, 224]",0.7724,-13.482854843139648,19.563695907592773
random_structured_finetune_0.5,10,12,18,4,32,NonCallBack,201.73351383209229,7018,"[5184, 512, 512, 512, 160]",0.5742,0.5126636028289795,0.023016929626464844
random_structured_finetune_0.8,10,12,18,4,32,NonCallBack,202.36677384376526,3142,"[2268, 224, 224, 224, 64]",0.3052,-0.5723460912704468,0.01032114028930664
random_structured_finetune_0.9,10,12,18,4,32,NonCallBack,203.3948700428009,1430,"[972, 96, 96, 96, 32]",0.1135,2.0473744869232178,
random_structured_finetune_0.95,10,12,18,4,32,NonCallBack,211.66259360313416,1010,"[648, 64, 64, 64, 32]",0.1135,-2.7607452869415283,0.005258083343505859
random_structured_nonfinetune_0.3,10,12,18,4,32,NonCallBack,2.079862356185913,9602,"[7128, 704, 704, 704, 224]",0.2757,-6.900261878967285,30.72700595855713
random_structured_nonfinetune_0.5,10,12,18,4,32,NonCallBack,2.011644124984741,7018,"[5184, 512, 512, 512, 160]",0.2597,-17.019269943237305,14.84114408493042
random_structured_nonfinetune_0.8,10,12,18,4,32,NonCallBack,2.0106923580169678,3142,"[2268, 224, 224, 224, 64]",0.1135,-0.5637511014938354,0.008523941040039062
random_structured_nonfinetune_0.9,10,12,18,4,32,NonCallBack,2.068106174468994,1430,"[972, 96, 96, 96, 32]",0.1135,-2.1118276119232178,0.006451845169067383
random_structured_nonfinetune_0.95,10,12,18,4,32,NonCallBack,1.968632698059082,1010,"[648, 64, 64, 64, 32]",0.1135,0.16539746522903442,0.005537986755371094
dense,10,12,18,4,64,NonCallBack,0,33930,"[20736, 4096, 4096, 4096, 640]",0.9584,-17.933391571044922,5.9542460441589355
unstructured_finetune_0.3,10,12,18,4,64,NonCallBack,201.5601818561554,23830,"[14515, 2867, 2867, 2867, 448]",0.9761,-8.136919975280762,7.365118980407715
unstructured_finetune_0.5,10,12,18,4,64,NonCallBack,202.21809840202332,17097,"[10368, 2048, 2048, 2048, 319]",0.9745,-7.601388931274414,4.435776948928833
unstructured_finetune_0.8,10,12,18,4,64,NonCallBack,202.71549248695374,7001,"[4147, 820, 820, 820, 128]",0.9698,-15.00777816772461,2.1314327716827393
unstructured_finetune_0.9,10,12,18,4,64,NonCallBack,201.54347252845764,3631,"[2074, 409, 409, 409, 64]",0.9595,-15.651296615600586,1.069511890411377
unstructured_finetune_0.95,10,12,18,4,64,NonCallBack,200.8473379611969,1949,"[1036, 205, 205, 205, 32]",0.9397,-12.69035530090332,0.7371540069580078
unstructured_nonfinetune_0.3,10,12,18,4,64,NonCallBack,1.8125824928283691,23830,"[14515, 2867, 2867, 2867, 448]",0.9597,-9.153850555419922,4.7164740562438965
unstructured_nonfinetune_0.5,10,12,18,4,64,NonCallBack,2.022157907485962,17097,"[10368, 2048, 2048, 2048, 319]",0.9504,-4.113010406494141,261.48582196235657
unstructured_nonfinetune_0.8,10,12,18,4,64,NonCallBack,1.995774507522583,7001,"[4147, 820, 820, 820, 128]",0.6324,-11.994856834411621,2.4127979278564453
unstructured_nonfinetune_0.9,10,12,18,4,64,NonCallBack,1.8620386123657227,3631,"[2074, 409, 409, 409, 64]",0.1828,-10.732961654663086,0.8254909515380859
unstructured_nonfinetune_0.95,10,12,18,4,64,NonCallBack,1.8513171672821045,1949,"[1036, 205, 205, 205, 32]",0.1061,-4.172975063323975,0.2974550724029541
structured_finetune_0.3,10,12,18,4,64,NonCallBack,207.40570616722107,23934,"[14580, 2880, 2880, 2880, 448]",0.7775,-7.184116363525391,155.47600889205933
structured_finetune_0.5,10,12,18,4,64,NonCallBack,201.66942429542542,17098,"[10368, 2048, 2048, 2048, 320]",0.5815,4.625870704650879,
structured_finetune_0.8,10,12,18,4,64,NonCallBack,202.91220378875732,6586,"[3888, 768, 768, 768, 128]",0.2923,0.5190324783325195,0.012840986251831055
structured_finetune_0.9,10,12,18,4,64,NonCallBack,202.1806833744049,3426,"[1944, 384, 384, 384, 64]",0.2059,-2.016822576522827,0.010910987854003906
structured_finetune_0.95,10,12,18,4,64,NonCallBack,201.71504616737366,1878,"[972, 192, 192, 192, 64]",0.205,-0.653566837310791,0.008697986602783203
structured_nonfinetune_0.3,10,12,18,4,64,NonCallBack,1.8990044593811035,23934,"[14580, 2880, 2880, 2880, 448]",0.6304,-20.384597778320312,140.39622497558594
structured_nonfinetune_0.5,10,12,18,4,64,NonCallBack,1.8945503234863281,17098,"[10368, 2048, 2048, 2048, 320]",0.4253,-18.893795013427734,102.77360415458679
structured_nonfinetune_0.8,10,12,18,4,64,NonCallBack,1.8410587310791016,6586,"[3888, 768, 768, 768, 128]",0.0892,-4.900903224945068,9.792902946472168
structured_nonfinetune_0.9,10,12,18,4,64,NonCallBack,1.9150378704071045,3426,"[1944, 384, 384, 384, 64]",0.0958,-8.096694946289062,0.015551090240478516
structured_nonfinetune_0.95,10,12,18,4,64,NonCallBack,1.9657049179077148,1878,"[972, 192, 192, 192, 64]",0.0958,-10.73135757446289,0.007297992706298828
random_unstructured_finetune_0.3,10,12,18,4,64,NonCallBack,212.18243956565857,23830,"[14515, 2867, 2867, 2867, 448]",0.9663,-5.190284252166748,87.32650685310364
random_unstructured_finetune_0.5,10,12,18,4,64,NonCallBack,208.24321699142456,17097,"[10368, 2048, 2048, 2048, 319]",0.9497,-12.288646697998047,72.44392204284668
random_unstructured_finetune_0.8,10,12,18,4,64,NonCallBack,203.63909339904785,7001,"[4147, 820, 820, 820, 128]",0.3016,-6.084678649902344,132.33192610740662
random_unstructured_finetune_0.9,10,12,18,4,64,NonCallBack,210.1526927947998,3631,"[2074, 409, 409, 409, 64]",0.1135,0.5755393505096436,0.03307080268859863
random_unstructured_finetune_0.95,10,12,18,4,64,NonCallBack,211.96967029571533,1949,"[1036, 205, 205, 205, 32]",0.1135,1.1421971321105957,
random_unstructured_nonfinetune_0.3,10,12,18,4,64,NonCallBack,2.0739076137542725,23830,"[14515, 2867, 2867, 2867, 448]",0.6494,-6.338836669921875,73.55949401855469
random_unstructured_nonfinetune_0.5,10,12,18,4,64,NonCallBack,1.9907026290893555,17097,"[10368, 2048, 2048, 2048, 319]",0.2194,-8.646997451782227,271.09176301956177
random_unstructured_nonfinetune_0.8,10,12,18,4,64,NonCallBack,2.0131618976593018,7001,"[4147, 820, 820, 820, 128]",0.1009,-3.5477590560913086,53.67668414115906
random_unstructured_nonfinetune_0.9,10,12,18,4,64,NonCallBack,2.0808522701263428,3631,"[2074, 409, 409, 409, 64]",0.0958,-2.9529662132263184,0.736238956451416
random_unstructured_nonfinetune_0.95,10,12,18,4,64,NonCallBack,2.0475070476531982,1949,"[1036, 205, 205, 205, 32]",0.101,0.16518521308898926,0.06881999969482422
random_structured_finetune_0.3,10,12,18,4,64,NonCallBack,211.61100244522095,23934,"[14580, 2880, 2880, 2880, 448]",0.7734,-7.287266731262207,5.4799089431762695
random_structured_finetune_0.5,10,12,18,4,64,NonCallBack,202.99074912071228,17098,"[10368, 2048, 2048, 2048, 320]",0.5949,-20.700592041015625,23.86990189552307
random_structured_finetune_0.8,10,12,18,4,64,NonCallBack,212.22602796554565,6586,"[3888, 768, 768, 768, 128]",0.2931,-0.20428061485290527,0.012817144393920898
random_structured_finetune_0.9,10,12,18,4,64,NonCallBack,204.1486418247223,3426,"[1944, 384, 384, 384, 64]",0.1135,-0.1992638111114502,0.010209083557128906
random_structured_finetune_0.95,10,12,18,4,64,NonCallBack,201.73732042312622,1878,"[972, 192, 192, 192, 64]",0.1135,0.906521737575531,0.01067495346069336
random_structured_nonfinetune_0.3,10,12,18,4,64,NonCallBack,1.9994480609893799,23934,"[14580, 2880, 2880, 2880, 448]",0.5904,-13.888666152954102,53.56352615356445
random_structured_nonfinetune_0.5,10,12,18,4,64,NonCallBack,2.044430732727051,17098,"[10368, 2048, 2048, 2048, 320]",0.2161,-29.31956672668457,93.18858885765076
random_structured_nonfinetune_0.8,10,12,18,4,64,NonCallBack,2.020784378051758,6586,"[3888, 768, 768, 768, 128]",0.1018,1.5874829292297363,
random_structured_nonfinetune_0.9,10,12,18,4,64,NonCallBack,1.9348514080047607,3426,"[1944, 384, 384, 384, 64]",0.0974,1.4215867519378662,
random_structured_nonfinetune_0.95,10,12,18,4,64,NonCallBack,2.236389636993408,1878,"[972, 192, 192, 192, 64]",0.101,3.1768808364868164,
dense,20,22,28,2,32,NonCallBack,0,26506,"[25088, 1024, 320]",0.951,-17.591903686523438,1.135495901107788
unstructured_finetune_0.3,20,22,28,2,32,NonCallBack,178.82143831253052,18574,"[17561, 716, 223]",0.9647,-17.18982696533203,1.9145100116729736
unstructured_finetune_0.5,20,22,28,2,32,NonCallBack,179.20172452926636,13291,"[12544, 512, 161]",0.963,-16.411746978759766,0.5277099609375
unstructured_finetune_0.8,20,22,28,2,32,NonCallBack,179.01435828208923,5361,"[5018, 205, 64]",0.9485,-6.754082679748535,0.21843314170837402
unstructured_finetune_0.9,20,22,28,2,32,NonCallBack,184.84974789619446,2717,"[2509, 102, 32]",0.9288,-11.35886001586914,0.10493016242980957
unstructured_finetune_0.95,20,22,28,2,32,NonCallBack,179.20588183403015,1396,"[1255, 51, 16]",0.865,-8.402501106262207,0.038546085357666016
unstructured_nonfinetune_0.3,20,22,28,2,32,NonCallBack,1.8666913509368896,18574,"[17561, 716, 223]",0.9494,-17.545455932617188,1.1196460723876953
unstructured_nonfinetune_0.5,20,22,28,2,32,NonCallBack,1.7924821376800537,13291,"[12544, 512, 161]",0.9174,-15.808298110961914,0.5900590419769287
unstructured_nonfinetune_0.8,20,22,28,2,32,NonCallBack,1.9186649322509766,5361,"[5018, 205, 64]",0.5388,-26.404949188232422,0.3199450969696045
unstructured_nonfinetune_0.9,20,22,28,2,32,NonCallBack,1.7631890773773193,2717,"[2509, 102, 32]",0.2244,-9.027626037597656,0.10970187187194824
unstructured_nonfinetune_0.95,20,22,28,2,32,NonCallBack,1.8929023742675781,1396,"[1255, 51, 16]",0.168,-0.3916947841644287,0.03261089324951172
structured_finetune_0.3,20,22,28,2,32,NonCallBack,185.76716566085815,18250,"[17248, 704, 224]",0.7701,-3.177079200744629,0.7770609855651855
structured_finetune_0.5,20,22,28,2,32,NonCallBack,179.76702213287354,13290,"[12544, 512, 160]",0.5779,-4.373126029968262,0.04308819770812988
structured_finetune_0.8,20,22,28,2,32,NonCallBack,187.208913564682,5850,"[5488, 224, 64]",0.3045,-0.10387074947357178,0.028115034103393555
structured_finetune_0.9,20,22,28,2,32,NonCallBack,179.07999968528748,2554,"[2352, 96, 32]",0.2081,0.032593727111816406,0.013030052185058594
structured_finetune_0.95,20,22,28,2,32,NonCallBack,180.30890345573425,1738,"[1568, 64, 32]",0.2081,0.009460687637329102,0.01106405258178711
structured_nonfinetune_0.3,20,22,28,2,32,NonCallBack,1.886795997619629,18250,"[17248, 704, 224]",0.5921,-16.071733474731445,0.6498489379882812
structured_nonfinetune_0.5,20,22,28,2,32,NonCallBack,1.8153948783874512,13290,"[12544, 512, 160]",0.2437,-13.191535949707031,0.323930025100708
structured_nonfinetune_0.8,20,22,28,2,32,NonCallBack,1.8824331760406494,5850,"[5488, 224, 64]",0.1147,-8.808053016662598,0.07754898071289062
structured_nonfinetune_0.9,20,22,28,2,32,NonCallBack,1.8206255435943604,2554,"[2352, 96, 32]",0.1135,0.045085787773132324,0.011352062225341797
structured_nonfinetune_0.95,20,22,28,2,32,NonCallBack,1.8082244396209717,1738,"[1568, 64, 32]",0.1135,-0.6364927291870117,0.010548114776611328
random_unstructured_finetune_0.3,20,22,28,2,32,NonCallBack,184.79190278053284,18574,"[17561, 716, 223]",0.9541,-5.423517227172852,8.582464933395386
random_unstructured_finetune_0.5,20,22,28,2,32,NonCallBack,193.71222925186157,13291,"[12544, 512, 161]",0.9372,-12.071125984191895,0.642265796661377
random_unstructured_finetune_0.8,20,22,28,2,32,NonCallBack,181.66610479354858,5361,"[5018, 205, 64]",0.8762,-6.695479869842529,0.22678208351135254
random_unstructured_finetune_0.9,20,22,28,2,32,NonCallBack,182.58194518089294,2717,"[2509, 102, 32]",0.656,-4.369521141052246,0.03348994255065918
random_unstructured_finetune_0.95,20,22,28,2,32,NonCallBack,183.84076380729675,1396,"[1255, 51, 16]",0.2046,-0.44585132598876953,0.020235061645507812
random_unstructured_nonfinetune_0.3,20,22,28,2,32,NonCallBack,1.9826362133026123,18574,"[17561, 716, 223]",0.4761,-12.34598159790039,0.9867429733276367
random_unstructured_nonfinetune_0.5,20,22,28,2,32,NonCallBack,1.9629037380218506,13291,"[12544, 512, 161]",0.3217,-24.221052169799805,0.6512320041656494
random_unstructured_nonfinetune_0.8,20,22,28,2,32,NonCallBack,1.9825694561004639,5361,"[5018, 205, 64]",0.1778,3.1368303298950195,
random_unstructured_nonfinetune_0.9,20,22,28,2,32,NonCallBack,1.9708385467529297,2717,"[2509, 102, 32]",0.1156,-2.6622567176818848,0.07478618621826172
random_unstructured_nonfinetune_0.95,20,22,28,2,32,NonCallBack,1.9855144023895264,1396,"[1255, 51, 16]",0.1135,-2.7269303798675537,0.03260087966918945
random_structured_finetune_0.3,20,22,28,2,32,NonCallBack,183.88688397407532,18250,"[17248, 704, 224]",0.7628,-11.53680419921875,0.7226650714874268
random_structured_finetune_0.5,20,22,28,2,32,NonCallBack,181.4382734298706,13290,"[12544, 512, 160]",0.5826,-1.2497334480285645,0.030106067657470703
random_structured_finetune_0.8,20,22,28,2,32,NonCallBack,180.6707627773285,5850,"[5488, 224, 64]",0.2785,2.0383362770080566,
random_structured_finetune_0.9,20,22,28,2,32,NonCallBack,190.57549619674683,2554,"[2352, 96, 32]",0.2082,-2.493826389312744,0.02308201789855957
random_structured_finetune_0.95,20,22,28,2,32,NonCallBack,182.26623272895813,1738,"[1568, 64, 32]",0.2101,-2.9282164573669434,0.010577917098999023
random_structured_nonfinetune_0.3,20,22,28,2,32,NonCallBack,2.019808292388916,18250,"[17248, 704, 224]",0.5194,-17.012182235717773,0.5407099723815918
random_structured_nonfinetune_0.5,20,22,28,2,32,NonCallBack,1.9891493320465088,13290,"[12544, 512, 160]",0.2541,-9.646954536437988,0.6218879222869873
random_structured_nonfinetune_0.8,20,22,28,2,32,NonCallBack,1.8782305717468262,5850,"[5488, 224, 64]",0.1685,-11.072148323059082,0.06977677345275879
random_structured_nonfinetune_0.9,20,22,28,2,32,NonCallBack,1.9092283248901367,2554,"[2352, 96, 32]",0.1221,-0.24058771133422852,0.010756969451904297
random_structured_nonfinetune_0.95,20,22,28,2,32,NonCallBack,2.324455738067627,1738,"[1568, 64, 32]",0.1135,-1.0348198413848877,0.00943899154663086
dense,20,22,28,2,64,NonCallBack,0,55050,"[50176, 4096, 640]",0.9636,-19.455074310302734,9.393693923950195
unstructured_finetune_0.3,20,22,28,2,64,NonCallBack,179.20897006988525,38576,"[35123, 2867, 448]",0.9752,-18.841705322265625,3.2220208644866943
unstructured_finetune_0.5,20,22,28,2,64,NonCallBack,180.05289840698242,27593,"[25088, 2048, 319]",0.9744,-18.389211654663086,2.169285774230957
unstructured_finetune_0.8,20,22,28,2,64,NonCallBack,178.55207061767578,11121,"[10035, 820, 128]",0.9701,-14.856033325195312,1.1890959739685059
unstructured_finetune_0.9,20,22,28,2,64,NonCallBack,179.26797246932983,5628,"[5017, 409, 64]",0.9568,-12.341133117675781,0.3449571132659912
unstructured_finetune_0.95,20,22,28,2,64,NonCallBack,179.09940719604492,2884,"[2509, 205, 32]",0.927,-8.16537094116211,0.11245989799499512
unstructured_nonfinetune_0.3,20,22,28,2,64,NonCallBack,1.8255932331085205,38576,"[35123, 2867, 448]",0.9605,-19.405973434448242,4.340674877166748
unstructured_nonfinetune_0.5,20,22,28,2,64,NonCallBack,1.7757210731506348,27593,"[25088, 2048, 319]",0.9546,-18.214744567871094,2.71459698677063
unstructured_nonfinetune_0.8,20,22,28,2,64,NonCallBack,1.8292622566223145,11121,"[10035, 820, 128]",0.6998,-9.65480899810791,0.6850788593292236
unstructured_nonfinetune_0.9,20,22,28,2,64,NonCallBack,1.802933692932129,5628,"[5017, 409, 64]",0.3578,-9.858297348022461,0.22548699378967285
unstructured_nonfinetune_0.95,20,22,28,2,64,NonCallBack,1.794562816619873,2884,"[2509, 205, 32]",0.231,-4.464140892028809,0.11908888816833496
structured_finetune_0.3,20,22,28,2,64,NonCallBack,183.8293046951294,38746,"[35280, 2880, 448]",0.7785,-17.95667266845703,0.4529421329498291
structured_finetune_0.5,20,22,28,2,64,NonCallBack,179.83926463127136,27594,"[25088, 2048, 320]",0.5889,-17.997758865356445,1.3149921894073486
structured_finetune_0.8,20,22,28,2,64,NonCallBack,179.9895281791687,10442,"[9408, 768, 128]",0.296,2.8471481800079346,
structured_finetune_0.9,20,22,28,2,64,NonCallBack,179.49927425384521,5290,"[4704, 384, 64]",0.2095,-0.7043972015380859,0.013273000717163086
structured_finetune_0.95,20,22,28,2,64,NonCallBack,179.7802665233612,2746,"[2352, 192, 64]",0.2085,2.7048027515411377,
structured_nonfinetune_0.3,20,22,28,2,64,NonCallBack,1.7811179161071777,38746,"[35280, 2880, 448]",0.686,-13.550479888916016,2.5136520862579346
structured_nonfinetune_0.5,20,22,28,2,64,NonCallBack,1.764115333557129,27594,"[25088, 2048, 320]",0.4364,-14.204790115356445,0.9598369598388672
structured_nonfinetune_0.8,20,22,28,2,64,NonCallBack,1.8415284156799316,10442,"[9408, 768, 128]",0.1047,1.4182950258255005,
structured_nonfinetune_0.9,20,22,28,2,64,NonCallBack,1.9440088272094727,5290,"[4704, 384, 64]",0.1181,-1.0087428092956543,0.016496896743774414
structured_nonfinetune_0.95,20,22,28,2,64,NonCallBack,1.8444151878356934,2746,"[2352, 192, 64]",0.0944,0.8874739408493042,0.014854907989501953
random_unstructured_finetune_0.3,20,22,28,2,64,NonCallBack,183.4123203754425,38576,"[35123, 2867, 448]",0.9685,-17.143035888671875,2.364983081817627
random_unstructured_finetune_0.5,20,22,28,2,64,NonCallBack,181.40477085113525,27593,"[25088, 2048, 319]",0.9535,-14.112439155578613,1.5748748779296875
random_unstructured_finetune_0.8,20,22,28,2,64,NonCallBack,181.2093861103058,11121,"[10035, 820, 128]",0.8927,-10.71611213684082,0.739872932434082
random_unstructured_finetune_0.9,20,22,28,2,64,NonCallBack,181.91639876365662,5628,"[5017, 409, 64]",0.5507,-4.651707172393799,0.2491750717163086
random_unstructured_finetune_0.95,20,22,28,2,64,NonCallBack,182.4939751625061,2884,"[2509, 205, 32]",0.3419,-5.2661261558532715,0.055787086486816406
random_unstructured_nonfinetune_0.3,20,22,28,2,64,NonCallBack,1.9905989170074463,38576,"[35123, 2867, 448]",0.8123,-9.784509658813477,3.214284896850586
random_unstructured_nonfinetune_0.5,20,22,28,2,64,NonCallBack,1.9696989059448242,27593,"[25088, 2048, 319]",0.5957,-15.945228576660156,1.9501628875732422
random_unstructured_nonfinetune_0.8,20,22,28,2,64,NonCallBack,1.9661037921905518,11121,"[10035, 820, 128]",0.2231,3.7887556552886963,
random_unstructured_nonfinetune_0.9,20,22,28,2,64,NonCallBack,1.9703693389892578,5628,"[5017, 409, 64]",0.1142,1.7285100221633911,
random_unstructured_nonfinetune_0.95,20,22,28,2,64,NonCallBack,1.9724023342132568,2884,"[2509, 205, 32]",0.1032,0.7053700685501099,0.10265278816223145
random_structured_finetune_0.3,20,22,28,2,64,NonCallBack,193.9710988998413,38746,"[35280, 2880, 448]",0.7719,-16.043079376220703,2.783313035964966
random_structured_finetune_0.5,20,22,28,2,64,NonCallBack,180.31212043762207,27594,"[25088, 2048, 320]",0.5876,0.713228702545166,0.9559681415557861
random_structured_finetune_0.8,20,22,28,2,64,NonCallBack,180.83174395561218,10442,"[9408, 768, 128]",0.2889,0.5567669868469238,0.03748297691345215
random_structured_finetune_0.9,20,22,28,2,64,NonCallBack,195.44017815589905,5290,"[4704, 384, 64]",0.2065,-1.2826666831970215,0.0178070068359375
random_structured_finetune_0.95,20,22,28,2,64,NonCallBack,182.39489197731018,2746,"[2352, 192, 64]",0.2097,1.595778465270996,
random_structured_nonfinetune_0.3,20,22,28,2,64,NonCallBack,2.0116074085235596,38746,"[35280, 2880, 448]",0.4455,-15.671722412109375,3.7485299110412598
random_structured_nonfinetune_0.5,20,22,28,2,64,NonCallBack,2.018373966217041,27594,"[25088, 2048, 320]",0.2916,-8.910737037658691,19.991191864013672
random_structured_nonfinetune_0.8,20,22,28,2,64,NonCallBack,2.016928195953369,10442,"[9408, 768, 128]",0.1843,5.293074131011963,
random_structured_nonfinetune_0.9,20,22,28,2,64,NonCallBack,1.9554157257080078,5290,"[4704, 384, 64]",0.1031,-0.9904711246490479,0.014095067977905273
random_structured_nonfinetune_0.95,20,22,28,2,64,NonCallBack,1.9675915241241455,2746,"[2352, 192, 64]",0.1032,-1.1302070617675781,0.011202096939086914
dense,20,22,28,4,32,NonCallBack,0,28618,"[25088, 1024, 1024, 1024, 320]",0.9577,-13.334630966186523,20.94769787788391
unstructured_finetune_0.3,20,22,28,4,32,NonCallBack,199.95693445205688,20070,"[17561, 716, 716, 716, 223]",0.9681,-13.090715408325195,112.00712203979492
unstructured_finetune_0.5,20,22,28,4,32,NonCallBack,200.70891976356506,14379,"[12544, 512, 512, 512, 161]",0.9673,-12.132993698120117,3.610886812210083
unstructured_finetune_0.8,20,22,28,4,32,NonCallBack,202.21516036987305,5835,"[5018, 205, 205, 205, 64]",0.9564,-10.943077087402344,1.6469810009002686
unstructured_finetune_0.9,20,22,28,4,32,NonCallBack,201.31132340431213,2985,"[2509, 102, 102, 102, 32]",0.9419,-8.747932434082031,0.42708301544189453
unstructured_finetune_0.95,20,22,28,4,32,NonCallBack,201.7579836845398,1562,"[1255, 51, 51, 51, 16]",0.8894,-4.636478900909424,0.17450904846191406
unstructured_nonfinetune_0.3,20,22,28,4,32,NonCallBack,1.9326918125152588,20070,"[17561, 716, 716, 716, 223]",0.9548,-13.501968383789062,197.62711787223816
unstructured_nonfinetune_0.5,20,22,28,4,32,NonCallBack,2.0294060707092285,14379,"[12544, 512, 512, 512, 161]",0.9393,-12.464361190795898,1.6796860694885254
unstructured_nonfinetune_0.8,20,22,28,4,32,NonCallBack,1.7932541370391846,5835,"[5018, 205, 205, 205, 64]",0.3512,-9.30415153503418,1.7642490863800049
unstructured_nonfinetune_0.9,20,22,28,4,32,NonCallBack,1.926422357559204,2985,"[2509, 102, 102, 102, 32]",0.1476,-11.237414360046387,0.8077549934387207
unstructured_nonfinetune_0.95,20,22,28,4,32,NonCallBack,1.8960027694702148,1562,"[1255, 51, 51, 51, 16]",0.0982,3.2808480262756348,
structured_finetune_0.3,20,22,28,4,32,NonCallBack,200.23552083969116,19722,"[17248, 704, 704, 704, 224]",0.7843,-9.68791675567627,96.85589098930359
structured_finetune_0.5,20,22,28,4,32,NonCallBack,203.97426795959473,14378,"[12544, 512, 512, 512, 160]",0.587,-15.892997741699219,1.1692988872528076
structured_finetune_0.8,20,22,28,4,32,NonCallBack,207.3548514842987,6362,"[5488, 224, 224, 224, 64]",0.3029,1.153947114944458,
structured_finetune_0.9,20,22,28,4,32,NonCallBack,201.32363367080688,2810,"[2352, 96, 96, 96, 32]",0.2025,2.671400785446167,
structured_finetune_0.95,20,22,28,4,32,NonCallBack,200.72326683998108,1930,"[1568, 64, 64, 64, 32]",0.2096,1.2568172216415405,
structured_nonfinetune_0.3,20,22,28,4,32,NonCallBack,1.8275983333587646,19722,"[17248, 704, 704, 704, 224]",0.5346,-13.280399322509766,2.5984179973602295
structured_nonfinetune_0.5,20,22,28,4,32,NonCallBack,1.8574376106262207,14378,"[12544, 512, 512, 512, 160]",0.2835,0.9041880369186401,0.02647686004638672
structured_nonfinetune_0.8,20,22,28,4,32,NonCallBack,1.974555253982544,6362,"[5488, 224, 224, 224, 64]",0.103,-2.318842649459839,0.09054112434387207
structured_nonfinetune_0.9,20,22,28,4,32,NonCallBack,1.9379193782806396,2810,"[2352, 96, 96, 96, 32]",0.1011,-0.505527138710022,0.01088404655456543
structured_nonfinetune_0.95,20,22,28,4,32,NonCallBack,1.90981125831604,1930,"[1568, 64, 64, 64, 32]",0.1028,-1.0123095512390137,0.01042795181274414
random_unstructured_finetune_0.3,20,22,28,4,32,NonCallBack,203.70584845542908,20070,"[17561, 716, 716, 716, 223]",0.9592,-10.261710166931152,1.4780561923980713
random_unstructured_finetune_0.5,20,22,28,4,32,NonCallBack,201.8797791004181,14379,"[12544, 512, 512, 512, 161]",0.9409,-9.002324104309082,1.2689728736877441
random_unstructured_finetune_0.8,20,22,28,4,32,NonCallBack,202.08742666244507,5835,"[5018, 205, 205, 205, 64]",0.4457,-4.806588172912598,0.8359889984130859
random_unstructured_finetune_0.9,20,22,28,4,32,NonCallBack,199.23336243629456,2985,"[2509, 102, 102, 102, 32]",0.1135,-0.7425189018249512,0.08055615425109863
random_unstructured_finetune_0.95,20,22,28,4,32,NonCallBack,209.77810716629028,1562,"[1255, 51, 51, 51, 16]",0.1135,-0.026906251907348633,0.03194689750671387
random_unstructured_nonfinetune_0.3,20,22,28,4,32,NonCallBack,1.9609529972076416,20070,"[17561, 716, 716, 716, 223]",0.3793,-6.943717002868652,2.3611979484558105
random_unstructured_nonfinetune_0.5,20,22,28,4,32,NonCallBack,2.0220742225646973,14379,"[12544, 512, 512, 512, 161]",0.2382,-1.6007187366485596,150.75386691093445
random_unstructured_nonfinetune_0.8,20,22,28,4,32,NonCallBack,1.9779348373413086,5835,"[5018, 205, 205, 205, 64]",0.0982,-6.905559539794922,16.359742164611816
random_unstructured_nonfinetune_0.9,20,22,28,4,32,NonCallBack,1.9839069843292236,2985,"[2509, 102, 102, 102, 32]",0.0982,1.0480067729949951,
random_unstructured_nonfinetune_0.95,20,22,28,4,32,NonCallBack,1.984891653060913,1562,"[1255, 51, 51, 51, 16]",0.0982,0.5709598064422607,0.0330049991607666
random_structured_finetune_0.3,20,22,28,4,32,NonCallBack,208.95513772964478,19722,"[17248, 704, 704, 704, 224]",0.7785,-14.110697746276855,76.33678102493286
random_structured_finetune_0.5,20,22,28,4,32,NonCallBack,210.2752480506897,14378,"[12544, 512, 512, 512, 160]",0.578,2.3097047805786133,
random_structured_finetune_0.8,20,22,28,4,32,NonCallBack,209.37668371200562,6362,"[5488, 224, 224, 224, 64]",0.3018,-2.8178791999816895,0.021233081817626953
random_structured_finetune_0.9,20,22,28,4,32,NonCallBack,200.4778892993927,2810,"[2352, 96, 96, 96, 32]",0.1135,1.7293751239776611,
random_structured_finetune_0.95,20,22,28,4,32,NonCallBack,201.51598477363586,1930,"[1568, 64, 64, 64, 32]",0.1135,2.063178062438965,
random_structured_nonfinetune_0.3,20,22,28,4,32,NonCallBack,2.0084822177886963,19722,"[17248, 704, 704, 704, 224]",0.2433,-12.963663101196289,1.7428028583526611
random_structured_nonfinetune_0.5,20,22,28,4,32,NonCallBack,2.0254952907562256,14378,"[12544, 512, 512, 512, 160]",0.1558,-8.162787437438965,59.252925157547
random_structured_nonfinetune_0.8,20,22,28,4,32,NonCallBack,1.9628398418426514,6362,"[5488, 224, 224, 224, 64]",0.1035,-8.111644744873047,5.570842027664185
random_structured_nonfinetune_0.9,20,22,28,4,32,NonCallBack,1.9944958686828613,2810,"[2352, 96, 96, 96, 32]",0.0982,-0.28891587257385254,0.011996984481811523
random_structured_nonfinetune_0.95,20,22,28,4,32,NonCallBack,2.0838239192962646,1930,"[1568, 64, 64, 64, 32]",0.1009,3.446621894836426,
dense,20,22,28,4,64,NonCallBack,0,63370,"[50176, 4096, 4096, 4096, 640]",0.9633,1.2398916482925415,
unstructured_finetune_0.3,20,22,28,4,64,NonCallBack,205.80569314956665,44438,"[35123, 2867, 2867, 2867, 448]",0.9773,2.7905402183532715,
unstructured_finetune_0.5,20,22,28,4,64,NonCallBack,208.23154497146606,31817,"[25088, 2048, 2048, 2048, 319]",0.9773,3.033618211746216,
unstructured_finetune_0.8,20,22,28,4,64,NonCallBack,202.3921685218811,12889,"[10035, 820, 820, 820, 128]",0.9736,-7.933086395263672,2.283870220184326
unstructured_finetune_0.9,20,22,28,4,64,NonCallBack,201.5381259918213,6574,"[5017, 409, 409, 409, 64]",0.9645,-6.292003154754639,1.7981340885162354
unstructured_finetune_0.95,20,22,28,4,64,NonCallBack,202.539057970047,3422,"[2509, 205, 205, 205, 32]",0.9475,-7.439785003662109,1.3078711032867432
unstructured_nonfinetune_0.3,20,22,28,4,64,NonCallBack,1.8405814170837402,44438,"[35123, 2867, 2867, 2867, 448]",0.963,-1.4086768627166748,9.184916019439697
unstructured_nonfinetune_0.5,20,22,28,4,64,NonCallBack,1.8554942607879639,31817,"[25088, 2048, 2048, 2048, 319]",0.9588,-0.9952365159988403,5.952128171920776
unstructured_nonfinetune_0.8,20,22,28,4,64,NonCallBack,1.853071928024292,12889,"[10035, 820, 820, 820, 128]",0.5931,-10.016138076782227,2.45403790473938
unstructured_nonfinetune_0.9,20,22,28,4,64,NonCallBack,1.9131507873535156,6574,"[5017, 409, 409, 409, 64]",0.2162,-5.11356258392334,71.62665510177612
unstructured_nonfinetune_0.95,20,22,28,4,64,NonCallBack,1.8698484897613525,3422,"[2509, 205, 205, 205, 32]",0.1185,-8.587838172912598,0.330549955368042
structured_finetune_0.3,20,22,28,4,64,NonCallBack,202.35794591903687,44634,"[35280, 2880, 2880, 2880, 448]",0.7831,0.4895561933517456,0.12617111206054688
structured_finetune_0.5,20,22,28,4,64,NonCallBack,201.71293830871582,31818,"[25088, 2048, 2048, 2048, 320]",0.5856,3.8752448558807373,
structured_finetune_0.8,20,22,28,4,64,NonCallBack,202.69466924667358,12106,"[9408, 768, 768, 768, 128]",0.3017,-0.017328619956970215,0.02652597427368164
structured_finetune_0.9,20,22,28,4,64,NonCallBack,201.46430778503418,6186,"[4704, 384, 384, 384, 64]",0.2106,1.2677509784698486,
structured_finetune_0.95,20,22,28,4,64,NonCallBack,207.5993583202362,3258,"[2352, 192, 192, 192, 64]",0.2103,-0.8748043775558472,0.019905805587768555
structured_nonfinetune_0.3,20,22,28,4,64,NonCallBack,1.854945421218872,44634,"[35280, 2880, 2880, 2880, 448]",0.6422,0.6449508666992188,0.0703120231628418
structured_nonfinetune_0.5,20,22,28,4,64,NonCallBack,1.785161018371582,31818,"[25088, 2048, 2048, 2048, 320]",0.4397,3.5067999362945557,
structured_nonfinetune_0.8,20,22,28,4,64,NonCallBack,1.777712345123291,12106,"[9408, 768, 768, 768, 128]",0.0983,4.191613674163818,
structured_nonfinetune_0.9,20,22,28,4,64,NonCallBack,1.8811225891113281,6186,"[4704, 384, 384, 384, 64]",0.0974,0.9401943683624268,10.635228872299194
structured_nonfinetune_0.95,20,22,28,4,64,NonCallBack,1.8888592720031738,3258,"[2352, 192, 192, 192, 64]",0.0973,3.0158419609069824,
random_unstructured_finetune_0.3,20,22,28,4,64,NonCallBack,210.3838233947754,44438,"[35123, 2867, 2867, 2867, 448]",0.9696,2.5974225997924805,
random_unstructured_finetune_0.5,20,22,28,4,64,NonCallBack,209.7544596195221,31817,"[25088, 2048, 2048, 2048, 319]",0.9607,-8.785785675048828,32.32980489730835
random_unstructured_finetune_0.8,20,22,28,4,64,NonCallBack,203.25721502304077,12889,"[10035, 820, 820, 820, 128]",0.3334,-1.9519729614257812,92.43954586982727
random_unstructured_finetune_0.9,20,22,28,4,64,NonCallBack,204.6916196346283,6574,"[5017, 409, 409, 409, 64]",0.1135,-1.0151681900024414,1.4732961654663086
random_unstructured_finetune_0.95,20,22,28,4,64,NonCallBack,208.58105444908142,3422,"[2509, 205, 205, 205, 32]",0.1135,0.7376738786697388,11.164415121078491
random_unstructured_nonfinetune_0.3,20,22,28,4,64,NonCallBack,1.9546101093292236,44438,"[35123, 2867, 2867, 2867, 448]",0.832,0.678128719329834,6.221368074417114
random_unstructured_nonfinetune_0.5,20,22,28,4,64,NonCallBack,1.9541599750518799,31817,"[25088, 2048, 2048, 2048, 319]",0.6441,2.0638375282287598,
random_unstructured_nonfinetune_0.8,20,22,28,4,64,NonCallBack,1.9849815368652344,12889,"[10035, 820, 820, 820, 128]",0.0974,2.081407308578491,
random_unstructured_nonfinetune_0.9,20,22,28,4,64,NonCallBack,2.0026566982269287,6574,"[5017, 409, 409, 409, 64]",0.0974,3.4125587940216064,
random_unstructured_nonfinetune_0.95,20,22,28,4,64,NonCallBack,1.9957678318023682,3422,"[2509, 205, 205, 205, 32]",0.0974,4.931673526763916,
random_structured_finetune_0.3,20,22,28,4,64,NonCallBack,204.83703637123108,44634,"[35280, 2880, 2880, 2880, 448]",0.7864,2.075733184814453,
random_structured_finetune_0.5,20,22,28,4,64,NonCallBack,204.9399139881134,31818,"[25088, 2048, 2048, 2048, 320]",0.5782,-2.8206353187561035,2.085263967514038
random_structured_finetune_0.8,20,22,28,4,64,NonCallBack,200.31558895111084,12106,"[9408, 768, 768, 768, 128]",0.3015,0.1760503053665161,0.032440900802612305
random_structured_finetune_0.9,20,22,28,4,64,NonCallBack,210.7101845741272,6186,"[4704, 384, 384, 384, 64]",0.1135,-7.470639228820801,0.15909194946289062
random_structured_finetune_0.95,20,22,28,4,64,NonCallBack,203.52011442184448,3258,"[2352, 192, 192, 192, 64]",0.1135,1.0061548948287964,
random_structured_nonfinetune_0.3,20,22,28,4,64,NonCallBack,1.997861623764038,44634,"[35280, 2880, 2880, 2880, 448]",0.5487,-9.595911026000977,0.08935689926147461
random_structured_nonfinetune_0.5,20,22,28,4,64,NonCallBack,1.9752793312072754,31818,"[25088, 2048, 2048, 2048, 320]",0.2443,-0.7473735809326172,0.06963181495666504
random_structured_nonfinetune_0.8,20,22,28,4,64,NonCallBack,1.9883794784545898,12106,"[9408, 768, 768, 768, 128]",0.0974,3.0171561241149902,
random_structured_nonfinetune_0.9,20,22,28,4,64,NonCallBack,2.068087339401245,6186,"[4704, 384, 384, 384, 64]",0.0974,3.4335250854492188,
random_structured_nonfinetune_0.95,20,22,28,4,64,NonCallBack,1.917360544204712,3258,"[2352, 192, 192, 192, 64]",0.0974,3.829658031463623,
dense,20,22,18,2,32,NonCallBack,0,11786,"[10368, 1024, 320]",0.955,-24.508773803710938,0.836158037185669
unstructured_finetune_0.3,20,22,18,2,32,NonCallBack,182.04812026023865,8270,"[7257, 716, 223]",0.9609,-29.12726593017578,0.6783239841461182
unstructured_finetune_0.5,20,22,18,2,32,NonCallBack,180.9627594947815,5931,"[5184, 512, 161]",0.9606,-28.12360191345215,0.35634899139404297
unstructured_finetune_0.8,20,22,18,2,32,NonCallBack,181.2576220035553,2417,"[2074, 205, 64]",0.946,-11.503005027770996,0.18749713897705078
unstructured_finetune_0.9,20,22,18,2,32,NonCallBack,181.30761647224426,1245,"[1037, 102, 32]",0.9226,-11.04885482788086,0.04165196418762207
unstructured_finetune_0.95,20,22,18,2,32,NonCallBack,180.01016235351562,660,"[519, 51, 16]",0.7575,-6.438282012939453,0.008996963500976562
unstructured_nonfinetune_0.3,20,22,18,2,32,NonCallBack,1.8565278053283691,8270,"[7257, 716, 223]",0.9515,-18.20170021057129,0.7117187976837158
unstructured_nonfinetune_0.5,20,22,18,2,32,NonCallBack,1.9150550365447998,5931,"[5184, 512, 161]",0.9151,-17.533679962158203,0.4321870803833008
unstructured_nonfinetune_0.8,20,22,18,2,32,NonCallBack,1.832519769668579,2417,"[2074, 205, 64]",0.5567,-9.643209457397461,0.10765409469604492
unstructured_nonfinetune_0.9,20,22,18,2,32,NonCallBack,1.827099323272705,1245,"[1037, 102, 32]",0.1878,-7.818652153015137,0.04409503936767578
unstructured_nonfinetune_0.95,20,22,18,2,32,NonCallBack,1.9722063541412354,660,"[519, 51, 16]",0.1004,-2.920846462249756,0.012900829315185547
structured_finetune_0.3,20,22,18,2,32,NonCallBack,181.5173144340515,8130,"[7128, 704, 224]",0.7604,-0.30517578125,0.03016495704650879
structured_finetune_0.5,20,22,18,2,32,NonCallBack,181.85985231399536,5930,"[5184, 512, 160]",0.5758,1.0516853332519531,
structured_finetune_0.8,20,22,18,2,32,NonCallBack,180.81523633003235,2630,"[2268, 224, 64]",0.2912,-0.2504994869232178,0.007508993148803711
structured_finetune_0.9,20,22,18,2,32,NonCallBack,180.8089816570282,1174,"[972, 96, 32]",0.2073,1.354697346687317,
structured_finetune_0.95,20,22,18,2,32,NonCallBack,183.68111515045166,818,"[648, 64, 32]",0.207,0.8228839635848999,0.0053920745849609375
structured_nonfinetune_0.3,20,22,18,2,32,NonCallBack,1.8145110607147217,8130,"[7128, 704, 224]",0.496,-21.185688018798828,0.09080886840820312
structured_nonfinetune_0.5,20,22,18,2,32,NonCallBack,1.9149706363677979,5930,"[5184, 512, 160]",0.2324,-17.385583877563477,0.01159214973449707
structured_nonfinetune_0.8,20,22,18,2,32,NonCallBack,1.8229072093963623,2630,"[2268, 224, 64]",0.1841,-21.79902458190918,0.03552508354187012
structured_nonfinetune_0.9,20,22,18,2,32,NonCallBack,1.8260622024536133,1174,"[972, 96, 32]",0.1394,-6.513323783874512,0.0061838626861572266
structured_nonfinetune_0.95,20,22,18,2,32,NonCallBack,1.8876564502716064,818,"[648, 64, 32]",0.0861,0.03978395462036133,0.005415916442871094
random_unstructured_finetune_0.3,20,22,18,2,32,NonCallBack,182.49492621421814,8270,"[7257, 716, 223]",0.949,-22.261920928955078,0.29862189292907715
random_unstructured_finetune_0.5,20,22,18,2,32,NonCallBack,185.96126747131348,5931,"[5184, 512, 161]",0.9289,-12.720975875854492,0.27182722091674805
random_unstructured_finetune_0.8,20,22,18,2,32,NonCallBack,184.40920543670654,2417,"[2074, 205, 64]",0.8271,-8.11012077331543,0.0794370174407959
random_unstructured_finetune_0.9,20,22,18,2,32,NonCallBack,184.36882877349854,1245,"[1037, 102, 32]",0.4936,-7.223663330078125,0.03776407241821289
random_unstructured_finetune_0.95,20,22,18,2,32,NonCallBack,182.48873901367188,660,"[519, 51, 16]",0.1781,-5.379303455352783,0.008295059204101562
random_unstructured_nonfinetune_0.3,20,22,18,2,32,NonCallBack,1.9590089321136475,8270,"[7257, 716, 223]",0.5391,-16.499595642089844,0.49732494354248047
random_unstructured_nonfinetune_0.5,20,22,18,2,32,NonCallBack,2.1056711673736572,5931,"[5184, 512, 161]",0.3739,-14.05183219909668,0.20482683181762695
random_unstructured_nonfinetune_0.8,20,22,18,2,32,NonCallBack,1.9518775939941406,2417,"[2074, 205, 64]",0.1281,-3.8315653800964355,0.013885021209716797
random_unstructured_nonfinetune_0.9,20,22,18,2,32,NonCallBack,1.9430906772613525,1245,"[1037, 102, 32]",0.1135,-1.5787644386291504,0.012345075607299805
random_unstructured_nonfinetune_0.95,20,22,18,2,32,NonCallBack,2.072577714920044,660,"[519, 51, 16]",0.1136,-1.5251209735870361,0.023176193237304688
random_structured_finetune_0.3,20,22,18,2,32,NonCallBack,184.24846482276917,8130,"[7128, 704, 224]",0.7601,1.0717711448669434,
random_structured_finetune_0.5,20,22,18,2,32,NonCallBack,185.31193614006042,5930,"[5184, 512, 160]",0.5669,1.0926470756530762,
random_structured_finetune_0.8,20,22,18,2,32,NonCallBack,185.60226559638977,2630,"[2268, 224, 64]",0.2842,1.4656437635421753,
random_structured_finetune_0.9,20,22,18,2,32,NonCallBack,185.09521412849426,1174,"[972, 96, 32]",0.2105,0.915972113609314,0.0061872005462646484
random_structured_finetune_0.95,20,22,18,2,32,NonCallBack,185.93912172317505,818,"[648, 64, 32]",0.2098,1.5067238807678223,
random_structured_nonfinetune_0.3,20,22,18,2,32,NonCallBack,1.9609887599945068,8130,"[7128, 704, 224]",0.5473,-19.94148826599121,0.20784211158752441
random_structured_nonfinetune_0.5,20,22,18,2,32,NonCallBack,2.004042387008667,5930,"[5184, 512, 160]",0.2442,-30.89376449584961,0.01162099838256836
random_structured_nonfinetune_0.8,20,22,18,2,32,NonCallBack,2.066612720489502,2630,"[2268, 224, 64]",0.0923,3.0728280544281006,
random_structured_nonfinetune_0.9,20,22,18,2,32,NonCallBack,1.9895164966583252,1174,"[972, 96, 32]",0.124,1.600953221321106,
random_structured_nonfinetune_0.95,20,22,18,2,32,NonCallBack,2.030238389968872,818,"[648, 64, 32]",0.1135,0.7511143088340759,0.004951953887939453
dense,20,22,18,2,64,NonCallBack,0,25610,"[20736, 4096, 640]",0.9589,-19.909996032714844,0.2999591827392578
unstructured_finetune_0.3,20,22,18,2,64,NonCallBack,181.427472114563,17968,"[14515, 2867, 448]",0.9701,-21.03200340270996,3.1185381412506104
unstructured_finetune_0.5,20,22,18,2,64,NonCallBack,181.9272656440735,12873,"[10368, 2048, 319]",0.9692,-26.07164764404297,1.65519380569458
unstructured_finetune_0.8,20,22,18,2,64,NonCallBack,181.32482767105103,5233,"[4147, 820, 128]",0.9619,-18.732006072998047,0.4321880340576172
unstructured_finetune_0.9,20,22,18,2,64,NonCallBack,185.63009309768677,2685,"[2074, 409, 64]",0.9454,-25.22814178466797,0.1533370018005371
unstructured_finetune_0.95,20,22,18,2,64,NonCallBack,186.8380160331726,1411,"[1036, 205, 32]",0.9192,-19.117103576660156,0.06845808029174805
unstructured_nonfinetune_0.3,20,22,18,2,64,NonCallBack,1.8936939239501953,17968,"[14515, 2867, 448]",0.9584,-26.368370056152344,0.3947482109069824
unstructured_nonfinetune_0.5,20,22,18,2,64,NonCallBack,1.9520304203033447,12873,"[10368, 2048, 319]",0.9494,-26.087627410888672,0.3286318778991699
unstructured_nonfinetune_0.8,20,22,18,2,64,NonCallBack,1.9127745628356934,5233,"[4147, 820, 128]",0.7642,-9.002204895019531,0.8221950531005859
unstructured_nonfinetune_0.9,20,22,18,2,64,NonCallBack,1.822159767150879,2685,"[2074, 409, 64]",0.3971,-3.3946762084960938,0.08942484855651855
unstructured_nonfinetune_0.95,20,22,18,2,64,NonCallBack,1.8602964878082275,1411,"[1036, 205, 32]",0.1789,0.8710302114486694,0.055891990661621094
structured_finetune_0.3,20,22,18,2,64,NonCallBack,180.79374504089355,18046,"[14580, 2880, 448]",0.7733,-25.97133445739746,1.7271699905395508
structured_finetune_0.5,20,22,18,2,64,NonCallBack,182.26252508163452,12874,"[10368, 2048, 320]",0.5787,-25.516250610351562,0.8586199283599854
structured_finetune_0.8,20,22,18,2,64,NonCallBack,181.46724224090576,4922,"[3888, 768, 128]",0.298,1.8179720640182495,
structured_finetune_0.9,20,22,18,2,64,NonCallBack,180.7365264892578,2530,"[1944, 384, 64]",0.1975,-0.9080708026885986,0.008757829666137695
structured_finetune_0.95,20,22,18,2,64,NonCallBack,182.20368146896362,1366,"[972, 192, 64]",0.1969,1.7033298015594482,
structured_nonfinetune_0.3,20,22,18,2,64,NonCallBack,1.829395055770874,18046,"[14580, 2880, 448]",0.6775,-28.68537712097168,1.699695110321045
structured_nonfinetune_0.5,20,22,18,2,64,NonCallBack,1.8123223781585693,12874,"[10368, 2048, 320]",0.4733,-27.293731689453125,0.18777799606323242
structured_nonfinetune_0.8,20,22,18,2,64,NonCallBack,1.8360435962677002,4922,"[3888, 768, 128]",0.0953,-12.10311222076416,0.010339975357055664
structured_nonfinetune_0.9,20,22,18,2,64,NonCallBack,1.9107682704925537,2530,"[1944, 384, 64]",0.0892,-9.734561920166016,0.008568048477172852
structured_nonfinetune_0.95,20,22,18,2,64,NonCallBack,1.8649001121520996,1366,"[972, 192, 64]",0.0892,2.8445234298706055,
random_unstructured_finetune_0.3,20,22,18,2,64,NonCallBack,181.8406000137329,17968,"[14515, 2867, 448]",0.9607,-21.05754280090332,0.9154820442199707
random_unstructured_finetune_0.5,20,22,18,2,64,NonCallBack,185.9792513847351,12873,"[10368, 2048, 319]",0.9432,-17.059146881103516,0.5735371112823486
random_unstructured_finetune_0.8,20,22,18,2,64,NonCallBack,184.60864305496216,5233,"[4147, 820, 128]",0.8515,-12.301465034484863,0.1455700397491455
random_unstructured_finetune_0.9,20,22,18,2,64,NonCallBack,184.5510437488556,2685,"[2074, 409, 64]",0.5364,-7.534233093261719,0.09147810935974121
random_unstructured_finetune_0.95,20,22,18,2,64,NonCallBack,196.32191443443298,1411,"[1036, 205, 32]",0.2727,-0.7690366506576538,0.044888973236083984
random_unstructured_nonfinetune_0.3,20,22,18,2,64,NonCallBack,1.993818759918213,17968,"[14515, 2867, 448]",0.8031,-18.932125091552734,0.9868850708007812
random_unstructured_nonfinetune_0.5,20,22,18,2,64,NonCallBack,1.9732472896575928,12873,"[10368, 2048, 319]",0.6395,-20.69573211669922,1.1236019134521484
random_unstructured_nonfinetune_0.8,20,22,18,2,64,NonCallBack,1.9645586013793945,5233,"[4147, 820, 128]",0.1794,-3.261795997619629,0.3801279067993164
random_unstructured_nonfinetune_0.9,20,22,18,2,64,NonCallBack,2.001797676086426,2685,"[2074, 409, 64]",0.1148,2.1842732429504395,
random_unstructured_nonfinetune_0.95,20,22,18,2,64,NonCallBack,1.9816596508026123,1411,"[1036, 205, 32]",0.0892,-0.5745640993118286,0.038899898529052734
random_structured_finetune_0.3,20,22,18,2,64,NonCallBack,185.05825543403625,18046,"[14580, 2880, 448]",0.7709,-7.453091621398926,0.6326911449432373
random_structured_finetune_0.5,20,22,18,2,64,NonCallBack,184.72453999519348,12874,"[10368, 2048, 320]",0.5771,-22.493505477905273,0.3966519832611084
random_structured_finetune_0.8,20,22,18,2,64,NonCallBack,186.87062668800354,4922,"[3888, 768, 128]",0.2847,-0.4521791934967041,0.012060165405273438
random_structured_finetune_0.9,20,22,18,2,64,NonCallBack,181.52012085914612,2530,"[1944, 384, 64]",0.2069,2.886714458465576,
random_structured_finetune_0.95,20,22,18,2,64,NonCallBack,183.66612815856934,1366,"[972, 192, 64]",0.2058,0.9632687568664551,0.005856990814208984
random_structured_nonfinetune_0.3,20,22,18,2,64,NonCallBack,1.992724895477295,18046,"[14580, 2880, 448]",0.6228,-9.04510498046875,0.6894638538360596
random_structured_nonfinetune_0.5,20,22,18,2,64,NonCallBack,2.0637121200561523,12874,"[10368, 2048, 320]",0.2372,-14.465930938720703,0.4372560977935791
random_structured_nonfinetune_0.8,20,22,18,2,64,NonCallBack,2.108342409133911,4922,"[3888, 768, 128]",0.0888,3.043489933013916,
random_structured_nonfinetune_0.9,20,22,18,2,64,NonCallBack,1.9787299633026123,2530,"[1944, 384, 64]",0.0892,4.266628265380859,
random_structured_nonfinetune_0.95,20,22,18,2,64,NonCallBack,2.007631778717041,1366,"[972, 192, 64]",0.0892,2.4371249675750732,
dense,20,22,18,4,32,NonCallBack,0,13898,"[10368, 1024, 1024, 1024, 320]",0.9545,-22.85453987121582,4.752640962600708
unstructured_finetune_0.3,20,22,18,4,32,NonCallBack,201.18960785865784,9766,"[7257, 716, 716, 716, 223]",0.9638,-22.125354766845703,3.251152992248535
unstructured_finetune_0.5,20,22,18,4,32,NonCallBack,200.602370262146,7019,"[5184, 512, 512, 512, 161]",0.9622,-21.774145126342773,2.800795793533325
unstructured_finetune_0.8,20,22,18,4,32,NonCallBack,205.49209070205688,2891,"[2074, 205, 205, 205, 64]",0.9543,-19.645837783813477,0.9116029739379883
unstructured_finetune_0.9,20,22,18,4,32,NonCallBack,200.5859978199005,1513,"[1037, 102, 102, 102, 32]",0.9368,-18.619911193847656,0.33054089546203613
unstructured_finetune_0.95,20,22,18,4,32,NonCallBack,200.59309220314026,826,"[519, 51, 51, 51, 16]",0.8857,-18.617734909057617,0.010988950729370117
unstructured_nonfinetune_0.3,20,22,18,4,32,NonCallBack,1.965622901916504,9766,"[7257, 716, 716, 716, 223]",0.9524,-22.929580688476562,3.9310028553009033
unstructured_nonfinetune_0.5,20,22,18,4,32,NonCallBack,1.8424615859985352,7019,"[5184, 512, 512, 512, 161]",0.9198,-15.894224166870117,2.4652838706970215
unstructured_nonfinetune_0.8,20,22,18,4,32,NonCallBack,1.9536783695220947,2891,"[2074, 205, 205, 205, 64]",0.4048,-14.031753540039062,1.00876784324646
unstructured_nonfinetune_0.9,20,22,18,4,32,NonCallBack,1.8566014766693115,1513,"[1037, 102, 102, 102, 32]",0.1821,-18.088420867919922,0.20630788803100586
unstructured_nonfinetune_0.95,20,22,18,4,32,NonCallBack,1.8389348983764648,826,"[519, 51, 51, 51, 16]",0.1098,-1.1623530387878418,0.010931015014648438
structured_finetune_0.3,20,22,18,4,32,NonCallBack,200.26978588104248,9602,"[7128, 704, 704, 704, 224]",0.7727,-16.924169540405273,59.468595027923584
structured_finetune_0.5,20,22,18,4,32,NonCallBack,205.61368370056152,7018,"[5184, 512, 512, 512, 160]",0.578,-0.3295257091522217,0.01470494270324707
structured_finetune_0.8,20,22,18,4,32,NonCallBack,201.03765869140625,3142,"[2268, 224, 224, 224, 64]",0.3061,-1.8268132209777832,0.0116729736328125
structured_finetune_0.9,20,22,18,4,32,NonCallBack,206.34404635429382,1430,"[972, 96, 96, 96, 32]",0.2089,1.3571405410766602,
structured_finetune_0.95,20,22,18,4,32,NonCallBack,201.48022174835205,1010,"[648, 64, 64, 64, 32]",0.1811,1.2576292753219604,
structured_nonfinetune_0.3,20,22,18,4,32,NonCallBack,1.8874742984771729,9602,"[7128, 704, 704, 704, 224]",0.5393,-21.343671798706055,42.04367995262146
structured_nonfinetune_0.5,20,22,18,4,32,NonCallBack,1.8321866989135742,7018,"[5184, 512, 512, 512, 160]",0.1875,-22.268600463867188,0.01439976692199707
structured_nonfinetune_0.8,20,22,18,4,32,NonCallBack,1.868096113204956,3142,"[2268, 224, 224, 224, 64]",0.1641,-4.762119293212891,3.3574271202087402
structured_nonfinetune_0.9,20,22,18,4,32,NonCallBack,1.837228775024414,1430,"[972, 96, 96, 96, 32]",0.1028,-1.058837890625,0.008420944213867188
structured_nonfinetune_0.95,20,22,18,4,32,NonCallBack,1.8418285846710205,1010,"[648, 64, 64, 64, 32]",0.1028,-2.3949172496795654,0.00727391242980957
random_unstructured_finetune_0.3,20,22,18,4,32,NonCallBack,201.85254049301147,9766,"[7257, 716, 716, 716, 223]",0.9535,-11.083054542541504,1.219141960144043
random_unstructured_finetune_0.5,20,22,18,4,32,NonCallBack,202.59806632995605,7019,"[5184, 512, 512, 512, 161]",0.9336,-19.659114837646484,23.64916181564331
random_unstructured_finetune_0.8,20,22,18,4,32,NonCallBack,202.61308574676514,2891,"[2074, 205, 205, 205, 64]",0.4199,3.2515575885772705,
random_unstructured_finetune_0.9,20,22,18,4,32,NonCallBack,203.4009530544281,1513,"[1037, 102, 102, 102, 32]",0.1135,-7.173336029052734,0.03167915344238281
random_unstructured_finetune_0.95,20,22,18,4,32,NonCallBack,200.15417623519897,826,"[519, 51, 51, 51, 16]",0.1135,4.318586826324463,
random_unstructured_nonfinetune_0.3,20,22,18,4,32,NonCallBack,2.0218441486358643,9766,"[7257, 716, 716, 716, 223]",0.2901,-22.467241287231445,106.73161792755127
random_unstructured_nonfinetune_0.5,20,22,18,4,32,NonCallBack,2.0201072692871094,7019,"[5184, 512, 512, 512, 161]",0.3797,-23.473899841308594,80.5544638633728
random_unstructured_nonfinetune_0.8,20,22,18,4,32,NonCallBack,2.024047613143921,2891,"[2074, 205, 205, 205, 64]",0.0892,-1.365736961364746,11.356441974639893
random_unstructured_nonfinetune_0.9,20,22,18,4,32,NonCallBack,1.9609172344207764,1513,"[1037, 102, 102, 102, 32]",0.1135,-3.5327696800231934,0.027487993240356445
random_unstructured_nonfinetune_0.95,20,22,18,4,32,NonCallBack,2.011321544647217,826,"[519, 51, 51, 51, 16]",0.1135,-5.289885520935059,0.008842945098876953
random_structured_finetune_0.3,20,22,18,4,32,NonCallBack,201.27785086631775,9602,"[7128, 704, 704, 704, 224]",0.7583,-4.2431511878967285,0.5976431369781494
random_structured_finetune_0.5,20,22,18,4,32,NonCallBack,210.094566822052,7018,"[5184, 512, 512, 512, 160]",0.5583,-2.179839611053467,0.01338815689086914
random_structured_finetune_0.8,20,22,18,4,32,NonCallBack,213.84793066978455,3142,"[2268, 224, 224, 224, 64]",0.2913,2.4900152683258057,
random_structured_finetune_0.9,20,22,18,4,32,NonCallBack,199.11878108978271,1430,"[972, 96, 96, 96, 32]",0.1135,-0.4090874195098877,0.009545087814331055
random_structured_finetune_0.95,20,22,18,4,32,NonCallBack,211.79188513755798,1010,"[648, 64, 64, 64, 32]",0.1135,0.8132789731025696,0.0056340694427490234
random_structured_nonfinetune_0.3,20,22,18,4,32,NonCallBack,2.1130123138427734,9602,"[7128, 704, 704, 704, 224]",0.3792,-14.021455764770508,37.03522205352783
random_structured_nonfinetune_0.5,20,22,18,4,32,NonCallBack,2.0520293712615967,7018,"[5184, 512, 512, 512, 160]",0.2739,-17.92093276977539,0.919044017791748
random_structured_nonfinetune_0.8,20,22,18,4,32,NonCallBack,2.0714824199676514,3142,"[2268, 224, 224, 224, 64]",0.1135,-0.29541897773742676,0.00821995735168457
random_structured_nonfinetune_0.9,20,22,18,4,32,NonCallBack,2.021010637283325,1430,"[972, 96, 96, 96, 32]",0.1135,-1.0747451782226562,0.006078958511352539
random_structured_nonfinetune_0.95,20,22,18,4,32,NonCallBack,2.0639140605926514,1010,"[648, 64, 64, 64, 32]",0.1135,-0.3455841541290283,0.006190061569213867
dense,20,22,18,4,64,NonCallBack,0,33930,"[20736, 4096, 4096, 4096, 640]",0.9611,-12.251628875732422,167.00156998634338
unstructured_finetune_0.3,20,22,18,4,64,NonCallBack,202.48660707473755,23830,"[14515, 2867, 2867, 2867, 448]",0.9749,-14.862629890441895,10.55640983581543
unstructured_finetune_0.5,20,22,18,4,64,NonCallBack,200.71105933189392,17097,"[10368, 2048, 2048, 2048, 319]",0.9744,-15.430011749267578,113.9170970916748
unstructured_finetune_0.8,20,22,18,4,64,NonCallBack,201.51719403266907,7001,"[4147, 820, 820, 820, 128]",0.9697,-18.970502853393555,4.479021072387695
unstructured_finetune_0.9,20,22,18,4,64,NonCallBack,199.07896161079407,3631,"[2074, 409, 409, 409, 64]",0.958,-20.04082489013672,2.0141899585723877
unstructured_finetune_0.95,20,22,18,4,64,NonCallBack,202.3186411857605,1949,"[1036, 205, 205, 205, 32]",0.936,-13.347397804260254,0.50400710105896
unstructured_nonfinetune_0.3,20,22,18,4,64,NonCallBack,1.8348853588104248,23830,"[14515, 2867, 2867, 2867, 448]",0.9619,2.4868922233581543,
unstructured_nonfinetune_0.5,20,22,18,4,64,NonCallBack,1.9471914768218994,17097,"[10368, 2048, 2048, 2048, 319]",0.9585,-7.863799095153809,123.98563814163208
unstructured_nonfinetune_0.8,20,22,18,4,64,NonCallBack,1.9037683010101318,7001,"[4147, 820, 820, 820, 128]",0.619,-13.691123008728027,5.055468797683716
unstructured_nonfinetune_0.9,20,22,18,4,64,NonCallBack,1.8871726989746094,3631,"[2074, 409, 409, 409, 64]",0.1772,-11.73558235168457,0.03422713279724121
unstructured_nonfinetune_0.95,20,22,18,4,64,NonCallBack,1.8641808032989502,1949,"[1036, 205, 205, 205, 32]",0.0893,-10.713937759399414,0.23321104049682617
structured_finetune_0.3,20,22,18,4,64,NonCallBack,207.49455976486206,23934,"[14580, 2880, 2880, 2880, 448]",0.7891,-20.52745246887207,190.46087193489075
structured_finetune_0.5,20,22,18,4,64,NonCallBack,201.60117959976196,17098,"[10368, 2048, 2048, 2048, 320]",0.591,-13.963193893432617,67.69667792320251
structured_finetune_0.8,20,22,18,4,64,NonCallBack,206.0167121887207,6586,"[3888, 768, 768, 768, 128]",0.3024,-0.8140614032745361,0.013422012329101562
structured_finetune_0.9,20,22,18,4,64,NonCallBack,201.87812113761902,3426,"[1944, 384, 384, 384, 64]",0.2064,0.7771275639533997,0.011156082153320312
structured_finetune_0.95,20,22,18,4,64,NonCallBack,201.25492882728577,1878,"[972, 192, 192, 192, 64]",0.2055,2.3827853202819824,
structured_nonfinetune_0.3,20,22,18,4,64,NonCallBack,1.936173677444458,23934,"[14580, 2880, 2880, 2880, 448]",0.6662,-9.391988754272461,6.843354940414429
structured_nonfinetune_0.5,20,22,18,4,64,NonCallBack,1.8607656955718994,17098,"[10368, 2048, 2048, 2048, 320]",0.5185,-0.9256734848022461,0.03114914894104004
structured_nonfinetune_0.8,20,22,18,4,64,NonCallBack,1.921473741531372,6586,"[3888, 768, 768, 768, 128]",0.1009,2.403815269470215,
structured_nonfinetune_0.9,20,22,18,4,64,NonCallBack,1.926034688949585,3426,"[1944, 384, 384, 384, 64]",0.1009,0.40624988079071045,0.010609149932861328
structured_nonfinetune_0.95,20,22,18,4,64,NonCallBack,1.8659164905548096,1878,"[972, 192, 192, 192, 64]",0.1009,-3.063260078430176,0.008147954940795898
random_unstructured_finetune_0.3,20,22,18,4,64,NonCallBack,202.48229575157166,23830,"[14515, 2867, 2867, 2867, 448]",0.9667,-20.828857421875,148.55737781524658
random_unstructured_finetune_0.5,20,22,18,4,64,NonCallBack,199.0554711818695,17097,"[10368, 2048, 2048, 2048, 319]",0.9504,-10.932807922363281,5.6900811195373535
random_unstructured_finetune_0.8,20,22,18,4,64,NonCallBack,203.38509035110474,7001,"[4147, 820, 820, 820, 128]",0.4045,-13.473320007324219,1.2015490531921387
random_unstructured_finetune_0.9,20,22,18,4,64,NonCallBack,211.83844208717346,3631,"[2074, 409, 409, 409, 64]",0.1135,-0.5630908012390137,0.48194408416748047
random_unstructured_finetune_0.95,20,22,18,4,64,NonCallBack,203.4085249900818,1949,"[1036, 205, 205, 205, 32]",0.1135,1.4784941673278809,
random_unstructured_nonfinetune_0.3,20,22,18,4,64,NonCallBack,2.112330436706543,23830,"[14515, 2867, 2867, 2867, 448]",0.7883,-2.8448710441589355,6.261352062225342
random_unstructured_nonfinetune_0.5,20,22,18,4,64,NonCallBack,2.0838735103607178,17097,"[10368, 2048, 2048, 2048, 319]",0.2241,-4.249454498291016,4.753374814987183
random_unstructured_nonfinetune_0.8,20,22,18,4,64,NonCallBack,2.109201669692993,7001,"[4147, 820, 820, 820, 128]",0.1009,-10.724546432495117,0.042214155197143555
random_unstructured_nonfinetune_0.9,20,22,18,4,64,NonCallBack,2.0071322917938232,3631,"[2074, 409, 409, 409, 64]",0.1009,0.7699322700500488,0.9809329509735107
random_unstructured_nonfinetune_0.95,20,22,18,4,64,NonCallBack,2.0298752784729004,1949,"[1036, 205, 205, 205, 32]",0.1009,-3.38137149810791,0.08798885345458984
random_structured_finetune_0.3,20,22,18,4,64,NonCallBack,209.96408700942993,23934,"[14580, 2880, 2880, 2880, 448]",0.7656,-9.991447448730469,105.5098168849945
random_structured_finetune_0.5,20,22,18,4,64,NonCallBack,211.27839875221252,17098,"[10368, 2048, 2048, 2048, 320]",0.5926,-15.176813125610352,65.75059199333191
random_structured_finetune_0.8,20,22,18,4,64,NonCallBack,199.63872456550598,6586,"[3888, 768, 768, 768, 128]",0.2988,-4.316350936889648,0.018100976943969727
random_structured_finetune_0.9,20,22,18,4,64,NonCallBack,210.69864964485168,3426,"[1944, 384, 384, 384, 64]",0.1135,-0.9372739791870117,0.01927018165588379
random_structured_finetune_0.95,20,22,18,4,64,NonCallBack,200.84948253631592,1878,"[972, 192, 192, 192, 64]",0.1135,1.5150858163833618,
random_structured_nonfinetune_0.3,20,22,18,4,64,NonCallBack,2.0297491550445557,23934,"[14580, 2880, 2880, 2880, 448]",0.4644,-13.443381309509277,5.115105867385864
random_structured_nonfinetune_0.5,20,22,18,4,64,NonCallBack,1.9896345138549805,17098,"[10368, 2048, 2048, 2048, 320]",0.2191,0.5621602535247803,0.03872084617614746
random_structured_nonfinetune_0.8,20,22,18,4,64,NonCallBack,2.003676652908325,6586,"[3888, 768, 768, 768, 128]",0.0892,-0.27424705028533936,0.014912843704223633
random_structured_nonfinetune_0.9,20,22,18,4,64,NonCallBack,2.046257972717285,3426,"[1944, 384, 384, 384, 64]",0.1009,-1.9120690822601318,0.010731935501098633
random_structured_nonfinetune_0.95,20,22,18,4,64,NonCallBack,2.0642597675323486,1878,"[972, 192, 192, 192, 64]",0.1009,1.4329984188079834,
dense,30,32,28,2,32,NonCallBack,0,26506,"[25088, 1024, 320]",0.9561,-15.345283508300781,2.629209041595459
unstructured_finetune_0.3,30,32,28,2,32,NonCallBack,180.34898924827576,18574,"[17561, 716, 223]",0.965,-14.892536163330078,2.291999101638794
unstructured_finetune_0.5,30,32,28,2,32,NonCallBack,185.6102740764618,13291,"[12544, 512, 161]",0.9642,-14.460159301757812,0.9655258655548096
unstructured_finetune_0.8,30,32,28,2,32,NonCallBack,178.39384198188782,5361,"[5018, 205, 64]",0.9526,-12.048750877380371,0.5201210975646973
unstructured_finetune_0.9,30,32,28,2,32,NonCallBack,179.0178325176239,2717,"[2509, 102, 32]",0.9312,-10.462383270263672,0.2103710174560547
unstructured_finetune_0.95,30,32,28,2,32,NonCallBack,180.7156744003296,1396,"[1255, 51, 16]",0.8757,-19.13799476623535,0.06745004653930664
unstructured_nonfinetune_0.3,30,32,28,2,32,NonCallBack,1.8870470523834229,18574,"[17561, 716, 223]",0.9525,-15.372371673583984,2.2028920650482178
unstructured_nonfinetune_0.5,30,32,28,2,32,NonCallBack,1.8247380256652832,13291,"[12544, 512, 161]",0.908,-13.795363426208496,0.8449668884277344
unstructured_nonfinetune_0.8,30,32,28,2,32,NonCallBack,1.845824956893921,5361,"[5018, 205, 64]",0.4162,-15.845163345336914,0.3440380096435547
unstructured_nonfinetune_0.9,30,32,28,2,32,NonCallBack,1.8280138969421387,2717,"[2509, 102, 32]",0.4184,-0.5734210014343262,1.734713077545166
unstructured_nonfinetune_0.95,30,32,28,2,32,NonCallBack,1.8166325092315674,1396,"[1255, 51, 16]",0.1097,0.10048997402191162,0.03185915946960449
structured_finetune_0.3,30,32,28,2,32,NonCallBack,178.8577663898468,18250,"[17248, 704, 224]",0.762,-14.415460586547852,17.915114879608154
structured_finetune_0.5,30,32,28,2,32,NonCallBack,179.51468515396118,13290,"[12544, 512, 160]",0.5809,-0.6850370168685913,0.03966498374938965
structured_finetune_0.8,30,32,28,2,32,NonCallBack,178.77035760879517,5850,"[5488, 224, 64]",0.3016,2.4940860271453857,
structured_finetune_0.9,30,32,28,2,32,NonCallBack,179.29153323173523,2554,"[2352, 96, 32]",0.2072,0.023821353912353516,0.011206865310668945
structured_finetune_0.95,30,32,28,2,32,NonCallBack,183.17645740509033,1738,"[1568, 64, 32]",0.2054,2.744697093963623,
structured_nonfinetune_0.3,30,32,28,2,32,NonCallBack,1.897475004196167,18250,"[17248, 704, 224]",0.4792,-7.555137634277344,1.2083899974822998
structured_nonfinetune_0.5,30,32,28,2,32,NonCallBack,1.8457791805267334,13290,"[12544, 512, 160]",0.2894,-0.8856230974197388,13.65297794342041
structured_nonfinetune_0.8,30,32,28,2,32,NonCallBack,1.858069896697998,5850,"[5488, 224, 64]",0.1803,2.8393678665161133,
structured_nonfinetune_0.9,30,32,28,2,32,NonCallBack,1.8988981246948242,2554,"[2352, 96, 32]",0.101,4.47015905380249,
structured_nonfinetune_0.95,30,32,28,2,32,NonCallBack,1.9256165027618408,1738,"[1568, 64, 32]",0.101,5.109467506408691,
random_unstructured_finetune_0.3,30,32,28,2,32,NonCallBack,181.43383693695068,18574,"[17561, 716, 223]",0.9558,-12.110949516296387,0.6546111106872559
random_unstructured_finetune_0.5,30,32,28,2,32,NonCallBack,181.47968006134033,13291,"[12544, 512, 161]",0.9413,-11.626808166503906,0.5990428924560547
random_unstructured_finetune_0.8,30,32,28,2,32,NonCallBack,181.15370106697083,5361,"[5018, 205, 64]",0.8714,-2.869516611099243,0.2813749313354492
random_unstructured_finetune_0.9,30,32,28,2,32,NonCallBack,181.54891967773438,2717,"[2509, 102, 32]",0.4985,4.9074625968933105,
random_unstructured_finetune_0.95,30,32,28,2,32,NonCallBack,193.8101978302002,1396,"[1255, 51, 16]",0.2255,0.27717292308807373,0.04213213920593262
random_unstructured_nonfinetune_0.3,30,32,28,2,32,NonCallBack,1.898507833480835,18574,"[17561, 716, 223]",0.6697,-8.999421119689941,1.1462130546569824
random_unstructured_nonfinetune_0.5,30,32,28,2,32,NonCallBack,1.9132261276245117,13291,"[12544, 512, 161]",0.3806,-7.817435264587402,0.9139318466186523
random_unstructured_nonfinetune_0.8,30,32,28,2,32,NonCallBack,1.951026201248169,5361,"[5018, 205, 64]",0.1703,6.941667079925537,
random_unstructured_nonfinetune_0.9,30,32,28,2,32,NonCallBack,1.9627900123596191,2717,"[2509, 102, 32]",0.0791,-4.798608779907227,0.0656590461730957
random_unstructured_nonfinetune_0.95,30,32,28,2,32,NonCallBack,2.0111453533172607,1396,"[1255, 51, 16]",0.101,4.276754856109619,
random_structured_finetune_0.3,30,32,28,2,32,NonCallBack,182.7476613521576,18250,"[17248, 704, 224]",0.7656,-9.344955444335938,0.41373515129089355
random_structured_finetune_0.5,30,32,28,2,32,NonCallBack,196.25564813613892,13290,"[12544, 512, 160]",0.5898,2.6349549293518066,
random_structured_finetune_0.8,30,32,28,2,32,NonCallBack,183.63036513328552,5850,"[5488, 224, 64]",0.3014,1.400423288345337,
random_structured_finetune_0.9,30,32,28,2,32,NonCallBack,194.53647828102112,2554,"[2352, 96, 32]",0.1963,0.9100131988525391,0.02123403549194336
random_structured_finetune_0.95,30,32,28,2,32,NonCallBack,181.35220527648926,1738,"[1568, 64, 32]",0.2032,7.1658616065979,
random_structured_nonfinetune_0.3,30,32,28,2,32,NonCallBack,1.977795124053955,18250,"[17248, 704, 224]",0.4175,-8.899364471435547,0.737152099609375
random_structured_nonfinetune_0.5,30,32,28,2,32,NonCallBack,1.965606451034546,13290,"[12544, 512, 160]",0.229,-6.727179050445557,0.17490410804748535
random_structured_nonfinetune_0.8,30,32,28,2,32,NonCallBack,1.9966919422149658,5850,"[5488, 224, 64]",0.0892,-0.3159433603286743,0.08853602409362793
random_structured_nonfinetune_0.9,30,32,28,2,32,NonCallBack,2.0266685485839844,2554,"[2352, 96, 32]",0.1958,-1.07242751121521,0.00957489013671875
random_structured_nonfinetune_0.95,30,32,28,2,32,NonCallBack,1.9491503238677979,1738,"[1568, 64, 32]",0.101,3.7052602767944336,
dense,30,32,28,2,64,NonCallBack,0,55050,"[50176, 4096, 640]",0.9661,-13.880403518676758,123.32317304611206
unstructured_finetune_0.3,30,32,28,2,64,NonCallBack,179.40586614608765,38576,"[35123, 2867, 448]",0.9763,-11.388283729553223,70.5753321647644
unstructured_finetune_0.5,30,32,28,2,64,NonCallBack,180.52256560325623,27593,"[25088, 2048, 319]",0.9761,-11.381430625915527,61.24792790412903
unstructured_finetune_0.8,30,32,28,2,64,NonCallBack,180.96803545951843,11121,"[10035, 820, 128]",0.9686,-12.826009750366211,1.5087769031524658
unstructured_finetune_0.9,30,32,28,2,64,NonCallBack,179.82210659980774,5628,"[5017, 409, 64]",0.9545,-11.164533615112305,0.3263120651245117
unstructured_finetune_0.95,30,32,28,2,64,NonCallBack,180.35556936264038,2884,"[2509, 205, 32]",0.9315,-7.5480194091796875,0.1485588550567627
unstructured_nonfinetune_0.3,30,32,28,2,64,NonCallBack,1.8120307922363281,38576,"[35123, 2867, 448]",0.9658,-13.310113906860352,1.0316519737243652
unstructured_nonfinetune_0.5,30,32,28,2,64,NonCallBack,1.7753689289093018,27593,"[25088, 2048, 319]",0.955,-14.465685844421387,0.40628790855407715
unstructured_nonfinetune_0.8,30,32,28,2,64,NonCallBack,1.7805430889129639,11121,"[10035, 820, 128]",0.8756,-5.180056571960449,0.953009843826294
unstructured_nonfinetune_0.9,30,32,28,2,64,NonCallBack,1.853797435760498,5628,"[5017, 409, 64]",0.4332,-2.3933229446411133,0.17330598831176758
unstructured_nonfinetune_0.95,30,32,28,2,64,NonCallBack,1.8319413661956787,2884,"[2509, 205, 32]",0.1651,-4.801138877868652,0.11727213859558105
structured_finetune_0.3,30,32,28,2,64,NonCallBack,180.1594557762146,38746,"[35280, 2880, 448]",0.7793,-9.522246360778809,5.751834154129028
structured_finetune_0.5,30,32,28,2,64,NonCallBack,179.58548831939697,27594,"[25088, 2048, 320]",0.5815,-10.073972702026367,2.181701183319092
structured_finetune_0.8,30,32,28,2,64,NonCallBack,180.16442441940308,10442,"[9408, 768, 128]",0.2992,4.322272300720215,
structured_finetune_0.9,30,32,28,2,64,NonCallBack,178.38149189949036,5290,"[4704, 384, 64]",0.2094,3.6814217567443848,
structured_finetune_0.95,30,32,28,2,64,NonCallBack,179.70266461372375,2746,"[2352, 192, 64]",0.2083,3.220816135406494,
structured_nonfinetune_0.3,30,32,28,2,64,NonCallBack,1.955557107925415,38746,"[35280, 2880, 448]",0.5741,-5.185287952423096,36.420315980911255
structured_nonfinetune_0.5,30,32,28,2,64,NonCallBack,1.8316552639007568,27594,"[25088, 2048, 320]",0.3813,-10.901358604431152,0.05297088623046875
structured_nonfinetune_0.8,30,32,28,2,64,NonCallBack,1.7867779731750488,10442,"[9408, 768, 128]",0.1712,-6.603426933288574,0.3370981216430664
structured_nonfinetune_0.9,30,32,28,2,64,NonCallBack,2.017523765563965,5290,"[4704, 384, 64]",0.1543,3.1449077129364014,
structured_nonfinetune_0.95,30,32,28,2,64,NonCallBack,1.8009889125823975,2746,"[2352, 192, 64]",0.1494,-20.45248031616211,0.020381927490234375
random_unstructured_finetune_0.3,30,32,28,2,64,NonCallBack,182.91875839233398,38576,"[35123, 2867, 448]",0.967,-11.544760704040527,48.140613079071045
random_unstructured_finetune_0.5,30,32,28,2,64,NonCallBack,193.3474178314209,27593,"[25088, 2048, 319]",0.9541,-9.962593078613281,2.038907051086426
random_unstructured_finetune_0.8,30,32,28,2,64,NonCallBack,183.28440284729004,11121,"[10035, 820, 128]",0.8936,-2.785749673843384,0.485321044921875
random_unstructured_finetune_0.9,30,32,28,2,64,NonCallBack,183.93597507476807,5628,"[5017, 409, 64]",0.6966,-2.332084894180298,0.1578981876373291
random_unstructured_finetune_0.95,30,32,28,2,64,NonCallBack,182.17477583885193,2884,"[2509, 205, 32]",0.2578,0.042910099029541016,0.07108092308044434
random_unstructured_nonfinetune_0.3,30,32,28,2,64,NonCallBack,1.9828553199768066,38576,"[35123, 2867, 448]",0.8261,-13.030494689941406,73.72677993774414
random_unstructured_nonfinetune_0.5,30,32,28,2,64,NonCallBack,2.0201385021209717,27593,"[25088, 2048, 319]",0.5489,-3.979409694671631,1.6744170188903809
random_unstructured_nonfinetune_0.8,30,32,28,2,64,NonCallBack,2.0503933429718018,11121,"[10035, 820, 128]",0.2003,-9.946470260620117,1.111752986907959
random_unstructured_nonfinetune_0.9,30,32,28,2,64,NonCallBack,1.989377737045288,5628,"[5017, 409, 64]",0.0916,3.854429244995117,
random_unstructured_nonfinetune_0.95,30,32,28,2,64,NonCallBack,2.0486340522766113,2884,"[2509, 205, 32]",0.0892,6.574960708618164,
random_structured_finetune_0.3,30,32,28,2,64,NonCallBack,181.91800618171692,38746,"[35280, 2880, 448]",0.7781,-10.00908088684082,2.402942180633545
random_structured_finetune_0.5,30,32,28,2,64,NonCallBack,181.02709460258484,27594,"[25088, 2048, 320]",0.576,-8.633710861206055,24.335530042648315
random_structured_finetune_0.8,30,32,28,2,64,NonCallBack,183.19818568229675,10442,"[9408, 768, 128]",0.3003,4.35653829574585,
random_structured_finetune_0.9,30,32,28,2,64,NonCallBack,183.14168620109558,5290,"[4704, 384, 64]",0.2063,3.475515842437744,
random_structured_finetune_0.95,30,32,28,2,64,NonCallBack,180.72344541549683,2746,"[2352, 192, 64]",0.2043,4.177839756011963,
random_structured_nonfinetune_0.3,30,32,28,2,64,NonCallBack,2.0466041564941406,38746,"[35280, 2880, 448]",0.6507,-15.264732360839844,48.63216686248779
random_structured_nonfinetune_0.5,30,32,28,2,64,NonCallBack,1.9938409328460693,27594,"[25088, 2048, 320]",0.3664,-5.8220415115356445,1.2330219745635986
random_structured_nonfinetune_0.8,30,32,28,2,64,NonCallBack,1.972203016281128,10442,"[9408, 768, 128]",0.0903,0.6689280271530151,0.022886991500854492
random_structured_nonfinetune_0.9,30,32,28,2,64,NonCallBack,2.041698932647705,5290,"[4704, 384, 64]",0.0915,7.784916400909424,
random_structured_nonfinetune_0.95,30,32,28,2,64,NonCallBack,1.9845905303955078,2746,"[2352, 192, 64]",0.0892,6.7182817459106445,
dense,30,32,28,4,32,NonCallBack,0,28618,"[25088, 1024, 1024, 1024, 320]",0.9566,-13.781949043273926,71.16046595573425
unstructured_finetune_0.3,30,32,28,4,32,NonCallBack,200.7067835330963,20070,"[17561, 716, 716, 716, 223]",0.9688,-12.348176956176758,54.34895205497742
unstructured_finetune_0.5,30,32,28,4,32,NonCallBack,204.7994029521942,14379,"[12544, 512, 512, 512, 161]",0.969,-10.071962356567383,35.11426091194153
unstructured_finetune_0.8,30,32,28,4,32,NonCallBack,199.8186068534851,5835,"[5018, 205, 205, 205, 64]",0.9614,-12.319597244262695,18.02576494216919
unstructured_finetune_0.9,30,32,28,4,32,NonCallBack,205.05569696426392,2985,"[2509, 102, 102, 102, 32]",0.9485,-10.094139099121094,17.873652935028076
unstructured_finetune_0.95,30,32,28,4,32,NonCallBack,200.00377702713013,1562,"[1255, 51, 51, 51, 16]",0.8551,-1.4357037544250488,0.08479189872741699
unstructured_nonfinetune_0.3,30,32,28,4,32,NonCallBack,1.985419511795044,20070,"[17561, 716, 716, 716, 223]",0.9545,-10.346576690673828,37.345402002334595
unstructured_nonfinetune_0.5,30,32,28,4,32,NonCallBack,1.822875738143921,14379,"[12544, 512, 512, 512, 161]",0.9302,-14.209634780883789,28.297855854034424
unstructured_nonfinetune_0.8,30,32,28,4,32,NonCallBack,1.8169701099395752,5835,"[5018, 205, 205, 205, 64]",0.2349,-13.616992950439453,1.590559959411621
unstructured_nonfinetune_0.9,30,32,28,4,32,NonCallBack,1.9412877559661865,2985,"[2509, 102, 102, 102, 32]",0.1583,2.470625400543213,
unstructured_nonfinetune_0.95,30,32,28,4,32,NonCallBack,1.890303134918213,1562,"[1255, 51, 51, 51, 16]",0.1172,4.029350280761719,
structured_finetune_0.3,30,32,28,4,32,NonCallBack,201.12852215766907,19722,"[17248, 704, 704, 704, 224]",0.7806,4.945758819580078,
structured_finetune_0.5,30,32,28,4,32,NonCallBack,200.32700657844543,14378,"[12544, 512, 512, 512, 160]",0.5854,-4.430514335632324,0.02944016456604004
structured_finetune_0.8,30,32,28,4,32,NonCallBack,201.11502814292908,6362,"[5488, 224, 224, 224, 64]",0.3072,-1.4759995937347412,0.017828941345214844
structured_finetune_0.9,30,32,28,4,32,NonCallBack,204.79062294960022,2810,"[2352, 96, 96, 96, 32]",0.2085,3.7240846157073975,
structured_finetune_0.95,30,32,28,4,32,NonCallBack,199.83908653259277,1930,"[1568, 64, 64, 64, 32]",0.2074,3.607816457748413,
structured_nonfinetune_0.3,30,32,28,4,32,NonCallBack,1.8303601741790771,19722,"[17248, 704, 704, 704, 224]",0.4673,-5.787778854370117,0.07560300827026367
structured_nonfinetune_0.5,30,32,28,4,32,NonCallBack,1.8766562938690186,14378,"[12544, 512, 512, 512, 160]",0.1393,-2.6492433547973633,0.025706052780151367
structured_nonfinetune_0.8,30,32,28,4,32,NonCallBack,1.8136003017425537,6362,"[5488, 224, 224, 224, 64]",0.0673,-1.737628698348999,0.09649896621704102
structured_nonfinetune_0.9,30,32,28,4,32,NonCallBack,1.8448591232299805,2810,"[2352, 96, 96, 96, 32]",0.1032,-0.9514988660812378,0.012483835220336914
structured_nonfinetune_0.95,30,32,28,4,32,NonCallBack,1.8659415245056152,1930,"[1568, 64, 64, 64, 32]",0.1032,-2.342855215072632,0.01066899299621582
random_unstructured_finetune_0.3,30,32,28,4,32,NonCallBack,209.09378051757812,20070,"[17561, 716, 716, 716, 223]",0.959,-8.550529479980469,1.7632780075073242
random_unstructured_finetune_0.5,30,32,28,4,32,NonCallBack,202.46763801574707,14379,"[12544, 512, 512, 512, 161]",0.9402,-9.596715927124023,28.58277201652527
random_unstructured_finetune_0.8,30,32,28,4,32,NonCallBack,210.2439103126526,5835,"[5018, 205, 205, 205, 64]",0.4659,-2.3220374584198,39.401139974594116
random_unstructured_finetune_0.9,30,32,28,4,32,NonCallBack,200.93457174301147,2985,"[2509, 102, 102, 102, 32]",0.1135,0.938448429107666,0.10764408111572266
random_unstructured_finetune_0.95,30,32,28,4,32,NonCallBack,208.21038961410522,1562,"[1255, 51, 51, 51, 16]",0.1135,4.975934982299805,
random_unstructured_nonfinetune_0.3,30,32,28,4,32,NonCallBack,2.1479740142822266,20070,"[17561, 716, 716, 716, 223]",0.4616,-15.297464370727539,1.8846559524536133
random_unstructured_nonfinetune_0.5,30,32,28,4,32,NonCallBack,1.990135669708252,14379,"[12544, 512, 512, 512, 161]",0.25,-8.621644020080566,134.74003410339355
random_unstructured_nonfinetune_0.8,30,32,28,4,32,NonCallBack,2.0175259113311768,5835,"[5018, 205, 205, 205, 64]",0.0982,-6.091561317443848,17.905292987823486
random_unstructured_nonfinetune_0.9,30,32,28,4,32,NonCallBack,1.9672908782958984,2985,"[2509, 102, 102, 102, 32]",0.1032,0.23441505432128906,0.09775900840759277
random_unstructured_nonfinetune_0.95,30,32,28,4,32,NonCallBack,2.124544858932495,1562,"[1255, 51, 51, 51, 16]",0.1032,-0.7045495510101318,0.031249046325683594
random_structured_finetune_0.3,30,32,28,4,32,NonCallBack,198.5517385005951,19722,"[17248, 704, 704, 704, 224]",0.765,-6.314465045928955,38.90908598899841
random_structured_finetune_0.5,30,32,28,4,32,NonCallBack,200.56586456298828,14378,"[12544, 512, 512, 512, 160]",0.5765,-8.97622299194336,12.514770984649658
random_structured_finetune_0.8,30,32,28,4,32,NonCallBack,201.18074345588684,6362,"[5488, 224, 224, 224, 64]",0.3018,0.5031235218048096,0.05270695686340332
random_structured_finetune_0.9,30,32,28,4,32,NonCallBack,199.97476863861084,2810,"[2352, 96, 96, 96, 32]",0.1135,3.830514907836914,
random_structured_finetune_0.95,30,32,28,4,32,NonCallBack,201.04386925697327,1930,"[1568, 64, 64, 64, 32]",0.1135,4.279535293579102,
random_structured_nonfinetune_0.3,30,32,28,4,32,NonCallBack,2.034914493560791,19722,"[17248, 704, 704, 704, 224]",0.2339,-6.904373645782471,81.69367790222168
random_structured_nonfinetune_0.5,30,32,28,4,32,NonCallBack,1.997288465499878,14378,"[12544, 512, 512, 512, 160]",0.1568,-26.398326873779297,0.7121801376342773
random_structured_nonfinetune_0.8,30,32,28,4,32,NonCallBack,1.948481798171997,6362,"[5488, 224, 224, 224, 64]",0.1032,4.167710304260254,
random_structured_nonfinetune_0.9,30,32,28,4,32,NonCallBack,2.0213913917541504,2810,"[2352, 96, 96, 96, 32]",0.1032,-3.4842424392700195,0.010432958602905273
random_structured_nonfinetune_0.95,30,32,28,4,32,NonCallBack,2.04649019241333,1930,"[1568, 64, 64, 64, 32]",0.1032,-4.864687919616699,0.010776996612548828
dense,30,32,28,4,64,NonCallBack,0,63370,"[50176, 4096, 4096, 4096, 640]",0.9514,5.3634161949157715,
unstructured_finetune_0.3,30,32,28,4,64,NonCallBack,201.92032599449158,44438,"[35123, 2867, 2867, 2867, 448]",0.978,2.8776540756225586,
unstructured_finetune_0.5,30,32,28,4,64,NonCallBack,202.49239873886108,31817,"[25088, 2048, 2048, 2048, 319]",0.9784,2.31418514251709,
unstructured_finetune_0.8,30,32,28,4,64,NonCallBack,206.72940921783447,12889,"[10035, 820, 820, 820, 128]",0.972,-9.926726341247559,53.89795398712158
unstructured_finetune_0.9,30,32,28,4,64,NonCallBack,201.03730535507202,6574,"[5017, 409, 409, 409, 64]",0.9658,-12.363689422607422,65.7162778377533
unstructured_finetune_0.95,30,32,28,4,64,NonCallBack,202.52612233161926,3422,"[2509, 205, 205, 205, 32]",0.9496,-9.830217361450195,1.2781319618225098
unstructured_nonfinetune_0.3,30,32,28,4,64,NonCallBack,1.8705825805664062,44438,"[35123, 2867, 2867, 2867, 448]",0.9515,3.4969732761383057,
unstructured_nonfinetune_0.5,30,32,28,4,64,NonCallBack,1.8582696914672852,31817,"[25088, 2048, 2048, 2048, 319]",0.9463,4.2549519538879395,
unstructured_nonfinetune_0.8,30,32,28,4,64,NonCallBack,1.857255220413208,12889,"[10035, 820, 820, 820, 128]",0.6984,-8.401683807373047,84.04533290863037
unstructured_nonfinetune_0.9,30,32,28,4,64,NonCallBack,1.8340094089508057,6574,"[5017, 409, 409, 409, 64]",0.2668,-3.095489501953125,3.1697590351104736
unstructured_nonfinetune_0.95,30,32,28,4,64,NonCallBack,1.9523494243621826,3422,"[2509, 205, 205, 205, 32]",0.0935,-6.603936195373535,1.3991410732269287
structured_finetune_0.3,30,32,28,4,64,NonCallBack,200.3112461566925,44634,"[35280, 2880, 2880, 2880, 448]",0.7831,-2.6783246994018555,158.41324710845947
structured_finetune_0.5,30,32,28,4,64,NonCallBack,200.86290836334229,31818,"[25088, 2048, 2048, 2048, 320]",0.5968,-1.2769412994384766,0.10952186584472656
structured_finetune_0.8,30,32,28,4,64,NonCallBack,202.79513597488403,12106,"[9408, 768, 768, 768, 128]",0.3047,0.36213988065719604,0.032238006591796875
structured_finetune_0.9,30,32,28,4,64,NonCallBack,207.80455374717712,6186,"[4704, 384, 384, 384, 64]",0.2096,1.141010046005249,
structured_finetune_0.95,30,32,28,4,64,NonCallBack,200.67705273628235,3258,"[2352, 192, 192, 192, 64]",0.209,0.4584721326828003,0.014586925506591797
structured_nonfinetune_0.3,30,32,28,4,64,NonCallBack,1.906226634979248,44634,"[35280, 2880, 2880, 2880, 448]",0.6776,-2.25313138961792,244.3539490699768
structured_nonfinetune_0.5,30,32,28,4,64,NonCallBack,1.8717246055603027,31818,"[25088, 2048, 2048, 2048, 320]",0.44,-7.068442344665527,0.06499505043029785
structured_nonfinetune_0.8,30,32,28,4,64,NonCallBack,1.9793846607208252,12106,"[9408, 768, 768, 768, 128]",0.12,1.2027274370193481,
structured_nonfinetune_0.9,30,32,28,4,64,NonCallBack,1.8729722499847412,6186,"[4704, 384, 384, 384, 64]",0.0982,0.7435936331748962,0.01791691780090332
structured_nonfinetune_0.95,30,32,28,4,64,NonCallBack,1.9202802181243896,3258,"[2352, 192, 192, 192, 64]",0.0982,0.3122333884239197,0.022279977798461914
random_unstructured_finetune_0.3,30,32,28,4,64,NonCallBack,202.49138474464417,44438,"[35123, 2867, 2867, 2867, 448]",0.9717,4.9907612800598145,
random_unstructured_finetune_0.5,30,32,28,4,64,NonCallBack,204.05743312835693,31817,"[25088, 2048, 2048, 2048, 319]",0.9594,-8.985086441040039,112.7929368019104
random_unstructured_finetune_0.8,30,32,28,4,64,NonCallBack,203.19866180419922,12889,"[10035, 820, 820, 820, 128]",0.2548,-3.069680690765381,99.36522388458252
random_unstructured_finetune_0.9,30,32,28,4,64,NonCallBack,204.40526938438416,6574,"[5017, 409, 409, 409, 64]",0.1135,1.4604880809783936,
random_unstructured_finetune_0.95,30,32,28,4,64,NonCallBack,209.19310998916626,3422,"[2509, 205, 205, 205, 32]",0.1135,2.589533567428589,
random_unstructured_nonfinetune_0.3,30,32,28,4,64,NonCallBack,2.0022008419036865,44438,"[35123, 2867, 2867, 2867, 448]",0.8642,-6.6865034103393555,4.751976013183594
random_unstructured_nonfinetune_0.5,30,32,28,4,64,NonCallBack,2.012739896774292,31817,"[25088, 2048, 2048, 2048, 319]",0.2964,9.856705665588379,
random_unstructured_nonfinetune_0.8,30,32,28,4,64,NonCallBack,2.0410263538360596,12889,"[10035, 820, 820, 820, 128]",0.0982,-2.582974433898926,0.06542015075683594
random_unstructured_nonfinetune_0.9,30,32,28,4,64,NonCallBack,1.9569809436798096,6574,"[5017, 409, 409, 409, 64]",0.0982,-4.39719295501709,1.420051097869873
random_unstructured_nonfinetune_0.95,30,32,28,4,64,NonCallBack,2.0545029640197754,3422,"[2509, 205, 205, 205, 32]",0.0982,-0.95082688331604,0.10831499099731445
random_structured_finetune_0.3,30,32,28,4,64,NonCallBack,201.87216210365295,44634,"[35280, 2880, 2880, 2880, 448]",0.7896,2.449190378189087,
random_structured_finetune_0.5,30,32,28,4,64,NonCallBack,210.90512561798096,31818,"[25088, 2048, 2048, 2048, 320]",0.5836,-9.793913841247559,78.99726486206055
random_structured_finetune_0.8,30,32,28,4,64,NonCallBack,209.02089834213257,12106,"[9408, 768, 768, 768, 128]",0.2834,2.931877613067627,
random_structured_finetune_0.9,30,32,28,4,64,NonCallBack,209.60631918907166,6186,"[4704, 384, 384, 384, 64]",0.1135,5.484897613525391,
random_structured_finetune_0.95,30,32,28,4,64,NonCallBack,202.9228858947754,3258,"[2352, 192, 192, 192, 64]",0.1135,4.053517818450928,
random_structured_nonfinetune_0.3,30,32,28,4,64,NonCallBack,2.007491111755371,44634,"[35280, 2880, 2880, 2880, 448]",0.5008,-11.459762573242188,0.12752413749694824
random_structured_nonfinetune_0.5,30,32,28,4,64,NonCallBack,2.0015013217926025,31818,"[25088, 2048, 2048, 2048, 320]",0.2532,-10.53378677368164,0.08484792709350586
random_structured_nonfinetune_0.8,30,32,28,4,64,NonCallBack,2.0656213760375977,12106,"[9408, 768, 768, 768, 128]",0.0981,-0.7962629795074463,15.8040189743042
random_structured_nonfinetune_0.9,30,32,28,4,64,NonCallBack,1.991673469543457,6186,"[4704, 384, 384, 384, 64]",0.0892,-0.48122572898864746,0.36220622062683105
random_structured_nonfinetune_0.95,30,32,28,4,64,NonCallBack,1.984623670578003,3258,"[2352, 192, 192, 192, 64]",0.0982,5.348888874053955,
dense,30,32,18,2,32,NonCallBack,0,11786,"[10368, 1024, 320]",0.9558,-19.800167083740234,0.4954359531402588
unstructured_finetune_0.3,30,32,18,2,32,NonCallBack,183.81196975708008,8270,"[7257, 716, 223]",0.9602,-19.559738159179688,0.1415719985961914
unstructured_finetune_0.5,30,32,18,2,32,NonCallBack,181.19243478775024,5931,"[5184, 512, 161]",0.9588,-19.29962921142578,0.3996419906616211
unstructured_finetune_0.8,30,32,18,2,32,NonCallBack,181.05434703826904,2417,"[2074, 205, 64]",0.9461,-16.781709671020508,0.17602109909057617
unstructured_finetune_0.9,30,32,18,2,32,NonCallBack,181.13167905807495,1245,"[1037, 102, 32]",0.9194,-15.635414123535156,0.050878047943115234
unstructured_finetune_0.95,30,32,18,2,32,NonCallBack,182.31770253181458,660,"[519, 51, 16]",0.8571,-2.3590734004974365,0.028550148010253906
unstructured_nonfinetune_0.3,30,32,18,2,32,NonCallBack,1.9091589450836182,8270,"[7257, 716, 223]",0.9502,-19.19687271118164,0.372495174407959
unstructured_nonfinetune_0.5,30,32,18,2,32,NonCallBack,1.872352123260498,5931,"[5184, 512, 161]",0.8794,-18.718772888183594,0.2683980464935303
unstructured_nonfinetune_0.8,30,32,18,2,32,NonCallBack,1.833479881286621,2417,"[2074, 205, 64]",0.4304,-15.351913452148438,0.08126592636108398
unstructured_nonfinetune_0.9,30,32,18,2,32,NonCallBack,1.86269211769104,1245,"[1037, 102, 32]",0.2847,-5.543847560882568,0.050781965255737305
unstructured_nonfinetune_0.95,30,32,18,2,32,NonCallBack,2.031062126159668,660,"[519, 51, 16]",0.0979,2.9073190689086914,
structured_finetune_0.3,30,32,18,2,32,NonCallBack,181.68266034126282,8130,"[7128, 704, 224]",0.7687,-17.768341064453125,0.1447150707244873
structured_finetune_0.5,30,32,18,2,32,NonCallBack,180.9722445011139,5930,"[5184, 512, 160]",0.5776,-16.962474822998047,0.29636311531066895
structured_finetune_0.8,30,32,18,2,32,NonCallBack,179.19650101661682,2630,"[2268, 224, 64]",0.2877,-1.609471321105957,0.02244877815246582
structured_finetune_0.9,30,32,18,2,32,NonCallBack,181.13152050971985,1174,"[972, 96, 32]",0.1956,-1.512965202331543,0.010220050811767578
structured_finetune_0.95,30,32,18,2,32,NonCallBack,179.96773648262024,818,"[648, 64, 32]",0.1826,3.430746555328369,
structured_nonfinetune_0.3,30,32,18,2,32,NonCallBack,1.8588645458221436,8130,"[7128, 704, 224]",0.6078,-17.48262596130371,0.3856830596923828
structured_nonfinetune_0.5,30,32,18,2,32,NonCallBack,1.9002301692962646,5930,"[5184, 512, 160]",0.271,-15.927236557006836,0.10805106163024902
structured_nonfinetune_0.8,30,32,18,2,32,NonCallBack,1.870107889175415,2630,"[2268, 224, 64]",0.0894,-4.197366714477539,0.02615499496459961
structured_nonfinetune_0.9,30,32,18,2,32,NonCallBack,1.8230478763580322,1174,"[972, 96, 32]",0.0892,5.1432294845581055,
structured_nonfinetune_0.95,30,32,18,2,32,NonCallBack,1.842348337173462,818,"[648, 64, 32]",0.0892,4.7997212409973145,
random_unstructured_finetune_0.3,30,32,18,2,32,NonCallBack,184.16890716552734,8270,"[7257, 716, 223]",0.9439,-13.66166877746582,0.30017805099487305
random_unstructured_finetune_0.5,30,32,18,2,32,NonCallBack,184.1631600856781,5931,"[5184, 512, 161]",0.9236,-16.932540893554688,0.12221503257751465
random_unstructured_finetune_0.8,30,32,18,2,32,NonCallBack,183.1215329170227,2417,"[2074, 205, 64]",0.8458,-15.622329711914062,0.11559915542602539
random_unstructured_finetune_0.9,30,32,18,2,32,NonCallBack,182.7772400379181,1245,"[1037, 102, 32]",0.4224,-4.036377906799316,0.04360795021057129
random_unstructured_finetune_0.95,30,32,18,2,32,NonCallBack,184.1445848941803,660,"[519, 51, 16]",0.2876,1.0114367008209229,
random_unstructured_nonfinetune_0.3,30,32,18,2,32,NonCallBack,2.0566601753234863,8270,"[7257, 716, 223]",0.6669,-17.117448806762695,0.4503440856933594
random_unstructured_nonfinetune_0.5,30,32,18,2,32,NonCallBack,1.9803712368011475,5931,"[5184, 512, 161]",0.4776,-11.579493522644043,0.012800931930541992
random_unstructured_nonfinetune_0.8,30,32,18,2,32,NonCallBack,2.064621925354004,2417,"[2074, 205, 64]",0.1875,-1.9605438709259033,0.19707798957824707
random_unstructured_nonfinetune_0.9,30,32,18,2,32,NonCallBack,1.9960558414459229,1245,"[1037, 102, 32]",0.1033,1.7089020013809204,
random_unstructured_nonfinetune_0.95,30,32,18,2,32,NonCallBack,2.0167317390441895,660,"[519, 51, 16]",0.1028,-8.159543991088867,0.019866943359375
random_structured_finetune_0.3,30,32,18,2,32,NonCallBack,184.69762110710144,8130,"[7128, 704, 224]",0.7608,-10.813526153564453,0.2393791675567627
random_structured_finetune_0.5,30,32,18,2,32,NonCallBack,183.80502223968506,5930,"[5184, 512, 160]",0.5822,-0.1907505989074707,0.01518392562866211
random_structured_finetune_0.8,30,32,18,2,32,NonCallBack,183.98982501029968,2630,"[2268, 224, 64]",0.2918,-10.12734603881836,0.01979517936706543
random_structured_finetune_0.9,30,32,18,2,32,NonCallBack,196.14509201049805,1174,"[972, 96, 32]",0.2047,4.0834245681762695,
random_structured_finetune_0.95,30,32,18,2,32,NonCallBack,185.13902258872986,818,"[648, 64, 32]",0.2057,2.3060808181762695,
random_structured_nonfinetune_0.3,30,32,18,2,32,NonCallBack,1.9678738117218018,8130,"[7128, 704, 224]",0.518,-8.34695816040039,0.1474168300628662
random_structured_nonfinetune_0.5,30,32,18,2,32,NonCallBack,1.970912218093872,5930,"[5184, 512, 160]",0.3165,-0.3788766860961914,0.01095890998840332
random_structured_nonfinetune_0.8,30,32,18,2,32,NonCallBack,2.0278656482696533,2630,"[2268, 224, 64]",0.1643,-5.19209623336792,0.006657838821411133
random_structured_nonfinetune_0.9,30,32,18,2,32,NonCallBack,1.9804446697235107,1174,"[972, 96, 32]",0.0982,-2.0931177139282227,0.005087137222290039
random_structured_nonfinetune_0.95,30,32,18,2,32,NonCallBack,2.0677921772003174,818,"[648, 64, 32]",0.0892,4.381728172302246,
dense,30,32,18,2,64,NonCallBack,0,25610,"[20736, 4096, 640]",0.9634,-19.936607360839844,1.8899259567260742
unstructured_finetune_0.3,30,32,18,2,64,NonCallBack,181.87233638763428,17968,"[14515, 2867, 448]",0.9698,-19.803497314453125,1.6333611011505127
unstructured_finetune_0.5,30,32,18,2,64,NonCallBack,182.17033338546753,12873,"[10368, 2048, 319]",0.9694,-19.285945892333984,1.115170955657959
unstructured_finetune_0.8,30,32,18,2,64,NonCallBack,180.93088293075562,5233,"[4147, 820, 128]",0.9613,-18.23605728149414,0.5059771537780762
unstructured_finetune_0.9,30,32,18,2,64,NonCallBack,182.87835788726807,2685,"[2074, 409, 64]",0.9477,-16.474157333374023,0.11468791961669922
unstructured_finetune_0.95,30,32,18,2,64,NonCallBack,180.44860219955444,1411,"[1036, 205, 32]",0.9161,-14.21042537689209,0.08008384704589844
unstructured_nonfinetune_0.3,30,32,18,2,64,NonCallBack,1.9052493572235107,17968,"[14515, 2867, 448]",0.9639,-19.7484188079834,1.4950799942016602
unstructured_nonfinetune_0.5,30,32,18,2,64,NonCallBack,1.9417753219604492,12873,"[10368, 2048, 319]",0.955,-19.165157318115234,1.097038984298706
unstructured_nonfinetune_0.8,30,32,18,2,64,NonCallBack,1.8992369174957275,5233,"[4147, 820, 128]",0.8804,-22.335464477539062,0.40245914459228516
unstructured_nonfinetune_0.9,30,32,18,2,64,NonCallBack,1.8033332824707031,2685,"[2074, 409, 64]",0.5948,-15.745237350463867,0.18398118019104004
unstructured_nonfinetune_0.95,30,32,18,2,64,NonCallBack,1.929596185684204,1411,"[1036, 205, 32]",0.2395,-9.851845741271973,0.04337787628173828
structured_finetune_0.3,30,32,18,2,64,NonCallBack,182.03608632087708,18046,"[14580, 2880, 448]",0.7686,-19.07433319091797,1.3933229446411133
structured_finetune_0.5,30,32,18,2,64,NonCallBack,185.13184142112732,12874,"[10368, 2048, 320]",0.581,-18.728504180908203,0.13359689712524414
structured_finetune_0.8,30,32,18,2,64,NonCallBack,181.2138819694519,4922,"[3888, 768, 128]",0.2974,-10.952615737915039,0.03761410713195801
structured_finetune_0.9,30,32,18,2,64,NonCallBack,181.39197635650635,2530,"[1944, 384, 64]",0.1973,-10.372239112854004,0.017972946166992188
structured_finetune_0.95,30,32,18,2,64,NonCallBack,181.47464656829834,1366,"[972, 192, 64]",0.19,-7.2144622802734375,0.03332090377807617
structured_nonfinetune_0.3,30,32,18,2,64,NonCallBack,1.8532755374908447,18046,"[14580, 2880, 448]",0.643,-18.478290557861328,1.3461461067199707
structured_nonfinetune_0.5,30,32,18,2,64,NonCallBack,1.845710277557373,12874,"[10368, 2048, 320]",0.4366,-16.06236457824707,0.7098958492279053
structured_nonfinetune_0.8,30,32,18,2,64,NonCallBack,1.910097599029541,4922,"[3888, 768, 128]",0.0928,-17.03994369506836,0.03653407096862793
structured_nonfinetune_0.9,30,32,18,2,64,NonCallBack,1.9322195053100586,2530,"[1944, 384, 64]",0.161,-17.38727569580078,0.012974023818969727
structured_nonfinetune_0.95,30,32,18,2,64,NonCallBack,1.8937320709228516,1366,"[972, 192, 64]",0.0892,4.736423969268799,
random_unstructured_finetune_0.3,30,32,18,2,64,NonCallBack,184.09000968933105,17968,"[14515, 2867, 448]",0.9588,-21.64046859741211,1.0049118995666504
random_unstructured_finetune_0.5,30,32,18,2,64,NonCallBack,186.86641216278076,12873,"[10368, 2048, 319]",0.944,-14.863042831420898,0.7500429153442383
random_unstructured_finetune_0.8,30,32,18,2,64,NonCallBack,197.16263508796692,5233,"[4147, 820, 128]",0.8736,-12.039924621582031,0.2251451015472412
random_unstructured_finetune_0.9,30,32,18,2,64,NonCallBack,185.02844333648682,2685,"[2074, 409, 64]",0.4836,-9.434404373168945,0.10976409912109375
random_unstructured_finetune_0.95,30,32,18,2,64,NonCallBack,184.0888433456421,1411,"[1036, 205, 32]",0.1135,1.851101040840149,
random_unstructured_nonfinetune_0.3,30,32,18,2,64,NonCallBack,2.0119121074676514,17968,"[14515, 2867, 448]",0.7973,-21.354209899902344,1.38555908203125
random_unstructured_nonfinetune_0.5,30,32,18,2,64,NonCallBack,1.9707400798797607,12873,"[10368, 2048, 319]",0.5704,-18.47658920288086,1.019176959991455
random_unstructured_nonfinetune_0.8,30,32,18,2,64,NonCallBack,1.9753284454345703,5233,"[4147, 820, 128]",0.0892,-1.6737866401672363,0.2698030471801758
random_unstructured_nonfinetune_0.9,30,32,18,2,64,NonCallBack,2.0290281772613525,2685,"[2074, 409, 64]",0.0892,6.638225078582764,
random_unstructured_nonfinetune_0.95,30,32,18,2,64,NonCallBack,2.0452892780303955,1411,"[1036, 205, 32]",0.0864,0.7770139575004578,0.04266190528869629
random_structured_finetune_0.3,30,32,18,2,64,NonCallBack,184.04117846488953,18046,"[14580, 2880, 448]",0.767,-18.036222457885742,0.7536001205444336
random_structured_finetune_0.5,30,32,18,2,64,NonCallBack,186.5770184993744,12874,"[10368, 2048, 320]",0.5908,0.5915968418121338,0.048863887786865234
random_structured_finetune_0.8,30,32,18,2,64,NonCallBack,184.51592636108398,4922,"[3888, 768, 128]",0.2984,5.892238616943359,
random_structured_finetune_0.9,30,32,18,2,64,NonCallBack,184.2161304950714,2530,"[1944, 384, 64]",0.2102,-1.5687651634216309,0.006636142730712891
random_structured_finetune_0.95,30,32,18,2,64,NonCallBack,198.66517210006714,1366,"[972, 192, 64]",0.2079,-0.20999908447265625,0.0062351226806640625
random_structured_nonfinetune_0.3,30,32,18,2,64,NonCallBack,2.0212368965148926,18046,"[14580, 2880, 448]",0.6618,-19.709901809692383,0.7468578815460205
random_structured_nonfinetune_0.5,30,32,18,2,64,NonCallBack,2.0114047527313232,12874,"[10368, 2048, 320]",0.3882,-8.417036056518555,0.5975260734558105
random_structured_nonfinetune_0.8,30,32,18,2,64,NonCallBack,2.0103859901428223,4922,"[3888, 768, 128]",0.1202,-13.22703742980957,0.009530067443847656
random_structured_nonfinetune_0.9,30,32,18,2,64,NonCallBack,2.050126791000366,2530,"[1944, 384, 64]",0.0892,2.889058828353882,
random_structured_nonfinetune_0.95,30,32,18,2,64,NonCallBack,1.9839491844177246,1366,"[972, 192, 64]",0.0892,3.5077266693115234,
dense,30,32,18,4,32,NonCallBack,0,13898,"[10368, 1024, 1024, 1024, 320]",0.9608,-22.934293746948242,72.37576580047607
unstructured_finetune_0.3,30,32,18,4,32,NonCallBack,199.64626240730286,9766,"[7257, 716, 716, 716, 223]",0.9659,-22.476112365722656,81.00183606147766
unstructured_finetune_0.5,30,32,18,4,32,NonCallBack,200.86715745925903,7019,"[5184, 512, 512, 512, 161]",0.9646,-22.073375701904297,25.621947050094604
unstructured_finetune_0.8,30,32,18,4,32,NonCallBack,200.94270706176758,2891,"[2074, 205, 205, 205, 64]",0.9569,-20.79498291015625,0.6449079513549805
unstructured_finetune_0.9,30,32,18,4,32,NonCallBack,200.23390865325928,1513,"[1037, 102, 102, 102, 32]",0.9344,-14.993831634521484,0.2613089084625244
unstructured_finetune_0.95,30,32,18,4,32,NonCallBack,206.85339999198914,826,"[519, 51, 51, 51, 16]",0.8638,-13.414398193359375,0.06421113014221191
unstructured_nonfinetune_0.3,30,32,18,4,32,NonCallBack,1.9712834358215332,9766,"[7257, 716, 716, 716, 223]",0.959,-22.54513931274414,1.838150978088379
unstructured_nonfinetune_0.5,30,32,18,4,32,NonCallBack,1.8620479106903076,7019,"[5184, 512, 512, 512, 161]",0.8821,-22.104185104370117,1.149616003036499
unstructured_nonfinetune_0.8,30,32,18,4,32,NonCallBack,1.7992510795593262,2891,"[2074, 205, 205, 205, 64]",0.5048,-25.96941375732422,0.5599980354309082
unstructured_nonfinetune_0.9,30,32,18,4,32,NonCallBack,1.9215614795684814,1513,"[1037, 102, 102, 102, 32]",0.1259,-11.732671737670898,0.2284409999847412
unstructured_nonfinetune_0.95,30,32,18,4,32,NonCallBack,1.8396248817443848,826,"[519, 51, 51, 51, 16]",0.1492,-3.023221492767334,0.027152061462402344
structured_finetune_0.3,30,32,18,4,32,NonCallBack,200.2437822818756,9602,"[7128, 704, 704, 704, 224]",0.7684,-20.26921272277832,37.72104501724243
structured_finetune_0.5,30,32,18,4,32,NonCallBack,207.27014207839966,7018,"[5184, 512, 512, 512, 160]",0.5732,-11.585351943969727,22.14964985847473
structured_finetune_0.8,30,32,18,4,32,NonCallBack,207.7504243850708,3142,"[2268, 224, 224, 224, 64]",0.3049,1.6294978857040405,
structured_finetune_0.9,30,32,18,4,32,NonCallBack,200.7536232471466,1430,"[972, 96, 96, 96, 32]",0.2125,-2.42006516456604,0.007449150085449219
structured_finetune_0.95,30,32,18,4,32,NonCallBack,199.84991240501404,1010,"[648, 64, 64, 64, 32]",0.2105,-0.17794287204742432,0.006850004196166992
structured_nonfinetune_0.3,30,32,18,4,32,NonCallBack,1.9837265014648438,9602,"[7128, 704, 704, 704, 224]",0.5007,-11.852112770080566,0.020544052124023438
structured_nonfinetune_0.5,30,32,18,4,32,NonCallBack,1.9321751594543457,7018,"[5184, 512, 512, 512, 160]",0.199,1.4456866979599,
structured_nonfinetune_0.8,30,32,18,4,32,NonCallBack,1.8541991710662842,3142,"[2268, 224, 224, 224, 64]",0.1149,1.2994647026062012,
structured_nonfinetune_0.9,30,32,18,4,32,NonCallBack,1.945688247680664,1430,"[972, 96, 96, 96, 32]",0.1135,3.0658345222473145,
structured_nonfinetune_0.95,30,32,18,4,32,NonCallBack,1.8268935680389404,1010,"[648, 64, 64, 64, 32]",0.1135,-0.14883077144622803,0.006524085998535156
random_unstructured_finetune_0.3,30,32,18,4,32,NonCallBack,200.09986662864685,9766,"[7257, 716, 716, 716, 223]",0.9553,-20.55734634399414,1.1548101902008057
random_unstructured_finetune_0.5,30,32,18,4,32,NonCallBack,203.52214980125427,7019,"[5184, 512, 512, 512, 161]",0.9343,-11.988182067871094,23.048747062683105
random_unstructured_finetune_0.8,30,32,18,4,32,NonCallBack,201.4847023487091,2891,"[2074, 205, 205, 205, 64]",0.5229,-3.9924821853637695,0.4700050354003906
random_unstructured_finetune_0.9,30,32,18,4,32,NonCallBack,201.48298382759094,1513,"[1037, 102, 102, 102, 32]",0.1135,1.8385353088378906,
random_unstructured_finetune_0.95,30,32,18,4,32,NonCallBack,202.72679042816162,826,"[519, 51, 51, 51, 16]",0.1135,4.297475814819336,
random_unstructured_nonfinetune_0.3,30,32,18,4,32,NonCallBack,2.096750020980835,9766,"[7257, 716, 716, 716, 223]",0.563,-15.53889274597168,117.38516902923584
random_unstructured_nonfinetune_0.5,30,32,18,4,32,NonCallBack,2.074373245239258,7019,"[5184, 512, 512, 512, 161]",0.1184,-20.09803581237793,105.16463494300842
random_unstructured_nonfinetune_0.8,30,32,18,4,32,NonCallBack,2.119938373565674,2891,"[2074, 205, 205, 205, 64]",0.1135,-0.8338067531585693,0.5980260372161865
random_unstructured_nonfinetune_0.9,30,32,18,4,32,NonCallBack,2.0482046604156494,1513,"[1037, 102, 102, 102, 32]",0.0892,0.5996022820472717,0.07780098915100098
random_unstructured_nonfinetune_0.95,30,32,18,4,32,NonCallBack,2.056029796600342,826,"[519, 51, 51, 51, 16]",0.0892,5.1628618240356445,
random_structured_finetune_0.3,30,32,18,4,32,NonCallBack,201.81295919418335,9602,"[7128, 704, 704, 704, 224]",0.7701,-8.259414672851562,60.50132608413696
random_structured_finetune_0.5,30,32,18,4,32,NonCallBack,201.6571569442749,7018,"[5184, 512, 512, 512, 160]",0.5756,-9.178972244262695,0.014292001724243164
random_structured_finetune_0.8,30,32,18,4,32,NonCallBack,203.04648327827454,3142,"[2268, 224, 224, 224, 64]",0.252,-13.312854766845703,0.014507055282592773
random_structured_finetune_0.9,30,32,18,4,32,NonCallBack,204.0908718109131,1430,"[972, 96, 96, 96, 32]",0.1135,-2.9702587127685547,0.011740922927856445
random_structured_finetune_0.95,30,32,18,4,32,NonCallBack,201.6776201725006,1010,"[648, 64, 64, 64, 32]",0.1135,-0.26720285415649414,0.005151033401489258
random_structured_nonfinetune_0.3,30,32,18,4,32,NonCallBack,2.0378568172454834,9602,"[7128, 704, 704, 704, 224]",0.4216,-24.823001861572266,0.018249988555908203
random_structured_nonfinetune_0.5,30,32,18,4,32,NonCallBack,2.018655300140381,7018,"[5184, 512, 512, 512, 160]",0.2844,-6.981015682220459,35.35140800476074
random_structured_nonfinetune_0.8,30,32,18,4,32,NonCallBack,2.012632131576538,3142,"[2268, 224, 224, 224, 64]",0.0982,-0.4925349950790405,0.008847951889038086
random_structured_nonfinetune_0.9,30,32,18,4,32,NonCallBack,1.9646165370941162,1430,"[972, 96, 96, 96, 32]",0.0982,-1.210221767425537,0.0066890716552734375
random_structured_nonfinetune_0.95,30,32,18,4,32,NonCallBack,1.9968996047973633,1010,"[648, 64, 64, 64, 32]",0.0982,0.7789232730865479,0.005313873291015625
dense,30,32,18,4,64,NonCallBack,0,33930,"[20736, 4096, 4096, 4096, 640]",0.962,2.4636993408203125,
unstructured_finetune_0.3,30,32,18,4,64,NonCallBack,202.5495080947876,23830,"[14515, 2867, 2867, 2867, 448]",0.9759,-8.70250129699707,95.60576796531677
unstructured_finetune_0.5,30,32,18,4,64,NonCallBack,201.00427174568176,17097,"[10368, 2048, 2048, 2048, 319]",0.9757,-4.240725994110107,114.84722995758057
unstructured_finetune_0.8,30,32,18,4,64,NonCallBack,200.86549615859985,7001,"[4147, 820, 820, 820, 128]",0.9691,-20.982357025146484,3.687946081161499
unstructured_finetune_0.9,30,32,18,4,64,NonCallBack,207.46541142463684,3631,"[2074, 409, 409, 409, 64]",0.9564,-17.563791275024414,0.7728018760681152
unstructured_finetune_0.95,30,32,18,4,64,NonCallBack,201.97520637512207,1949,"[1036, 205, 205, 205, 32]",0.9289,-12.24537467956543,0.37453699111938477
unstructured_nonfinetune_0.3,30,32,18,4,64,NonCallBack,1.8785078525543213,23830,"[14515, 2867, 2867, 2867, 448]",0.962,-5.922989845275879,88.3363790512085
unstructured_nonfinetune_0.5,30,32,18,4,64,NonCallBack,1.915102243423462,17097,"[10368, 2048, 2048, 2048, 319]",0.9611,2.652505397796631,
unstructured_nonfinetune_0.8,30,32,18,4,64,NonCallBack,1.9007091522216797,7001,"[4147, 820, 820, 820, 128]",0.6998,-14.432364463806152,44.80569100379944
unstructured_nonfinetune_0.9,30,32,18,4,64,NonCallBack,1.882312536239624,3631,"[2074, 409, 409, 409, 64]",0.4103,-7.861641883850098,1.6095030307769775
unstructured_nonfinetune_0.95,30,32,18,4,64,NonCallBack,1.7941083908081055,1949,"[1036, 205, 205, 205, 32]",0.1009,-10.573163032531738,0.1303880214691162
structured_finetune_0.3,30,32,18,4,64,NonCallBack,206.36570024490356,23934,"[14580, 2880, 2880, 2880, 448]",0.7752,-11.972556114196777,59.94695687294006
structured_finetune_0.5,30,32,18,4,64,NonCallBack,205.42670226097107,17098,"[10368, 2048, 2048, 2048, 320]",0.5797,-8.962483406066895,1.633976936340332
structured_finetune_0.8,30,32,18,4,64,NonCallBack,204.8111538887024,6586,"[3888, 768, 768, 768, 128]",0.2917,-4.8332014083862305,7.339166879653931
structured_finetune_0.9,30,32,18,4,64,NonCallBack,207.0842387676239,3426,"[1944, 384, 384, 384, 64]",0.206,1.9405105113983154,
structured_finetune_0.95,30,32,18,4,64,NonCallBack,208.92789125442505,1878,"[972, 192, 192, 192, 64]",0.2008,3.410996913909912,
structured_nonfinetune_0.3,30,32,18,4,64,NonCallBack,1.9274630546569824,23934,"[14580, 2880, 2880, 2880, 448]",0.6783,-17.780012130737305,120.10776901245117
structured_nonfinetune_0.5,30,32,18,4,64,NonCallBack,1.8620531558990479,17098,"[10368, 2048, 2048, 2048, 320]",0.3847,-16.164649963378906,97.76128792762756
structured_nonfinetune_0.8,30,32,18,4,64,NonCallBack,1.9456846714019775,6586,"[3888, 768, 768, 768, 128]",0.1009,3.4319705963134766,
structured_nonfinetune_0.9,30,32,18,4,64,NonCallBack,1.9111738204956055,3426,"[1944, 384, 384, 384, 64]",0.1009,-2.080779552459717,0.009492158889770508
structured_nonfinetune_0.95,30,32,18,4,64,NonCallBack,1.9076058864593506,1878,"[972, 192, 192, 192, 64]",0.1009,2.9396886825561523,
random_unstructured_finetune_0.3,30,32,18,4,64,NonCallBack,201.97822070121765,23830,"[14515, 2867, 2867, 2867, 448]",0.9681,-9.985427856445312,168.30490493774414
random_unstructured_finetune_0.5,30,32,18,4,64,NonCallBack,205.0253267288208,17097,"[10368, 2048, 2048, 2048, 319]",0.9525,-18.6198673248291,186.41009211540222
random_unstructured_finetune_0.8,30,32,18,4,64,NonCallBack,203.6357069015503,7001,"[4147, 820, 820, 820, 128]",0.23,-2.7866806983947754,1.6552870273590088
random_unstructured_finetune_0.9,30,32,18,4,64,NonCallBack,211.21923160552979,3631,"[2074, 409, 409, 409, 64]",0.1135,-1.164158582687378,0.2273409366607666
random_unstructured_finetune_0.95,30,32,18,4,64,NonCallBack,210.53404211997986,1949,"[1036, 205, 205, 205, 32]",0.1135,2.4865198135375977,
random_unstructured_nonfinetune_0.3,30,32,18,4,64,NonCallBack,2.0527989864349365,23830,"[14515, 2867, 2867, 2867, 448]",0.8694,3.9425768852233887,
random_unstructured_nonfinetune_0.5,30,32,18,4,64,NonCallBack,2.062955856323242,17097,"[10368, 2048, 2048, 2048, 319]",0.4793,-5.436412334442139,5.216706037521362
random_unstructured_nonfinetune_0.8,30,32,18,4,64,NonCallBack,2.0101890563964844,7001,"[4147, 820, 820, 820, 128]",0.1009,-3.0931386947631836,0.05197596549987793
random_unstructured_nonfinetune_0.9,30,32,18,4,64,NonCallBack,2.0118038654327393,3631,"[2074, 409, 409, 409, 64]",0.1135,1.9365922212600708,
random_unstructured_nonfinetune_0.95,30,32,18,4,64,NonCallBack,2.0606987476348877,1949,"[1036, 205, 205, 205, 32]",0.1009,-5.74061918258667,0.05509805679321289
random_structured_finetune_0.3,30,32,18,4,64,NonCallBack,210.5549144744873,23934,"[14580, 2880, 2880, 2880, 448]",0.7852,-10.65240478515625,50.28147602081299
random_structured_finetune_0.5,30,32,18,4,64,NonCallBack,210.93497228622437,17098,"[10368, 2048, 2048, 2048, 320]",0.5949,2.449244737625122,
random_structured_finetune_0.8,30,32,18,4,64,NonCallBack,211.9200246334076,6586,"[3888, 768, 768, 768, 128]",0.2859,-4.695737838745117,0.017332077026367188
random_structured_finetune_0.9,30,32,18,4,64,NonCallBack,205.5753481388092,3426,"[1944, 384, 384, 384, 64]",0.1135,-0.03701746463775635,0.008934974670410156
random_structured_finetune_0.95,30,32,18,4,64,NonCallBack,206.32544207572937,1878,"[972, 192, 192, 192, 64]",0.1135,2.068469285964966,
random_structured_nonfinetune_0.3,30,32,18,4,64,NonCallBack,2.040435552597046,23934,"[14580, 2880, 2880, 2880, 448]",0.5118,-21.631437301635742,146.47880291938782
random_structured_nonfinetune_0.5,30,32,18,4,64,NonCallBack,2.0176522731781006,17098,"[10368, 2048, 2048, 2048, 320]",0.2316,1.2933108806610107,
random_structured_nonfinetune_0.8,30,32,18,4,64,NonCallBack,2.018479585647583,6586,"[3888, 768, 768, 768, 128]",0.0974,3.716693878173828,
random_structured_nonfinetune_0.9,30,32,18,4,64,NonCallBack,1.9844017028808594,3426,"[1944, 384, 384, 384, 64]",0.1009,0.13197261095046997,0.008213043212890625
random_structured_nonfinetune_0.95,30,32,18,4,64,NonCallBack,1.9935789108276367,1878,"[972, 192, 192, 192, 64]",0.1009,0.43527138233184814,0.00624394416809082
dense,40,42,28,2,32,NonCallBack,0,26506,"[25088, 1024, 320]",0.9575,-12.797731399536133,25.236478090286255
unstructured_finetune_0.3,40,42,28,2,32,NonCallBack,178.16158604621887,18574,"[17561, 716, 223]",0.965,-12.207127571105957,0.8483431339263916
unstructured_finetune_0.5,40,42,28,2,32,NonCallBack,178.56186747550964,13291,"[12544, 512, 161]",0.964,-11.637918472290039,0.7226169109344482
unstructured_finetune_0.8,40,42,28,2,32,NonCallBack,181.20325183868408,5361,"[5018, 205, 64]",0.9513,-12.529535293579102,0.31434106826782227
unstructured_finetune_0.9,40,42,28,2,32,NonCallBack,182.53481674194336,2717,"[2509, 102, 32]",0.9337,-2.633878231048584,0.20961999893188477
unstructured_finetune_0.95,40,42,28,2,32,NonCallBack,183.63889241218567,1396,"[1255, 51, 16]",0.8696,-1.2745542526245117,0.03795599937438965
unstructured_nonfinetune_0.3,40,42,28,2,32,NonCallBack,1.8272857666015625,18574,"[17561, 716, 223]",0.9519,-12.297721862792969,1.2299799919128418
unstructured_nonfinetune_0.5,40,42,28,2,32,NonCallBack,1.9228079319000244,13291,"[12544, 512, 161]",0.8841,-12.088316917419434,0.7660400867462158
unstructured_nonfinetune_0.8,40,42,28,2,32,NonCallBack,1.86342453956604,5361,"[5018, 205, 64]",0.3709,2.21075701713562,
unstructured_nonfinetune_0.9,40,42,28,2,32,NonCallBack,1.8114745616912842,2717,"[2509, 102, 32]",0.233,-14.816808700561523,0.06498098373413086
unstructured_nonfinetune_0.95,40,42,28,2,32,NonCallBack,1.921994924545288,1396,"[1255, 51, 16]",0.159,-15.172636032104492,0.04382920265197754
structured_finetune_0.3,40,42,28,2,32,NonCallBack,181.3849973678589,18250,"[17248, 704, 224]",0.785,2.333299160003662,
structured_finetune_0.5,40,42,28,2,32,NonCallBack,177.80253791809082,13290,"[12544, 512, 160]",0.5963,4.420639514923096,
structured_finetune_0.8,40,42,28,2,32,NonCallBack,180.6800093650818,5850,"[5488, 224, 64]",0.3038,5.255455493927002,
structured_finetune_0.9,40,42,28,2,32,NonCallBack,179.85310173034668,2554,"[2352, 96, 32]",0.2063,5.13246488571167,
structured_finetune_0.95,40,42,28,2,32,NonCallBack,177.82628083229065,1738,"[1568, 64, 32]",0.2077,4.565919399261475,
structured_nonfinetune_0.3,40,42,28,2,32,NonCallBack,1.7725718021392822,18250,"[17248, 704, 224]",0.4779,-24.165691375732422,0.5652439594268799
structured_nonfinetune_0.5,40,42,28,2,32,NonCallBack,1.8278651237487793,13290,"[12544, 512, 160]",0.3994,-21.90161895751953,0.029221057891845703
structured_nonfinetune_0.8,40,42,28,2,32,NonCallBack,1.8893334865570068,5850,"[5488, 224, 64]",0.1768,-6.056500434875488,1.5976979732513428
structured_nonfinetune_0.9,40,42,28,2,32,NonCallBack,1.8339130878448486,2554,"[2352, 96, 32]",0.1446,-3.090028762817383,0.011698007583618164
structured_nonfinetune_0.95,40,42,28,2,32,NonCallBack,1.8534307479858398,1738,"[1568, 64, 32]",0.1231,-2.3052566051483154,0.010782003402709961
random_unstructured_finetune_0.3,40,42,28,2,32,NonCallBack,196.2694742679596,18574,"[17561, 716, 223]",0.9573,-12.85324764251709,0.6318809986114502
random_unstructured_finetune_0.5,40,42,28,2,32,NonCallBack,181.33201479911804,13291,"[12544, 512, 161]",0.9426,-6.681283473968506,0.5010359287261963
random_unstructured_finetune_0.8,40,42,28,2,32,NonCallBack,182.4584925174713,5361,"[5018, 205, 64]",0.8794,-0.25128650665283203,0.15723609924316406
random_unstructured_finetune_0.9,40,42,28,2,32,NonCallBack,184.58458590507507,2717,"[2509, 102, 32]",0.6115,-4.25382661819458,0.09735584259033203
random_unstructured_finetune_0.95,40,42,28,2,32,NonCallBack,192.19571566581726,1396,"[1255, 51, 16]",0.1692,-7.43126106262207,0.03246879577636719
random_unstructured_nonfinetune_0.3,40,42,28,2,32,NonCallBack,2.0281028747558594,18574,"[17561, 716, 223]",0.7049,-9.021607398986816,1.184729814529419
random_unstructured_nonfinetune_0.5,40,42,28,2,32,NonCallBack,1.982175588607788,13291,"[12544, 512, 161]",0.3899,-12.645353317260742,1.0731310844421387
random_unstructured_nonfinetune_0.8,40,42,28,2,32,NonCallBack,2.028221845626831,5361,"[5018, 205, 64]",0.2126,6.803114891052246,
random_unstructured_nonfinetune_0.9,40,42,28,2,32,NonCallBack,2.022718667984009,2717,"[2509, 102, 32]",0.1816,-11.235952377319336,0.055724143981933594
random_unstructured_nonfinetune_0.95,40,42,28,2,32,NonCallBack,2.0218021869659424,1396,"[1255, 51, 16]",0.1135,-3.8732199668884277,0.034915924072265625
random_structured_finetune_0.3,40,42,28,2,32,NonCallBack,183.06259083747864,18250,"[17248, 704, 224]",0.7658,-10.173392295837402,0.6203019618988037
random_structured_finetune_0.5,40,42,28,2,32,NonCallBack,194.51009893417358,13290,"[12544, 512, 160]",0.5799,-7.3422441482543945,0.4092550277709961
random_structured_finetune_0.8,40,42,28,2,32,NonCallBack,196.34356379508972,5850,"[5488, 224, 64]",0.2768,4.257547378540039,
random_structured_finetune_0.9,40,42,28,2,32,NonCallBack,183.28294801712036,2554,"[2352, 96, 32]",0.2117,-1.0453124046325684,0.012681007385253906
random_structured_finetune_0.95,40,42,28,2,32,NonCallBack,182.92811179161072,1738,"[1568, 64, 32]",0.2063,-1.791027307510376,0.016483068466186523
random_structured_nonfinetune_0.3,40,42,28,2,32,NonCallBack,2.0082991123199463,18250,"[17248, 704, 224]",0.5646,-8.459278106689453,0.48778295516967773
random_structured_nonfinetune_0.5,40,42,28,2,32,NonCallBack,1.9751298427581787,13290,"[12544, 512, 160]",0.3797,-16.448524475097656,0.6311929225921631
random_structured_nonfinetune_0.8,40,42,28,2,32,NonCallBack,1.9851059913635254,5850,"[5488, 224, 64]",0.0892,5.704558372497559,
random_structured_nonfinetune_0.9,40,42,28,2,32,NonCallBack,2.079317331314087,2554,"[2352, 96, 32]",0.1135,-5.439427375793457,0.01270294189453125
random_structured_nonfinetune_0.95,40,42,28,2,32,NonCallBack,1.9626541137695312,1738,"[1568, 64, 32]",0.1135,-3.2394142150878906,0.012591838836669922
dense,40,42,28,2,64,NonCallBack,0,55050,"[50176, 4096, 640]",0.9613,-12.095823287963867,61.553648948669434
unstructured_finetune_0.3,40,42,28,2,64,NonCallBack,179.63558864593506,38576,"[35123, 2867, 448]",0.9759,-12.12887191772461,82.8710150718689
unstructured_finetune_0.5,40,42,28,2,64,NonCallBack,182.28953313827515,27593,"[25088, 2048, 319]",0.9761,-12.412393569946289,0.4859890937805176
unstructured_finetune_0.8,40,42,28,2,64,NonCallBack,181.79096221923828,11121,"[10035, 820, 128]",0.9694,-11.281476974487305,1.3315439224243164
unstructured_finetune_0.9,40,42,28,2,64,NonCallBack,180.1778655052185,5628,"[5017, 409, 64]",0.9584,-9.133508682250977,0.6972649097442627
unstructured_finetune_0.95,40,42,28,2,64,NonCallBack,178.49957466125488,2884,"[2509, 205, 32]",0.9353,-6.600079536437988,0.20462298393249512
unstructured_nonfinetune_0.3,40,42,28,2,64,NonCallBack,1.8107519149780273,38576,"[35123, 2867, 448]",0.9567,-13.312738418579102,75.83247089385986
unstructured_nonfinetune_0.5,40,42,28,2,64,NonCallBack,1.7894842624664307,27593,"[25088, 2048, 319]",0.9388,-12.909784317016602,85.7027051448822
unstructured_nonfinetune_0.8,40,42,28,2,64,NonCallBack,1.8733079433441162,11121,"[10035, 820, 128]",0.6271,-9.971942901611328,1.1441898345947266
unstructured_nonfinetune_0.9,40,42,28,2,64,NonCallBack,1.9633681774139404,5628,"[5017, 409, 64]",0.2646,2.2275142669677734,
unstructured_nonfinetune_0.95,40,42,28,2,64,NonCallBack,1.8298652172088623,2884,"[2509, 205, 32]",0.2348,-4.6352996826171875,0.22021913528442383
structured_finetune_0.3,40,42,28,2,64,NonCallBack,178.5360448360443,38746,"[35280, 2880, 448]",0.785,-6.599658966064453,2.6412410736083984
structured_finetune_0.5,40,42,28,2,64,NonCallBack,180.37527561187744,27594,"[25088, 2048, 320]",0.5848,-8.26452350616455,2.158787965774536
structured_finetune_0.8,40,42,28,2,64,NonCallBack,179.38907718658447,10442,"[9408, 768, 128]",0.3017,4.741108417510986,
structured_finetune_0.9,40,42,28,2,64,NonCallBack,177.8063838481903,5290,"[4704, 384, 64]",0.2093,-0.7657938003540039,0.019024133682250977
structured_finetune_0.95,40,42,28,2,64,NonCallBack,179.26697826385498,2746,"[2352, 192, 64]",0.209,-3.2371692657470703,0.01973414421081543
structured_nonfinetune_0.3,40,42,28,2,64,NonCallBack,1.80251145362854,38746,"[35280, 2880, 448]",0.6628,1.2835545539855957,
structured_nonfinetune_0.5,40,42,28,2,64,NonCallBack,1.8739025592803955,27594,"[25088, 2048, 320]",0.4468,1.5111064910888672,
structured_nonfinetune_0.8,40,42,28,2,64,NonCallBack,1.8192541599273682,10442,"[9408, 768, 128]",0.1202,-3.074937343597412,10.304226875305176
structured_nonfinetune_0.9,40,42,28,2,64,NonCallBack,1.7798511981964111,5290,"[4704, 384, 64]",0.0892,8.970532417297363,
structured_nonfinetune_0.95,40,42,28,2,64,NonCallBack,1.7740023136138916,2746,"[2352, 192, 64]",0.0892,5.172718048095703,
random_unstructured_finetune_0.3,40,42,28,2,64,NonCallBack,194.9550540447235,38576,"[35123, 2867, 448]",0.9694,-9.83443546295166,53.409719944000244
random_unstructured_finetune_0.5,40,42,28,2,64,NonCallBack,195.12289214134216,27593,"[25088, 2048, 319]",0.9551,-6.6565375328063965,1.3109171390533447
random_unstructured_finetune_0.8,40,42,28,2,64,NonCallBack,195.94503569602966,11121,"[10035, 820, 128]",0.8931,-7.870657920837402,0.6581997871398926
random_unstructured_finetune_0.9,40,42,28,2,64,NonCallBack,184.86281991004944,5628,"[5017, 409, 64]",0.7809,-7.538392066955566,0.24617981910705566
random_unstructured_finetune_0.95,40,42,28,2,64,NonCallBack,180.1164231300354,2884,"[2509, 205, 32]",0.2597,2.167694091796875,
random_unstructured_nonfinetune_0.3,40,42,28,2,64,NonCallBack,1.9751684665679932,38576,"[35123, 2867, 448]",0.9095,-10.457252502441406,46.137035846710205
random_unstructured_nonfinetune_0.5,40,42,28,2,64,NonCallBack,2.0687527656555176,27593,"[25088, 2048, 319]",0.5697,-1.6053037643432617,69.39874505996704
random_unstructured_nonfinetune_0.8,40,42,28,2,64,NonCallBack,1.9466907978057861,11121,"[10035, 820, 128]",0.1056,4.795906066894531,
random_unstructured_nonfinetune_0.9,40,42,28,2,64,NonCallBack,2.0464518070220947,5628,"[5017, 409, 64]",0.1323,-12.636009216308594,0.3192768096923828
random_unstructured_nonfinetune_0.95,40,42,28,2,64,NonCallBack,1.9860103130340576,2884,"[2509, 205, 32]",0.0982,-9.777520179748535,0.17027616500854492
random_structured_finetune_0.3,40,42,28,2,64,NonCallBack,182.75209593772888,38746,"[35280, 2880, 448]",0.7873,2.183169364929199,
random_structured_finetune_0.5,40,42,28,2,64,NonCallBack,182.22937154769897,27594,"[25088, 2048, 320]",0.5823,-11.016928672790527,2.369826078414917
random_structured_finetune_0.8,40,42,28,2,64,NonCallBack,184.5292944908142,10442,"[9408, 768, 128]",0.2922,8.557031631469727,
random_structured_finetune_0.9,40,42,28,2,64,NonCallBack,182.52654242515564,5290,"[4704, 384, 64]",0.1816,1.7141084671020508,
random_structured_finetune_0.95,40,42,28,2,64,NonCallBack,181.89362597465515,2746,"[2352, 192, 64]",0.1886,5.753986358642578,
random_structured_nonfinetune_0.3,40,42,28,2,64,NonCallBack,1.9230735301971436,38746,"[35280, 2880, 448]",0.6576,-8.731693267822266,32.55807900428772
random_structured_nonfinetune_0.5,40,42,28,2,64,NonCallBack,2.0018625259399414,27594,"[25088, 2048, 320]",0.3923,6.334329605102539,
random_structured_nonfinetune_0.8,40,42,28,2,64,NonCallBack,1.9892675876617432,10442,"[9408, 768, 128]",0.1492,7.868976593017578,
random_structured_nonfinetune_0.9,40,42,28,2,64,NonCallBack,2.006009578704834,5290,"[4704, 384, 64]",0.0824,6.44113302230835,
random_structured_nonfinetune_0.95,40,42,28,2,64,NonCallBack,1.993131160736084,2746,"[2352, 192, 64]",0.1164,-8.297962188720703,0.01515507698059082
dense,40,42,28,4,32,NonCallBack,0,28618,"[25088, 1024, 1024, 1024, 320]",0.9603,-9.066000938415527,28.792850017547607
unstructured_finetune_0.3,40,42,28,4,32,NonCallBack,202.0345597267151,20070,"[17561, 716, 716, 716, 223]",0.9686,-10.98377799987793,74.8606390953064
unstructured_finetune_0.5,40,42,28,4,32,NonCallBack,207.86219120025635,14379,"[12544, 512, 512, 512, 161]",0.968,-14.191488265991211,42.10170793533325
unstructured_finetune_0.8,40,42,28,4,32,NonCallBack,202.3853404521942,5835,"[5018, 205, 205, 205, 64]",0.9597,-11.646707534790039,2.377810001373291
unstructured_finetune_0.9,40,42,28,4,32,NonCallBack,207.6176655292511,2985,"[2509, 102, 102, 102, 32]",0.9351,-9.339521408081055,0.8531410694122314
unstructured_finetune_0.95,40,42,28,4,32,NonCallBack,205.46788811683655,1562,"[1255, 51, 51, 51, 16]",0.8712,-2.8671200275421143,0.5268778800964355
unstructured_nonfinetune_0.3,40,42,28,4,32,NonCallBack,1.7807645797729492,20070,"[17561, 716, 716, 716, 223]",0.958,-12.63152027130127,27.596049070358276
unstructured_nonfinetune_0.5,40,42,28,4,32,NonCallBack,1.8602066040039062,14379,"[12544, 512, 512, 512, 161]",0.9123,-11.582321166992188,43.09165406227112
unstructured_nonfinetune_0.8,40,42,28,4,32,NonCallBack,1.8755033016204834,5835,"[5018, 205, 205, 205, 64]",0.3757,-6.4218010902404785,77.14478087425232
unstructured_nonfinetune_0.9,40,42,28,4,32,NonCallBack,1.9139297008514404,2985,"[2509, 102, 102, 102, 32]",0.1013,-3.3191967010498047,0.18985605239868164
unstructured_nonfinetune_0.95,40,42,28,4,32,NonCallBack,1.8556973934173584,1562,"[1255, 51, 51, 51, 16]",0.0896,8.223665237426758,
structured_finetune_0.3,40,42,28,4,32,NonCallBack,200.98971962928772,19722,"[17248, 704, 704, 704, 224]",0.7724,-8.943151473999023,26.837438821792603
structured_finetune_0.5,40,42,28,4,32,NonCallBack,208.7569065093994,14378,"[12544, 512, 512, 512, 160]",0.5918,1.8137227296829224,
structured_finetune_0.8,40,42,28,4,32,NonCallBack,207.60664892196655,6362,"[5488, 224, 224, 224, 64]",0.3043,0.39008378982543945,0.03554701805114746
structured_finetune_0.9,40,42,28,4,32,NonCallBack,200.472642660141,2810,"[2352, 96, 96, 96, 32]",0.2105,2.4975528717041016,
structured_finetune_0.95,40,42,28,4,32,NonCallBack,204.2496256828308,1930,"[1568, 64, 64, 64, 32]",0.2111,0.609344482421875,0.02537989616394043
structured_nonfinetune_0.3,40,42,28,4,32,NonCallBack,1.849524736404419,19722,"[17248, 704, 704, 704, 224]",0.5529,-8.730302810668945,132.75008702278137
structured_nonfinetune_0.5,40,42,28,4,32,NonCallBack,1.7876622676849365,14378,"[12544, 512, 512, 512, 160]",0.3454,9.03288745880127,
structured_nonfinetune_0.8,40,42,28,4,32,NonCallBack,1.8030600547790527,6362,"[5488, 224, 224, 224, 64]",0.09,6.986884593963623,
structured_nonfinetune_0.9,40,42,28,4,32,NonCallBack,1.8467905521392822,2810,"[2352, 96, 96, 96, 32]",0.0892,6.8428730964660645,
structured_nonfinetune_0.95,40,42,28,4,32,NonCallBack,1.881714105606079,1930,"[1568, 64, 64, 64, 32]",0.0892,9.880109786987305,
random_unstructured_finetune_0.3,40,42,28,4,32,NonCallBack,202.9199206829071,20070,"[17561, 716, 716, 716, 223]",0.9609,-8.424627304077148,41.850728034973145
random_unstructured_finetune_0.5,40,42,28,4,32,NonCallBack,203.89440059661865,14379,"[12544, 512, 512, 512, 161]",0.9442,-8.07417106628418,44.49830913543701
random_unstructured_finetune_0.8,40,42,28,4,32,NonCallBack,197.80309104919434,5835,"[5018, 205, 205, 205, 64]",0.6615,-14.043146133422852,0.8740849494934082
random_unstructured_finetune_0.9,40,42,28,4,32,NonCallBack,198.39699602127075,2985,"[2509, 102, 102, 102, 32]",0.1135,-6.234245300292969,0.10376095771789551
random_unstructured_finetune_0.95,40,42,28,4,32,NonCallBack,206.3018615245819,1562,"[1255, 51, 51, 51, 16]",0.1135,2.9403181076049805,
random_unstructured_nonfinetune_0.3,40,42,28,4,32,NonCallBack,2.0372941493988037,20070,"[17561, 716, 716, 716, 223]",0.2651,-12.41446590423584,2.3650100231170654
random_unstructured_nonfinetune_0.5,40,42,28,4,32,NonCallBack,1.9746696949005127,14379,"[12544, 512, 512, 512, 161]",0.2422,1.8324074745178223,
random_unstructured_nonfinetune_0.8,40,42,28,4,32,NonCallBack,2.0263543128967285,5835,"[5018, 205, 205, 205, 64]",0.0892,9.632831573486328,
random_unstructured_nonfinetune_0.9,40,42,28,4,32,NonCallBack,2.028442621231079,2985,"[2509, 102, 102, 102, 32]",0.0892,9.253293991088867,
random_unstructured_nonfinetune_0.95,40,42,28,4,32,NonCallBack,2.007838010787964,1562,"[1255, 51, 51, 51, 16]",0.0892,8.438789367675781,
random_structured_finetune_0.3,40,42,28,4,32,NonCallBack,199.84960389137268,19722,"[17248, 704, 704, 704, 224]",0.7691,-6.599373817443848,30.462160110473633
random_structured_finetune_0.5,40,42,28,4,32,NonCallBack,201.25368571281433,14378,"[12544, 512, 512, 512, 160]",0.5771,1.9815435409545898,
random_structured_finetune_0.8,40,42,28,4,32,NonCallBack,207.61551642417908,6362,"[5488, 224, 224, 224, 64]",0.2992,-3.176158905029297,0.020183086395263672
random_structured_finetune_0.9,40,42,28,4,32,NonCallBack,208.24190402030945,2810,"[2352, 96, 96, 96, 32]",0.1135,-2.2987072467803955,0.011539936065673828
random_structured_finetune_0.95,40,42,28,4,32,NonCallBack,201.16864562034607,1930,"[1568, 64, 64, 64, 32]",0.1135,-1.4276533126831055,0.019176959991455078
random_structured_nonfinetune_0.3,40,42,28,4,32,NonCallBack,1.9770383834838867,19722,"[17248, 704, 704, 704, 224]",0.4779,-10.644766807556152,1.3657021522521973
random_structured_nonfinetune_0.5,40,42,28,4,32,NonCallBack,1.9989793300628662,14378,"[12544, 512, 512, 512, 160]",0.2092,-14.519782066345215,1.5482959747314453
random_structured_nonfinetune_0.8,40,42,28,4,32,NonCallBack,2.111186981201172,6362,"[5488, 224, 224, 224, 64]",0.0899,11.836294174194336,
random_structured_nonfinetune_0.9,40,42,28,4,32,NonCallBack,1.9901401996612549,2810,"[2352, 96, 96, 96, 32]",0.0892,7.504715442657471,
random_structured_nonfinetune_0.95,40,42,28,4,32,NonCallBack,2.0155129432678223,1930,"[1568, 64, 64, 64, 32]",0.0892,8.807126998901367,
dense,40,42,28,4,64,NonCallBack,0,63369,"[50175, 4096, 4096, 4096, 640]",0.9623,-7.389527320861816,169.98015999794006
unstructured_finetune_0.3,40,42,28,4,64,NonCallBack,209.00749707221985,44438,"[35123, 2867, 2867, 2867, 448]",0.9777,-0.17425847053527832,159.371258020401
unstructured_finetune_0.5,40,42,28,4,64,NonCallBack,208.19271039962769,31817,"[25088, 2048, 2048, 2048, 319]",0.9777,-4.886844635009766,7.8272340297698975
unstructured_finetune_0.8,40,42,28,4,64,NonCallBack,202.0288529396057,12889,"[10035, 820, 820, 820, 128]",0.9728,-6.236363887786865,73.35185813903809
unstructured_finetune_0.9,40,42,28,4,64,NonCallBack,201.54675841331482,6574,"[5017, 409, 409, 409, 64]",0.9624,-11.380797386169434,45.06745100021362
unstructured_finetune_0.95,40,42,28,4,64,NonCallBack,206.6739945411682,3422,"[2509, 205, 205, 205, 32]",0.9458,-8.09455394744873,0.7665748596191406
unstructured_nonfinetune_0.3,40,42,28,4,64,NonCallBack,1.9030334949493408,44438,"[35123, 2867, 2867, 2867, 448]",0.9617,-0.9404042959213257,258.54397797584534
unstructured_nonfinetune_0.5,40,42,28,4,64,NonCallBack,1.9088420867919922,31817,"[25088, 2048, 2048, 2048, 319]",0.9531,4.019621849060059,
unstructured_nonfinetune_0.8,40,42,28,4,64,NonCallBack,1.856846570968628,12889,"[10035, 820, 820, 820, 128]",0.7702,5.668848037719727,
unstructured_nonfinetune_0.9,40,42,28,4,64,NonCallBack,1.823925256729126,6574,"[5017, 409, 409, 409, 64]",0.3315,-5.66847562789917,226.29175901412964
unstructured_nonfinetune_0.95,40,42,28,4,64,NonCallBack,1.846851110458374,3422,"[2509, 205, 205, 205, 32]",0.09,-3.297673225402832,35.77863693237305
structured_finetune_0.3,40,42,28,4,64,NonCallBack,202.30635118484497,44634,"[35280, 2880, 2880, 2880, 448]",0.7749,1.2123973369598389,
structured_finetune_0.5,40,42,28,4,64,NonCallBack,208.58681797981262,31818,"[25088, 2048, 2048, 2048, 320]",0.5932,2.0700387954711914,
structured_finetune_0.8,40,42,28,4,64,NonCallBack,202.32668542861938,12106,"[9408, 768, 768, 768, 128]",0.3067,-1.1648616790771484,0.06105494499206543
structured_finetune_0.9,40,42,28,4,64,NonCallBack,201.70923233032227,6186,"[4704, 384, 384, 384, 64]",0.2114,-2.603280544281006,0.035307884216308594
structured_finetune_0.95,40,42,28,4,64,NonCallBack,206.39529538154602,3258,"[2352, 192, 192, 192, 64]",0.2097,0.40945684909820557,0.038271188735961914
structured_nonfinetune_0.3,40,42,28,4,64,NonCallBack,1.9413731098175049,44634,"[35280, 2880, 2880, 2880, 448]",0.6336,-0.18620645999908447,140.63217115402222
structured_nonfinetune_0.5,40,42,28,4,64,NonCallBack,1.912735939025879,31818,"[25088, 2048, 2048, 2048, 320]",0.4464,12.893592834472656,
structured_nonfinetune_0.8,40,42,28,4,64,NonCallBack,1.8622910976409912,12106,"[9408, 768, 768, 768, 128]",0.0892,10.408180236816406,
structured_nonfinetune_0.9,40,42,28,4,64,NonCallBack,1.7971529960632324,6186,"[4704, 384, 384, 384, 64]",0.0892,12.96478271484375,
structured_nonfinetune_0.95,40,42,28,4,64,NonCallBack,1.8712072372436523,3258,"[2352, 192, 192, 192, 64]",0.0892,10.782179832458496,
random_unstructured_finetune_0.3,40,42,28,4,64,NonCallBack,202.29825830459595,44437,"[35122, 2867, 2867, 2867, 448]",0.9707,-0.6354613304138184,164.30149912834167
random_unstructured_finetune_0.5,40,42,28,4,64,NonCallBack,201.62763261795044,31817,"[25088, 2048, 2048, 2048, 319]",0.9607,-8.066287994384766,107.74438500404358
random_unstructured_finetune_0.8,40,42,28,4,64,NonCallBack,204.1550269126892,12889,"[10035, 820, 820, 820, 128]",0.392,-3.707303047180176,4.3711020946502686
random_unstructured_finetune_0.9,40,42,28,4,64,NonCallBack,203.84454345703125,6574,"[5017, 409, 409, 409, 64]",0.1135,-7.995912551879883,1.3005130290985107
random_unstructured_finetune_0.95,40,42,28,4,64,NonCallBack,201.54127979278564,3422,"[2509, 205, 205, 205, 32]",0.1135,1.4019355773925781,
random_unstructured_nonfinetune_0.3,40,42,28,4,64,NonCallBack,1.9723334312438965,44437,"[35122, 2867, 2867, 2867, 448]",0.7752,-3.1108317375183105,175.54475378990173
random_unstructured_nonfinetune_0.5,40,42,28,4,64,NonCallBack,2.0461785793304443,31817,"[25088, 2048, 2048, 2048, 319]",0.2854,-1.0855908393859863,99.06161403656006
random_unstructured_nonfinetune_0.8,40,42,28,4,64,NonCallBack,2.067338466644287,12889,"[10035, 820, 820, 820, 128]",0.0892,7.4944281578063965,
random_unstructured_nonfinetune_0.9,40,42,28,4,64,NonCallBack,2.007549285888672,6574,"[5017, 409, 409, 409, 64]",0.0892,6.565364837646484,
random_unstructured_nonfinetune_0.95,40,42,28,4,64,NonCallBack,2.0024867057800293,3422,"[2509, 205, 205, 205, 32]",0.0892,14.763957977294922,
random_structured_finetune_0.3,40,42,28,4,64,NonCallBack,204.10361647605896,44633,"[35279, 2880, 2880, 2880, 448]",0.7884,0.5459318161010742,0.4518771171569824
random_structured_finetune_0.5,40,42,28,4,64,NonCallBack,211.4620041847229,31818,"[25088, 2048, 2048, 2048, 320]",0.5958,-2.1749987602233887,0.09730100631713867
random_structured_finetune_0.8,40,42,28,4,64,NonCallBack,210.56113243103027,12105,"[9407, 768, 768, 768, 128]",0.2121,0.1586223840713501,0.07012295722961426
random_structured_finetune_0.9,40,42,28,4,64,NonCallBack,204.49272513389587,6186,"[4704, 384, 384, 384, 64]",0.1135,2.6223912239074707,
random_structured_finetune_0.95,40,42,28,4,64,NonCallBack,208.2224681377411,3258,"[2352, 192, 192, 192, 64]",0.1135,-1.0442919731140137,0.019361019134521484
random_structured_nonfinetune_0.3,40,42,28,4,64,NonCallBack,2.012584686279297,44633,"[35279, 2880, 2880, 2880, 448]",0.5056,-4.954966068267822,2.8567700386047363
random_structured_nonfinetune_0.5,40,42,28,4,64,NonCallBack,2.0558831691741943,31818,"[25088, 2048, 2048, 2048, 320]",0.3521,-13.17576789855957,4.177088022232056
random_structured_nonfinetune_0.8,40,42,28,4,64,NonCallBack,2.041048526763916,12106,"[9408, 768, 768, 768, 128]",0.0892,6.437058448791504,
random_structured_nonfinetune_0.9,40,42,28,4,64,NonCallBack,1.9843814373016357,6186,"[4704, 384, 384, 384, 64]",0.0892,12.179570198059082,
random_structured_nonfinetune_0.95,40,42,28,4,64,NonCallBack,1.9944329261779785,3258,"[2352, 192, 192, 192, 64]",0.0892,8.148159980773926,
dense,40,42,18,2,32,NonCallBack,0,11786,"[10368, 1024, 320]",0.9558,-20.758358001708984,0.6139020919799805
unstructured_finetune_0.3,40,42,18,2,32,NonCallBack,183.24361038208008,8270,"[7257, 716, 223]",0.9608,-20.022260665893555,0.5381529331207275
unstructured_finetune_0.5,40,42,18,2,32,NonCallBack,182.74987602233887,5931,"[5184, 512, 161]",0.9602,-20.002458572387695,0.43866705894470215
unstructured_finetune_0.8,40,42,18,2,32,NonCallBack,183.89294862747192,2417,"[2074, 205, 64]",0.9504,-15.877172470092773,0.22598910331726074
unstructured_finetune_0.9,40,42,18,2,32,NonCallBack,182.42960953712463,1245,"[1037, 102, 32]",0.9177,-10.777040481567383,0.06555509567260742
unstructured_finetune_0.95,40,42,18,2,32,NonCallBack,179.76359677314758,660,"[519, 51, 16]",0.8863,-15.102544784545898,0.03418421745300293
unstructured_nonfinetune_0.3,40,42,18,2,32,NonCallBack,1.8436198234558105,8270,"[7257, 716, 223]",0.9502,-20.491199493408203,0.569857120513916
unstructured_nonfinetune_0.5,40,42,18,2,32,NonCallBack,1.8826823234558105,5931,"[5184, 512, 161]",0.8944,-20.024259567260742,0.44088006019592285
unstructured_nonfinetune_0.8,40,42,18,2,32,NonCallBack,1.8580546379089355,2417,"[2074, 205, 64]",0.7099,-17.598222732543945,0.1072080135345459
unstructured_nonfinetune_0.9,40,42,18,2,32,NonCallBack,1.8661651611328125,1245,"[1037, 102, 32]",0.3367,-6.8830461502075195,0.06041288375854492
unstructured_nonfinetune_0.95,40,42,18,2,32,NonCallBack,1.852548360824585,660,"[519, 51, 16]",0.1762,-10.644936561584473,0.028096914291381836
structured_finetune_0.3,40,42,18,2,32,NonCallBack,182.3770306110382,8130,"[7128, 704, 224]",0.7583,-20.089113235473633,0.3711390495300293
structured_finetune_0.5,40,42,18,2,32,NonCallBack,182.49360466003418,5930,"[5184, 512, 160]",0.5672,-17.915761947631836,0.26758503913879395
structured_finetune_0.8,40,42,18,2,32,NonCallBack,180.50414514541626,2630,"[2268, 224, 64]",0.2948,-5.74324369430542,0.04371786117553711
structured_finetune_0.9,40,42,18,2,32,NonCallBack,181.55256295204163,1174,"[972, 96, 32]",0.1891,5.181030750274658,
structured_finetune_0.95,40,42,18,2,32,NonCallBack,180.0247504711151,818,"[648, 64, 32]",0.2043,2.3049721717834473,
structured_nonfinetune_0.3,40,42,18,2,32,NonCallBack,1.8777432441711426,8130,"[7128, 704, 224]",0.4931,-13.328350067138672,0.4710419178009033
structured_nonfinetune_0.5,40,42,18,2,32,NonCallBack,1.8954386711120605,5930,"[5184, 512, 160]",0.2059,-16.807178497314453,0.013562917709350586
structured_nonfinetune_0.8,40,42,18,2,32,NonCallBack,1.849332571029663,2630,"[2268, 224, 64]",0.0949,-0.6491456031799316,0.08197188377380371
structured_nonfinetune_0.9,40,42,18,2,32,NonCallBack,1.9359416961669922,1174,"[972, 96, 32]",0.0893,0.04864811897277832,0.023935794830322266
structured_nonfinetune_0.95,40,42,18,2,32,NonCallBack,2.004474401473999,818,"[648, 64, 32]",0.0892,0.04864811897277832,0.019301891326904297
random_unstructured_finetune_0.3,40,42,18,2,32,NonCallBack,184.02315998077393,8270,"[7257, 716, 223]",0.949,-13.053110122680664,0.28537583351135254
random_unstructured_finetune_0.5,40,42,18,2,32,NonCallBack,184.43133997917175,5931,"[5184, 512, 161]",0.9275,-11.904129028320312,0.2546079158782959
random_unstructured_finetune_0.8,40,42,18,2,32,NonCallBack,184.50706815719604,2417,"[2074, 205, 64]",0.8213,-2.3161697387695312,0.06902098655700684
random_unstructured_finetune_0.9,40,42,18,2,32,NonCallBack,184.18503522872925,1245,"[1037, 102, 32]",0.4175,-1.1065974235534668,0.03802299499511719
random_unstructured_finetune_0.95,40,42,18,2,32,NonCallBack,185.05297112464905,660,"[519, 51, 16]",0.235,2.1912031173706055,
random_unstructured_nonfinetune_0.3,40,42,18,2,32,NonCallBack,2.0552289485931396,8270,"[7257, 716, 223]",0.5427,-15.14764404296875,0.6851499080657959
random_unstructured_nonfinetune_0.5,40,42,18,2,32,NonCallBack,2.046623945236206,5931,"[5184, 512, 161]",0.5021,-23.95848846435547,0.278378963470459
random_unstructured_nonfinetune_0.8,40,42,18,2,32,NonCallBack,2.0074522495269775,2417,"[2074, 205, 64]",0.1212,-3.4305782318115234,0.10368514060974121
random_unstructured_nonfinetune_0.9,40,42,18,2,32,NonCallBack,2.051769495010376,1245,"[1037, 102, 32]",0.0864,3.762626886367798,
random_unstructured_nonfinetune_0.95,40,42,18,2,32,NonCallBack,2.0046958923339844,660,"[519, 51, 16]",0.0892,10.1015625,
random_structured_finetune_0.3,40,42,18,2,32,NonCallBack,195.88174390792847,8130,"[7128, 704, 224]",0.7599,-0.431146502494812,0.023403167724609375
random_structured_finetune_0.5,40,42,18,2,32,NonCallBack,198.61827158927917,5930,"[5184, 512, 160]",0.5897,-0.7883143424987793,0.019141197204589844
random_structured_finetune_0.8,40,42,18,2,32,NonCallBack,197.69634819030762,2630,"[2268, 224, 64]",0.2981,-1.4262824058532715,0.010557889938354492
random_structured_finetune_0.9,40,42,18,2,32,NonCallBack,194.26251673698425,1174,"[972, 96, 32]",0.2114,-7.664355278015137,0.008677005767822266
random_structured_finetune_0.95,40,42,18,2,32,NonCallBack,185.14086985588074,818,"[648, 64, 32]",0.1982,3.7309062480926514,
random_structured_nonfinetune_0.3,40,42,18,2,32,NonCallBack,2.0206336975097656,8130,"[7128, 704, 224]",0.4732,-17.315067291259766,0.45281004905700684
random_structured_nonfinetune_0.5,40,42,18,2,32,NonCallBack,1.997725009918213,5930,"[5184, 512, 160]",0.3284,-22.43959617614746,0.07230806350708008
random_structured_nonfinetune_0.8,40,42,18,2,32,NonCallBack,1.9891107082366943,2630,"[2268, 224, 64]",0.0999,2.985989809036255,
random_structured_nonfinetune_0.9,40,42,18,2,32,NonCallBack,2.006525754928589,1174,"[972, 96, 32]",0.0892,3.7630865573883057,
random_structured_nonfinetune_0.95,40,42,18,2,32,NonCallBack,2.0207626819610596,818,"[648, 64, 32]",0.0892,4.680494785308838,
dense,40,42,18,2,64,NonCallBack,0,25610,"[20736, 4096, 640]",0.9575,-19.389907836914062,5.51052713394165
unstructured_finetune_0.3,40,42,18,2,64,NonCallBack,186.12455105781555,17968,"[14515, 2867, 448]",0.9724,-18.536113739013672,3.469508171081543
unstructured_finetune_0.5,40,42,18,2,64,NonCallBack,179.6925699710846,12873,"[10368, 2048, 319]",0.9708,-18.579334259033203,2.3174359798431396
unstructured_finetune_0.8,40,42,18,2,64,NonCallBack,180.73489141464233,5233,"[4147, 820, 128]",0.9627,-17.941997528076172,0.767664909362793
unstructured_finetune_0.9,40,42,18,2,64,NonCallBack,182.05322527885437,2685,"[2074, 409, 64]",0.9483,-16.193696975708008,0.31866002082824707
unstructured_finetune_0.95,40,42,18,2,64,NonCallBack,184.6452717781067,1411,"[1036, 205, 32]",0.9241,-13.152450561523438,0.06973099708557129
unstructured_nonfinetune_0.3,40,42,18,2,64,NonCallBack,1.7879135608673096,17968,"[14515, 2867, 448]",0.9547,-18.926090240478516,3.4388439655303955
unstructured_nonfinetune_0.5,40,42,18,2,64,NonCallBack,1.9244840145111084,12873,"[10368, 2048, 319]",0.924,-18.848115921020508,2.0199968814849854
unstructured_nonfinetune_0.8,40,42,18,2,64,NonCallBack,1.8577642440795898,5233,"[4147, 820, 128]",0.7928,-16.097949981689453,0.8977501392364502
unstructured_nonfinetune_0.9,40,42,18,2,64,NonCallBack,1.9449725151062012,2685,"[2074, 409, 64]",0.3194,-14.351447105407715,0.108489990234375
unstructured_nonfinetune_0.95,40,42,18,2,64,NonCallBack,1.7786908149719238,1411,"[1036, 205, 32]",0.155,-1.7352972030639648,0.07673311233520508
structured_finetune_0.3,40,42,18,2,64,NonCallBack,180.54760789871216,18046,"[14580, 2880, 448]",0.7725,-17.826404571533203,2.241594076156616
structured_finetune_0.5,40,42,18,2,64,NonCallBack,180.99015140533447,12874,"[10368, 2048, 320]",0.5757,-17.323564529418945,1.0915710926055908
structured_finetune_0.8,40,42,18,2,64,NonCallBack,180.77474546432495,4922,"[3888, 768, 128]",0.2948,-4.71031379699707,0.13760900497436523
structured_finetune_0.9,40,42,18,2,64,NonCallBack,180.91287899017334,2530,"[1944, 384, 64]",0.2079,1.4859740734100342,
structured_finetune_0.95,40,42,18,2,64,NonCallBack,181.49461936950684,1366,"[972, 192, 64]",0.2079,1.6093885898590088,
structured_nonfinetune_0.3,40,42,18,2,64,NonCallBack,1.8258800506591797,18046,"[14580, 2880, 448]",0.5581,-15.793119430541992,1.6073939800262451
structured_nonfinetune_0.5,40,42,18,2,64,NonCallBack,1.89815354347229,12874,"[10368, 2048, 320]",0.4273,-16.044588088989258,0.02564096450805664
structured_nonfinetune_0.8,40,42,18,2,64,NonCallBack,1.8822743892669678,4922,"[3888, 768, 128]",0.1532,-9.717260360717773,0.3459479808807373
structured_nonfinetune_0.9,40,42,18,2,64,NonCallBack,1.8474884033203125,2530,"[1944, 384, 64]",0.1189,5.220497131347656,
structured_nonfinetune_0.95,40,42,18,2,64,NonCallBack,1.8077480792999268,1366,"[972, 192, 64]",0.0894,7.098764419555664,
random_unstructured_finetune_0.3,40,42,18,2,64,NonCallBack,182.7134988307953,17968,"[14515, 2867, 448]",0.9596,-14.991283416748047,1.1434309482574463
random_unstructured_finetune_0.5,40,42,18,2,64,NonCallBack,186.17247557640076,12873,"[10368, 2048, 319]",0.9424,-14.7456636428833,0.8612079620361328
random_unstructured_finetune_0.8,40,42,18,2,64,NonCallBack,185.2054741382599,5233,"[4147, 820, 128]",0.8662,-4.459507942199707,0.20298314094543457
random_unstructured_finetune_0.9,40,42,18,2,64,NonCallBack,185.32243990898132,2685,"[2074, 409, 64]",0.5781,-6.173744201660156,0.09732317924499512
random_unstructured_finetune_0.95,40,42,18,2,64,NonCallBack,184.59426951408386,1411,"[1036, 205, 32]",0.2736,4.837253093719482,
random_unstructured_nonfinetune_0.3,40,42,18,2,64,NonCallBack,2.0318784713745117,17968,"[14515, 2867, 448]",0.8051,-18.12529754638672,1.3099188804626465
random_unstructured_nonfinetune_0.5,40,42,18,2,64,NonCallBack,2.0086357593536377,12873,"[10368, 2048, 319]",0.8073,-10.752211570739746,0.8788318634033203
random_unstructured_nonfinetune_0.8,40,42,18,2,64,NonCallBack,1.9985640048980713,5233,"[4147, 820, 128]",0.1374,2.008838653564453,
random_unstructured_nonfinetune_0.9,40,42,18,2,64,NonCallBack,2.0234487056732178,2685,"[2074, 409, 64]",0.1275,-8.921113967895508,0.13369417190551758
random_unstructured_nonfinetune_0.95,40,42,18,2,64,NonCallBack,1.9812109470367432,1411,"[1036, 205, 32]",0.0892,5.918826580047607,
random_structured_finetune_0.3,40,42,18,2,64,NonCallBack,183.0515341758728,18046,"[14580, 2880, 448]",0.7605,-16.759117126464844,0.18740320205688477
random_structured_finetune_0.5,40,42,18,2,64,NonCallBack,184.5364191532135,12874,"[10368, 2048, 320]",0.5676,-14.174875259399414,0.49316906929016113
random_structured_finetune_0.8,40,42,18,2,64,NonCallBack,187.12030601501465,4922,"[3888, 768, 128]",0.3046,1.1473921537399292,
random_structured_finetune_0.9,40,42,18,2,64,NonCallBack,182.89494633674622,2530,"[1944, 384, 64]",0.2057,-1.1265833377838135,0.007704973220825195
random_structured_finetune_0.95,40,42,18,2,64,NonCallBack,187.2440390586853,1366,"[972, 192, 64]",0.2087,-5.879268646240234,0.008236169815063477
random_structured_nonfinetune_0.3,40,42,18,2,64,NonCallBack,2.1887881755828857,18046,"[14580, 2880, 448]",0.7062,-14.326148986816406,1.182387113571167
random_structured_nonfinetune_0.5,40,42,18,2,64,NonCallBack,2.0638885498046875,12874,"[10368, 2048, 320]",0.2837,3.448453903198242,
random_structured_nonfinetune_0.8,40,42,18,2,64,NonCallBack,2.038278341293335,4922,"[3888, 768, 128]",0.0985,-13.370314598083496,0.010656118392944336
random_structured_nonfinetune_0.9,40,42,18,2,64,NonCallBack,1.999816656112671,2530,"[1944, 384, 64]",0.0892,5.80935001373291,
random_structured_nonfinetune_0.95,40,42,18,2,64,NonCallBack,2.0085554122924805,1366,"[972, 192, 64]",0.0892,5.889630317687988,
dense,40,42,18,4,32,NonCallBack,0,13898,"[10368, 1024, 1024, 1024, 320]",0.9567,-26.10575294494629,67.30148792266846
unstructured_finetune_0.3,40,42,18,4,32,NonCallBack,204.8285801410675,9766,"[7257, 716, 716, 716, 223]",0.9633,-25.610157012939453,67.25602006912231
unstructured_finetune_0.5,40,42,18,4,32,NonCallBack,207.88193607330322,7019,"[5184, 512, 512, 512, 161]",0.9616,-25.284011840820312,39.34895300865173
unstructured_finetune_0.8,40,42,18,4,32,NonCallBack,206.61400318145752,2891,"[2074, 205, 205, 205, 64]",0.9522,-22.486141204833984,1.2277910709381104
unstructured_finetune_0.9,40,42,18,4,32,NonCallBack,199.57599186897278,1513,"[1037, 102, 102, 102, 32]",0.9334,-21.571636199951172,0.5398240089416504
unstructured_finetune_0.95,40,42,18,4,32,NonCallBack,206.85506057739258,826,"[519, 51, 51, 51, 16]",0.8375,-6.588997840881348,0.08281993865966797
unstructured_nonfinetune_0.3,40,42,18,4,32,NonCallBack,1.8861641883850098,9766,"[7257, 716, 716, 716, 223]",0.955,-25.918636322021484,51.794508934020996
unstructured_nonfinetune_0.5,40,42,18,4,32,NonCallBack,1.9140119552612305,7019,"[5184, 512, 512, 512, 161]",0.9299,-25.124652862548828,29.466894149780273
unstructured_nonfinetune_0.8,40,42,18,4,32,NonCallBack,1.8633666038513184,2891,"[2074, 205, 205, 205, 64]",0.4067,-20.641891479492188,1.0115652084350586
unstructured_nonfinetune_0.9,40,42,18,4,32,NonCallBack,1.8387706279754639,1513,"[1037, 102, 102, 102, 32]",0.1787,-10.071647644042969,0.2308189868927002
unstructured_nonfinetune_0.95,40,42,18,4,32,NonCallBack,2.074167013168335,826,"[519, 51, 51, 51, 16]",0.1029,-16.854480743408203,0.04432320594787598
structured_finetune_0.3,40,42,18,4,32,NonCallBack,201.94886994361877,9602,"[7128, 704, 704, 704, 224]",0.7712,-26.78205680847168,68.63372707366943
structured_finetune_0.5,40,42,18,4,32,NonCallBack,208.036062002182,7018,"[5184, 512, 512, 512, 160]",0.5856,4.105111122131348,
structured_finetune_0.8,40,42,18,4,32,NonCallBack,207.58132076263428,3142,"[2268, 224, 224, 224, 64]",0.3035,-5.439573287963867,0.010555028915405273
structured_finetune_0.9,40,42,18,4,32,NonCallBack,200.26706075668335,1430,"[972, 96, 96, 96, 32]",0.2084,-1.5686721801757812,0.007089138031005859
structured_finetune_0.95,40,42,18,4,32,NonCallBack,208.79257345199585,1010,"[648, 64, 64, 64, 32]",0.2004,-1.0621650218963623,0.006746053695678711
structured_nonfinetune_0.3,40,42,18,4,32,NonCallBack,1.8979694843292236,9602,"[7128, 704, 704, 704, 224]",0.6045,-26.605209350585938,29.638083934783936
structured_nonfinetune_0.5,40,42,18,4,32,NonCallBack,1.9013481140136719,7018,"[5184, 512, 512, 512, 160]",0.3702,-15.281986236572266,22.471295833587646
structured_nonfinetune_0.8,40,42,18,4,32,NonCallBack,1.8425328731536865,3142,"[2268, 224, 224, 224, 64]",0.0982,-22.810733795166016,6.170057058334351
structured_nonfinetune_0.9,40,42,18,4,32,NonCallBack,1.9527628421783447,1430,"[972, 96, 96, 96, 32]",0.0982,6.167453765869141,
structured_nonfinetune_0.95,40,42,18,4,32,NonCallBack,1.9387524127960205,1010,"[648, 64, 64, 64, 32]",0.0982,7.288006782531738,
random_unstructured_finetune_0.3,40,42,18,4,32,NonCallBack,202.51216101646423,9766,"[7257, 716, 716, 716, 223]",0.953,-22.972400665283203,28.445019006729126
random_unstructured_finetune_0.5,40,42,18,4,32,NonCallBack,201.82759547233582,7019,"[5184, 512, 512, 512, 161]",0.9284,-20.015836715698242,24.562175989151
random_unstructured_finetune_0.8,40,42,18,4,32,NonCallBack,203.51437497138977,2891,"[2074, 205, 205, 205, 64]",0.328,-8.318414688110352,0.3826420307159424
random_unstructured_finetune_0.9,40,42,18,4,32,NonCallBack,200.198668718338,1513,"[1037, 102, 102, 102, 32]",0.1135,-5.243520736694336,0.0745398998260498
random_unstructured_finetune_0.95,40,42,18,4,32,NonCallBack,200.22042751312256,826,"[519, 51, 51, 51, 16]",0.1135,0.67824387550354,0.014812946319580078
random_unstructured_nonfinetune_0.3,40,42,18,4,32,NonCallBack,2.02486515045166,9766,"[7257, 716, 716, 716, 223]",0.5939,-22.06988525390625,2.961886167526245
random_unstructured_nonfinetune_0.5,40,42,18,4,32,NonCallBack,2.1056315898895264,7019,"[5184, 512, 512, 512, 161]",0.2638,-11.799959182739258,83.38508605957031
random_unstructured_nonfinetune_0.8,40,42,18,4,32,NonCallBack,2.007981300354004,2891,"[2074, 205, 205, 205, 64]",0.0982,1.4560303688049316,
random_unstructured_nonfinetune_0.9,40,42,18,4,32,NonCallBack,2.0435099601745605,1513,"[1037, 102, 102, 102, 32]",0.0982,-8.208005905151367,0.09940695762634277
random_unstructured_nonfinetune_0.95,40,42,18,4,32,NonCallBack,2.051281452178955,826,"[519, 51, 51, 51, 16]",0.0982,-2.21437406539917,0.018903017044067383
random_structured_finetune_0.3,40,42,18,4,32,NonCallBack,202.34612226486206,9602,"[7128, 704, 704, 704, 224]",0.7609,-22.4566650390625,0.8415591716766357
random_structured_finetune_0.5,40,42,18,4,32,NonCallBack,211.9462070465088,7018,"[5184, 512, 512, 512, 160]",0.5816,-0.7175525426864624,0.0212099552154541
random_structured_finetune_0.8,40,42,18,4,32,NonCallBack,210.78498554229736,3142,"[2268, 224, 224, 224, 64]",0.2815,5.507436752319336,
random_structured_finetune_0.9,40,42,18,4,32,NonCallBack,210.6814308166504,1430,"[972, 96, 96, 96, 32]",0.1135,2.8573765754699707,
random_structured_finetune_0.95,40,42,18,4,32,NonCallBack,212.58742380142212,1010,"[648, 64, 64, 64, 32]",0.1135,-1.8807811737060547,0.006829023361206055
random_structured_nonfinetune_0.3,40,42,18,4,32,NonCallBack,1.9594354629516602,9602,"[7128, 704, 704, 704, 224]",0.3973,-25.141427993774414,1.7001988887786865
random_structured_nonfinetune_0.5,40,42,18,4,32,NonCallBack,2.0910115242004395,7018,"[5184, 512, 512, 512, 160]",0.2366,-11.020627975463867,21.364171028137207
random_structured_nonfinetune_0.8,40,42,18,4,32,NonCallBack,2.0585153102874756,3142,"[2268, 224, 224, 224, 64]",0.0982,-29.678054809570312,0.011114120483398438
random_structured_nonfinetune_0.9,40,42,18,4,32,NonCallBack,1.9870376586914062,1430,"[972, 96, 96, 96, 32]",0.0982,4.230004787445068,
random_structured_nonfinetune_0.95,40,42,18,4,32,NonCallBack,2.045274496078491,1010,"[648, 64, 64, 64, 32]",0.0982,-17.4543399810791,0.023030996322631836
dense,40,42,18,4,64,NonCallBack,0,33930,"[20736, 4096, 4096, 4096, 640]",0.9675,-0.7686855792999268,11.888687133789062
unstructured_finetune_0.3,40,42,18,4,64,NonCallBack,207.23772859573364,23830,"[14515, 2867, 2867, 2867, 448]",0.9772,-3.243490219116211,10.234544038772583
unstructured_finetune_0.5,40,42,18,4,64,NonCallBack,202.03982067108154,17097,"[10368, 2048, 2048, 2048, 319]",0.9767,-6.7232985496521,7.290304899215698
unstructured_finetune_0.8,40,42,18,4,64,NonCallBack,206.91176390647888,7001,"[4147, 820, 820, 820, 128]",0.9691,-11.624423027038574,4.208016872406006
unstructured_finetune_0.9,40,42,18,4,64,NonCallBack,206.95988392829895,3631,"[2074, 409, 409, 409, 64]",0.9584,-14.276874542236328,1.7637758255004883
unstructured_finetune_0.95,40,42,18,4,64,NonCallBack,208.12252736091614,1949,"[1036, 205, 205, 205, 32]",0.9359,-13.857062339782715,0.5107109546661377
unstructured_nonfinetune_0.3,40,42,18,4,64,NonCallBack,1.9509937763214111,23830,"[14515, 2867, 2867, 2867, 448]",0.9664,-7.077017784118652,269.0442500114441
unstructured_nonfinetune_0.5,40,42,18,4,64,NonCallBack,1.9115064144134521,17097,"[10368, 2048, 2048, 2048, 319]",0.9634,-6.218599319458008,121.98635792732239
unstructured_nonfinetune_0.8,40,42,18,4,64,NonCallBack,1.8872227668762207,7001,"[4147, 820, 820, 820, 128]",0.7324,-24.458032608032227,3.279755115509033
unstructured_nonfinetune_0.9,40,42,18,4,64,NonCallBack,1.867603063583374,3631,"[2074, 409, 409, 409, 64]",0.3486,-11.968109130859375,1.4061038494110107
unstructured_nonfinetune_0.95,40,42,18,4,64,NonCallBack,1.8495228290557861,1949,"[1036, 205, 205, 205, 32]",0.1858,2.987210512161255,
structured_finetune_0.3,40,42,18,4,64,NonCallBack,202.36421942710876,23934,"[14580, 2880, 2880, 2880, 448]",0.784,-1.673269271850586,107.94361805915833
structured_finetune_0.5,40,42,18,4,64,NonCallBack,201.5429654121399,17098,"[10368, 2048, 2048, 2048, 320]",0.5849,-10.94786262512207,51.88778901100159
structured_finetune_0.8,40,42,18,4,64,NonCallBack,208.82665991783142,6586,"[3888, 768, 768, 768, 128]",0.2902,-5.362533092498779,12.476521015167236
structured_finetune_0.9,40,42,18,4,64,NonCallBack,206.77227210998535,3426,"[1944, 384, 384, 384, 64]",0.2059,4.360122203826904,
structured_finetune_0.95,40,42,18,4,64,NonCallBack,209.231516122818,1878,"[972, 192, 192, 192, 64]",0.1135,3.274840831756592,
structured_nonfinetune_0.3,40,42,18,4,64,NonCallBack,1.9819705486297607,23934,"[14580, 2880, 2880, 2880, 448]",0.6581,-12.251742362976074,182.13883996009827
structured_nonfinetune_0.5,40,42,18,4,64,NonCallBack,2.010582447052002,17098,"[10368, 2048, 2048, 2048, 320]",0.3784,-6.985543727874756,0.02903008460998535
structured_nonfinetune_0.8,40,42,18,4,64,NonCallBack,1.9072954654693604,6586,"[3888, 768, 768, 768, 128]",0.0892,-3.6035823822021484,13.076048135757446
structured_nonfinetune_0.9,40,42,18,4,64,NonCallBack,1.8930473327636719,3426,"[1944, 384, 384, 384, 64]",0.0892,3.959836483001709,
structured_nonfinetune_0.95,40,42,18,4,64,NonCallBack,1.930215835571289,1878,"[972, 192, 192, 192, 64]",0.0892,-2.1232528686523438,0.02552008628845215
random_unstructured_finetune_0.3,40,42,18,4,64,NonCallBack,201.3865885734558,23830,"[14515, 2867, 2867, 2867, 448]",0.966,5.17557954788208,
random_unstructured_finetune_0.5,40,42,18,4,64,NonCallBack,202.7383382320404,17097,"[10368, 2048, 2048, 2048, 319]",0.949,-10.981276512145996,205.1170527935028
random_unstructured_finetune_0.8,40,42,18,4,64,NonCallBack,202.01759910583496,7001,"[4147, 820, 820, 820, 128]",0.2476,-5.159400463104248,73.75091600418091
random_unstructured_finetune_0.9,40,42,18,4,64,NonCallBack,200.27781677246094,3631,"[2074, 409, 409, 409, 64]",0.1135,-4.443295955657959,0.640967845916748
random_unstructured_finetune_0.95,40,42,18,4,64,NonCallBack,201.21297883987427,1949,"[1036, 205, 205, 205, 32]",0.1135,3.8490774631500244,
random_unstructured_nonfinetune_0.3,40,42,18,4,64,NonCallBack,2.077791929244995,23830,"[14515, 2867, 2867, 2867, 448]",0.7922,-5.243537425994873,6.2340710163116455
random_unstructured_nonfinetune_0.5,40,42,18,4,64,NonCallBack,2.083674192428589,17097,"[10368, 2048, 2048, 2048, 319]",0.2716,-6.216037273406982,246.8517620563507
random_unstructured_nonfinetune_0.8,40,42,18,4,64,NonCallBack,1.9777030944824219,7001,"[4147, 820, 820, 820, 128]",0.0892,-4.327402114868164,165.55228996276855
random_unstructured_nonfinetune_0.9,40,42,18,4,64,NonCallBack,2.072540044784546,3631,"[2074, 409, 409, 409, 64]",0.0892,-0.8977353572845459,1.5563337802886963
random_unstructured_nonfinetune_0.95,40,42,18,4,64,NonCallBack,2.0296902656555176,1949,"[1036, 205, 205, 205, 32]",0.0892,2.204477548599243,
random_structured_finetune_0.3,40,42,18,4,64,NonCallBack,203.67089676856995,23934,"[14580, 2880, 2880, 2880, 448]",0.7709,-9.043455123901367,3.0014500617980957
random_structured_finetune_0.5,40,42,18,4,64,NonCallBack,209.39340138435364,17098,"[10368, 2048, 2048, 2048, 320]",0.5766,-0.49662184715270996,0.1619729995727539
random_structured_finetune_0.8,40,42,18,4,64,NonCallBack,202.11782813072205,6586,"[3888, 768, 768, 768, 128]",0.2902,-5.8776469230651855,0.12955284118652344
random_structured_finetune_0.9,40,42,18,4,64,NonCallBack,210.3245096206665,3426,"[1944, 384, 384, 384, 64]",0.1227,-3.443535804748535,0.1270442008972168
random_structured_finetune_0.95,40,42,18,4,64,NonCallBack,212.01818132400513,1878,"[972, 192, 192, 192, 64]",0.1135,5.0139641761779785,
random_structured_nonfinetune_0.3,40,42,18,4,64,NonCallBack,2.0211825370788574,23934,"[14580, 2880, 2880, 2880, 448]",0.5375,-18.155094146728516,117.7226448059082
random_structured_nonfinetune_0.5,40,42,18,4,64,NonCallBack,2.2134668827056885,17098,"[10368, 2048, 2048, 2048, 320]",0.2751,-3.896890640258789,0.03086090087890625
random_structured_nonfinetune_0.8,40,42,18,4,64,NonCallBack,2.0497853755950928,6586,"[3888, 768, 768, 768, 128]",0.0892,3.286494731903076,
random_structured_nonfinetune_0.9,40,42,18,4,64,NonCallBack,2.046872138977051,3426,"[1944, 384, 384, 384, 64]",0.0892,4.490160942077637,
random_structured_nonfinetune_0.95,40,42,18,4,64,NonCallBack,2.040344715118408,1878,"[972, 192, 192, 192, 64]",0.0892,4.181297779083252,
dense,50,52,28,2,32,NonCallBack,0,26506,"[25088, 1024, 320]",0.9577,-17.744647979736328,2.228287935256958
unstructured_finetune_0.3,50,52,28,2,32,NonCallBack,177.9198875427246,18574,"[17561, 716, 223]",0.965,-17.44918441772461,2.0347118377685547
unstructured_finetune_0.5,50,52,28,2,32,NonCallBack,181.04533886909485,13291,"[12544, 512, 161]",0.9648,-19.018455505371094,0.8671660423278809
unstructured_finetune_0.8,50,52,28,2,32,NonCallBack,181.08604311943054,5361,"[5018, 205, 64]",0.9578,-16.083412170410156,0.38106393814086914
unstructured_finetune_0.9,50,52,28,2,32,NonCallBack,179.41227912902832,2717,"[2509, 102, 32]",0.9299,-12.56148624420166,0.10035896301269531
unstructured_finetune_0.95,50,52,28,2,32,NonCallBack,177.6724989414215,1396,"[1255, 51, 16]",0.8988,1.1216925382614136,
unstructured_nonfinetune_0.3,50,52,28,2,32,NonCallBack,1.9140563011169434,18574,"[17561, 716, 223]",0.9572,-19.891889572143555,21.04640007019043
unstructured_nonfinetune_0.5,50,52,28,2,32,NonCallBack,1.924238920211792,13291,"[12544, 512, 161]",0.923,-18.95528793334961,1.019240140914917
unstructured_nonfinetune_0.8,50,52,28,2,32,NonCallBack,1.8293178081512451,5361,"[5018, 205, 64]",0.4365,-8.046626091003418,0.43313097953796387
unstructured_nonfinetune_0.9,50,52,28,2,32,NonCallBack,1.9168977737426758,2717,"[2509, 102, 32]",0.3057,-0.9926323890686035,0.06756210327148438
unstructured_nonfinetune_0.95,50,52,28,2,32,NonCallBack,1.803084373474121,1396,"[1255, 51, 16]",0.1395,-4.71734619140625,0.040689945220947266
structured_finetune_0.3,50,52,28,2,32,NonCallBack,178.34012699127197,18250,"[17248, 704, 224]",0.7793,9.637548446655273,
structured_finetune_0.5,50,52,28,2,32,NonCallBack,182.6869466304779,13290,"[12544, 512, 160]",0.5826,-6.801562309265137,6.700926065444946
structured_finetune_0.8,50,52,28,2,32,NonCallBack,178.3829061985016,5850,"[5488, 224, 64]",0.2994,3.7347559928894043,
structured_finetune_0.9,50,52,28,2,32,NonCallBack,177.83227920532227,2554,"[2352, 96, 32]",0.1916,7.2271904945373535,
structured_finetune_0.95,50,52,28,2,32,NonCallBack,182.3027012348175,1738,"[1568, 64, 32]",0.18,6.872769832611084,
structured_nonfinetune_0.3,50,52,28,2,32,NonCallBack,1.8458945751190186,18250,"[17248, 704, 224]",0.5685,-19.20806121826172,1.572869062423706
structured_nonfinetune_0.5,50,52,28,2,32,NonCallBack,1.8891146183013916,13290,"[12544, 512, 160]",0.3969,-14.944822311401367,5.767251014709473
structured_nonfinetune_0.8,50,52,28,2,32,NonCallBack,1.864511251449585,5850,"[5488, 224, 64]",0.1783,-16.662731170654297,0.016697168350219727
structured_nonfinetune_0.9,50,52,28,2,32,NonCallBack,1.8000760078430176,2554,"[2352, 96, 32]",0.0892,0.9267795085906982,0.010814905166625977
structured_nonfinetune_0.95,50,52,28,2,32,NonCallBack,1.8749959468841553,1738,"[1568, 64, 32]",0.094,-8.459571838378906,0.017966032028198242
random_unstructured_finetune_0.3,50,52,28,2,32,NonCallBack,182.54762816429138,18574,"[17561, 716, 223]",0.956,-17.997602462768555,9.86313509941101
random_unstructured_finetune_0.5,50,52,28,2,32,NonCallBack,182.2827627658844,13291,"[12544, 512, 161]",0.945,-7.034570693969727,0.6353170871734619
random_unstructured_finetune_0.8,50,52,28,2,32,NonCallBack,181.23895120620728,5361,"[5018, 205, 64]",0.8482,2.053112506866455,
random_unstructured_finetune_0.9,50,52,28,2,32,NonCallBack,181.6866614818573,2717,"[2509, 102, 32]",0.6423,1.8986679315567017,
random_unstructured_finetune_0.95,50,52,28,2,32,NonCallBack,183.4466359615326,1396,"[1255, 51, 16]",0.3831,2.7207906246185303,
random_unstructured_nonfinetune_0.3,50,52,28,2,32,NonCallBack,1.9257113933563232,18574,"[17561, 716, 223]",0.644,-16.108135223388672,1.3311870098114014
random_unstructured_nonfinetune_0.5,50,52,28,2,32,NonCallBack,1.9598414897918701,13291,"[12544, 512, 161]",0.4432,-8.354019165039062,0.9333481788635254
random_unstructured_nonfinetune_0.8,50,52,28,2,32,NonCallBack,1.9088549613952637,5361,"[5018, 205, 64]",0.1825,1.2081390619277954,
random_unstructured_nonfinetune_0.9,50,52,28,2,32,NonCallBack,2.0635764598846436,2717,"[2509, 102, 32]",0.1172,-4.953961372375488,0.03982686996459961
random_unstructured_nonfinetune_0.95,50,52,28,2,32,NonCallBack,1.9660396575927734,1396,"[1255, 51, 16]",0.0892,-1.1442384719848633,0.026049137115478516
random_structured_finetune_0.3,50,52,28,2,32,NonCallBack,181.93380737304688,18250,"[17248, 704, 224]",0.763,-15.85557746887207,6.208952903747559
random_structured_finetune_0.5,50,52,28,2,32,NonCallBack,181.0379617214203,13290,"[12544, 512, 160]",0.5825,5.661818981170654,
random_structured_finetune_0.8,50,52,28,2,32,NonCallBack,180.64237642288208,5850,"[5488, 224, 64]",0.2893,7.801880836486816,
random_structured_finetune_0.9,50,52,28,2,32,NonCallBack,182.34586215019226,2554,"[2352, 96, 32]",0.2093,1.224729061126709,
random_structured_finetune_0.95,50,52,28,2,32,NonCallBack,180.9026529788971,1738,"[1568, 64, 32]",0.2064,7.159809589385986,
random_structured_nonfinetune_0.3,50,52,28,2,32,NonCallBack,1.9603617191314697,18250,"[17248, 704, 224]",0.48,-15.885564804077148,0.8730559349060059
random_structured_nonfinetune_0.5,50,52,28,2,32,NonCallBack,2.0704503059387207,13290,"[12544, 512, 160]",0.3057,-19.086669921875,0.5728099346160889
random_structured_nonfinetune_0.8,50,52,28,2,32,NonCallBack,2.016500949859619,5850,"[5488, 224, 64]",0.1496,1.4448025226593018,
random_structured_nonfinetune_0.9,50,52,28,2,32,NonCallBack,2.0399179458618164,2554,"[2352, 96, 32]",0.0892,0.5459282398223877,0.00902104377746582
random_structured_nonfinetune_0.95,50,52,28,2,32,NonCallBack,1.991684913635254,1738,"[1568, 64, 32]",0.0892,2.951859712600708,
dense,50,52,28,2,64,NonCallBack,0,55050,"[50176, 4096, 640]",0.9597,-16.641807556152344,91.83109188079834
unstructured_finetune_0.3,50,52,28,2,64,NonCallBack,179.3187928199768,38576,"[35123, 2867, 448]",0.9752,-10.852792739868164,101.8541328907013
unstructured_finetune_0.5,50,52,28,2,64,NonCallBack,180.17037272453308,27593,"[25088, 2048, 319]",0.9745,-11.75020980834961,61.092469215393066
unstructured_finetune_0.8,50,52,28,2,64,NonCallBack,180.04870629310608,11121,"[10035, 820, 128]",0.9683,-10.952476501464844,1.144651174545288
unstructured_finetune_0.9,50,52,28,2,64,NonCallBack,184.90241503715515,5628,"[5017, 409, 64]",0.9549,-8.990161895751953,0.5739240646362305
unstructured_finetune_0.95,50,52,28,2,64,NonCallBack,183.3559274673462,2884,"[2509, 205, 32]",0.9298,-3.104498863220215,0.20382404327392578
unstructured_nonfinetune_0.3,50,52,28,2,64,NonCallBack,1.829448938369751,38576,"[35123, 2867, 448]",0.9544,-12.451236724853516,94.65864419937134
unstructured_nonfinetune_0.5,50,52,28,2,64,NonCallBack,1.8062999248504639,27593,"[25088, 2048, 319]",0.9542,-12.441947937011719,0.815532922744751
unstructured_nonfinetune_0.8,50,52,28,2,64,NonCallBack,1.8504273891448975,11121,"[10035, 820, 128]",0.7962,-14.503922462463379,1.2226581573486328
unstructured_nonfinetune_0.9,50,52,28,2,64,NonCallBack,1.960662603378296,5628,"[5017, 409, 64]",0.5175,-7.724771499633789,0.6260089874267578
unstructured_nonfinetune_0.95,50,52,28,2,64,NonCallBack,1.8825528621673584,2884,"[2509, 205, 32]",0.2477,-6.018524169921875,0.30179786682128906
structured_finetune_0.3,50,52,28,2,64,NonCallBack,181.4835193157196,38746,"[35280, 2880, 448]",0.7832,13.898208618164062,
structured_finetune_0.5,50,52,28,2,64,NonCallBack,179.266015291214,27594,"[25088, 2048, 320]",0.5913,7.3969502449035645,
structured_finetune_0.8,50,52,28,2,64,NonCallBack,178.2782645225525,10442,"[9408, 768, 128]",0.2949,5.884149074554443,
structured_finetune_0.9,50,52,28,2,64,NonCallBack,178.16315913200378,5290,"[4704, 384, 64]",0.1976,3.3568787574768066,
structured_finetune_0.95,50,52,28,2,64,NonCallBack,181.68175792694092,2746,"[2352, 192, 64]",0.1941,8.374305725097656,
structured_nonfinetune_0.3,50,52,28,2,64,NonCallBack,1.9373459815979004,38746,"[35280, 2880, 448]",0.6529,-16.521100997924805,20.590746879577637
structured_nonfinetune_0.5,50,52,28,2,64,NonCallBack,1.8204591274261475,27594,"[25088, 2048, 320]",0.421,-22.993785858154297,18.774813890457153
structured_nonfinetune_0.8,50,52,28,2,64,NonCallBack,1.7954015731811523,10442,"[9408, 768, 128]",0.1905,3.0201988220214844,
structured_nonfinetune_0.9,50,52,28,2,64,NonCallBack,1.7906644344329834,5290,"[4704, 384, 64]",0.0976,-7.789272308349609,0.016793012619018555
structured_nonfinetune_0.95,50,52,28,2,64,NonCallBack,1.8818058967590332,2746,"[2352, 192, 64]",0.0892,-8.591832160949707,0.018709897994995117
random_unstructured_finetune_0.3,50,52,28,2,64,NonCallBack,182.491614818573,38576,"[35123, 2867, 448]",0.9671,-9.822317123413086,76.7569260597229
random_unstructured_finetune_0.5,50,52,28,2,64,NonCallBack,181.89208221435547,27593,"[25088, 2048, 319]",0.9552,-10.365938186645508,1.3782389163970947
random_unstructured_finetune_0.8,50,52,28,2,64,NonCallBack,191.71815872192383,11121,"[10035, 820, 128]",0.8915,2.1966984272003174,
random_unstructured_finetune_0.9,50,52,28,2,64,NonCallBack,182.18759608268738,5628,"[5017, 409, 64]",0.7766,-1.8477897644042969,0.3771839141845703
random_unstructured_finetune_0.95,50,52,28,2,64,NonCallBack,180.5044069290161,2884,"[2509, 205, 32]",0.3781,8.520873069763184,
random_unstructured_nonfinetune_0.3,50,52,28,2,64,NonCallBack,2.0923078060150146,38576,"[35123, 2867, 448]",0.765,-9.65223503112793,0.6315271854400635
random_unstructured_nonfinetune_0.5,50,52,28,2,64,NonCallBack,1.9568917751312256,27593,"[25088, 2048, 319]",0.783,-8.579268455505371,75.26328802108765
random_unstructured_nonfinetune_0.8,50,52,28,2,64,NonCallBack,2.0044326782226562,11121,"[10035, 820, 128]",0.1596,-1.354107141494751,0.9009499549865723
random_unstructured_nonfinetune_0.9,50,52,28,2,64,NonCallBack,2.0063600540161133,5628,"[5017, 409, 64]",0.1149,3.696852207183838,
random_unstructured_nonfinetune_0.95,50,52,28,2,64,NonCallBack,1.9469237327575684,2884,"[2509, 205, 32]",0.103,-5.3291497230529785,0.0724339485168457
random_structured_finetune_0.3,50,52,28,2,64,NonCallBack,182.021714925766,38746,"[35280, 2880, 448]",0.7711,-5.930724620819092,2.1626389026641846
random_structured_finetune_0.5,50,52,28,2,64,NonCallBack,182.64318752288818,27594,"[25088, 2048, 320]",0.58,7.411813259124756,
random_structured_finetune_0.8,50,52,28,2,64,NonCallBack,182.2592535018921,10442,"[9408, 768, 128]",0.3053,8.834053993225098,
random_structured_finetune_0.9,50,52,28,2,64,NonCallBack,192.71188044548035,5290,"[4704, 384, 64]",0.1939,8.600736618041992,
random_structured_finetune_0.95,50,52,28,2,64,NonCallBack,182.68807363510132,2746,"[2352, 192, 64]",0.2102,4.276219367980957,
random_structured_nonfinetune_0.3,50,52,28,2,64,NonCallBack,1.9927310943603516,38746,"[35280, 2880, 448]",0.6395,-11.317354202270508,23.421080827713013
random_structured_nonfinetune_0.5,50,52,28,2,64,NonCallBack,1.9964685440063477,27594,"[25088, 2048, 320]",0.345,-6.621122360229492,36.095420122146606
random_structured_nonfinetune_0.8,50,52,28,2,64,NonCallBack,1.9175987243652344,10442,"[9408, 768, 128]",0.1101,-8.926867485046387,0.02231001853942871
random_structured_nonfinetune_0.9,50,52,28,2,64,NonCallBack,1.960982322692871,5290,"[4704, 384, 64]",0.1135,5.771109580993652,
random_structured_nonfinetune_0.95,50,52,28,2,64,NonCallBack,1.9754090309143066,2746,"[2352, 192, 64]",0.1135,8.439332962036133,
dense,50,52,28,4,32,NonCallBack,0,28618,"[25088, 1024, 1024, 1024, 320]",0.9588,-16.729923248291016,3.2372238636016846
unstructured_finetune_0.3,50,52,28,4,32,NonCallBack,201.5562379360199,20070,"[17561, 716, 716, 716, 223]",0.9658,-12.496286392211914,26.960721969604492
unstructured_finetune_0.5,50,52,28,4,32,NonCallBack,200.7262420654297,14379,"[12544, 512, 512, 512, 161]",0.9662,-17.946008682250977,47.761234998703
unstructured_finetune_0.8,50,52,28,4,32,NonCallBack,209.28959155082703,5835,"[5018, 205, 205, 205, 64]",0.9594,-10.352218627929688,34.489891052246094
unstructured_finetune_0.9,50,52,28,4,32,NonCallBack,206.6298668384552,2985,"[2509, 102, 102, 102, 32]",0.9399,-3.7220239639282227,0.6212539672851562
unstructured_finetune_0.95,50,52,28,4,32,NonCallBack,208.2983250617981,1562,"[1255, 51, 51, 51, 16]",0.7924,-0.01685166358947754,0.1324479579925537
unstructured_nonfinetune_0.3,50,52,28,4,32,NonCallBack,1.8929002285003662,20070,"[17561, 716, 716, 716, 223]",0.9523,-16.605709075927734,3.223836898803711
unstructured_nonfinetune_0.5,50,52,28,4,32,NonCallBack,1.8898811340332031,14379,"[12544, 512, 512, 512, 161]",0.9393,-17.282970428466797,39.76699113845825
unstructured_nonfinetune_0.8,50,52,28,4,32,NonCallBack,1.9991869926452637,5835,"[5018, 205, 205, 205, 64]",0.4887,-16.64920425415039,41.330997943878174
unstructured_nonfinetune_0.9,50,52,28,4,32,NonCallBack,1.8725528717041016,2985,"[2509, 102, 102, 102, 32]",0.1897,-5.874365329742432,0.36798095703125
unstructured_nonfinetune_0.95,50,52,28,4,32,NonCallBack,1.8670017719268799,1562,"[1255, 51, 51, 51, 16]",0.1053,-3.349396228790283,0.07129693031311035
structured_finetune_0.3,50,52,28,4,32,NonCallBack,205.97809290885925,19722,"[17248, 704, 704, 704, 224]",0.7646,-16.50765609741211,47.207897901535034
structured_finetune_0.5,50,52,28,4,32,NonCallBack,209.61085510253906,14378,"[12544, 512, 512, 512, 160]",0.573,-8.026456832885742,107.56974911689758
structured_finetune_0.8,50,52,28,4,32,NonCallBack,205.14795231819153,6362,"[5488, 224, 224, 224, 64]",0.2984,-8.208258628845215,10.25239109992981
structured_finetune_0.9,50,52,28,4,32,NonCallBack,202.68413043022156,2810,"[2352, 96, 96, 96, 32]",0.212,-12.378376007080078,0.06314396858215332
structured_finetune_0.95,50,52,28,4,32,NonCallBack,202.14162874221802,1930,"[1568, 64, 64, 64, 32]",0.2112,2.1724448204040527,
structured_nonfinetune_0.3,50,52,28,4,32,NonCallBack,1.859327793121338,19722,"[17248, 704, 704, 704, 224]",0.6515,-10.051851272583008,95.58156108856201
structured_nonfinetune_0.5,50,52,28,4,32,NonCallBack,1.9446775913238525,14378,"[12544, 512, 512, 512, 160]",0.3429,-17.41600799560547,0.027878999710083008
structured_nonfinetune_0.8,50,52,28,4,32,NonCallBack,1.902911901473999,6362,"[5488, 224, 224, 224, 64]",0.0793,-3.984951972961426,0.0937039852142334
structured_nonfinetune_0.9,50,52,28,4,32,NonCallBack,1.8601524829864502,2810,"[2352, 96, 96, 96, 32]",0.098,-5.029382705688477,0.01283884048461914
structured_nonfinetune_0.95,50,52,28,4,32,NonCallBack,1.7476837635040283,1930,"[1568, 64, 64, 64, 32]",0.098,-5.680022716522217,0.010499954223632812
random_unstructured_finetune_0.3,50,52,28,4,32,NonCallBack,209.2581808567047,20070,"[17561, 716, 716, 716, 223]",0.9587,-13.499098777770996,60.85908889770508
random_unstructured_finetune_0.5,50,52,28,4,32,NonCallBack,199.7335226535797,14379,"[12544, 512, 512, 512, 161]",0.941,-14.664199829101562,44.986634969711304
random_unstructured_finetune_0.8,50,52,28,4,32,NonCallBack,201.8559455871582,5835,"[5018, 205, 205, 205, 64]",0.4696,0.562088668346405,84.15074801445007
random_unstructured_finetune_0.9,50,52,28,4,32,NonCallBack,201.4821319580078,2985,"[2509, 102, 102, 102, 32]",0.1135,6.362196922302246,
random_unstructured_finetune_0.95,50,52,28,4,32,NonCallBack,201.85928773880005,1562,"[1255, 51, 51, 51, 16]",0.1135,8.912918090820312,
random_unstructured_nonfinetune_0.3,50,52,28,4,32,NonCallBack,1.9623427391052246,20070,"[17561, 716, 716, 716, 223]",0.4945,-12.884847640991211,2.727363109588623
random_unstructured_nonfinetune_0.5,50,52,28,4,32,NonCallBack,1.9477486610412598,14379,"[12544, 512, 512, 512, 161]",0.2368,-7.191672325134277,1.47514009475708
random_unstructured_nonfinetune_0.8,50,52,28,4,32,NonCallBack,1.9835402965545654,5835,"[5018, 205, 205, 205, 64]",0.098,-8.513587951660156,1.439650058746338
random_unstructured_nonfinetune_0.9,50,52,28,4,32,NonCallBack,1.997908115386963,2985,"[2509, 102, 102, 102, 32]",0.101,-0.063934326171875,0.04846000671386719
random_unstructured_nonfinetune_0.95,50,52,28,4,32,NonCallBack,1.9894003868103027,1562,"[1255, 51, 51, 51, 16]",0.1028,9.490997314453125,
random_structured_finetune_0.3,50,52,28,4,32,NonCallBack,203.22690224647522,19722,"[17248, 704, 704, 704, 224]",0.7662,-7.828192710876465,14.49522089958191
random_structured_finetune_0.5,50,52,28,4,32,NonCallBack,207.72120237350464,14378,"[12544, 512, 512, 512, 160]",0.5699,4.57105016708374,
random_structured_finetune_0.8,50,52,28,4,32,NonCallBack,208.52907347679138,6362,"[5488, 224, 224, 224, 64]",0.3001,-8.067981719970703,0.273867130279541
random_structured_finetune_0.9,50,52,28,4,32,NonCallBack,199.46963930130005,2810,"[2352, 96, 96, 96, 32]",0.1135,7.954495906829834,
random_structured_finetune_0.95,50,52,28,4,32,NonCallBack,208.44695734977722,1930,"[1568, 64, 64, 64, 32]",0.1135,1.7380084991455078,
random_structured_nonfinetune_0.3,50,52,28,4,32,NonCallBack,1.9783213138580322,19722,"[17248, 704, 704, 704, 224]",0.4182,-8.384139060974121,69.50308418273926
random_structured_nonfinetune_0.5,50,52,28,4,32,NonCallBack,1.9756274223327637,14378,"[12544, 512, 512, 512, 160]",0.2044,-1.6055052280426025,46.58158302307129
random_structured_nonfinetune_0.8,50,52,28,4,32,NonCallBack,1.969057559967041,6362,"[5488, 224, 224, 224, 64]",0.1007,0.14841079711914062,0.01759195327758789
random_structured_nonfinetune_0.9,50,52,28,4,32,NonCallBack,1.9926583766937256,2810,"[2352, 96, 96, 96, 32]",0.1032,2.312354564666748,
random_structured_nonfinetune_0.95,50,52,28,4,32,NonCallBack,2.0872058868408203,1930,"[1568, 64, 64, 64, 32]",0.098,-4.814416885375977,0.010102987289428711
dense,50,52,28,4,64,NonCallBack,0,63369,"[50176, 4096, 4096, 4095, 640]",0.9538,2.5828351974487305,
unstructured_finetune_0.3,50,52,28,4,64,NonCallBack,201.93020749092102,44438,"[35123, 2867, 2867, 2867, 448]",0.9757,3.5587806701660156,
unstructured_finetune_0.5,50,52,28,4,64,NonCallBack,207.9502489566803,31817,"[25088, 2048, 2048, 2048, 319]",0.9752,-10.594902992248535,112.87294006347656
unstructured_finetune_0.8,50,52,28,4,64,NonCallBack,209.6022686958313,12889,"[10035, 820, 820, 820, 128]",0.97,-1.2266347408294678,115.72749900817871
unstructured_finetune_0.9,50,52,28,4,64,NonCallBack,202.3634388446808,6574,"[5017, 409, 409, 409, 64]",0.9624,-15.278572082519531,4.007017135620117
unstructured_finetune_0.95,50,52,28,4,64,NonCallBack,202.71490144729614,3422,"[2509, 205, 205, 205, 32]",0.9477,-13.764741897583008,1.057236909866333
unstructured_nonfinetune_0.3,50,52,28,4,64,NonCallBack,1.7991645336151123,44438,"[35123, 2867, 2867, 2867, 448]",0.9544,-6.447354316711426,211.00450897216797
unstructured_nonfinetune_0.5,50,52,28,4,64,NonCallBack,1.8670737743377686,31817,"[25088, 2048, 2048, 2048, 319]",0.9507,-4.32838773727417,130.00669813156128
unstructured_nonfinetune_0.8,50,52,28,4,64,NonCallBack,1.833937644958496,12889,"[10035, 820, 820, 820, 128]",0.8197,-11.061870574951172,245.67136907577515
unstructured_nonfinetune_0.9,50,52,28,4,64,NonCallBack,1.836930513381958,6574,"[5017, 409, 409, 409, 64]",0.3578,-6.038647174835205,71.42810392379761
unstructured_nonfinetune_0.95,50,52,28,4,64,NonCallBack,1.8274495601654053,3422,"[2509, 205, 205, 205, 32]",0.1239,-4.5408430099487305,1.3227159976959229
structured_finetune_0.3,50,52,28,4,64,NonCallBack,202.49200248718262,44634,"[35280, 2880, 2880, 2880, 448]",0.7801,0.49774616956710815,137.10116600990295
structured_finetune_0.5,50,52,28,4,64,NonCallBack,209.7450668811798,31818,"[25088, 2048, 2048, 2048, 320]",0.5879,-7.858156204223633,130.11535787582397
structured_finetune_0.8,50,52,28,4,64,NonCallBack,208.28109288215637,12106,"[9408, 768, 768, 768, 128]",0.3036,-1.8059773445129395,24.451740980148315
structured_finetune_0.9,50,52,28,4,64,NonCallBack,207.05878853797913,6186,"[4704, 384, 384, 384, 64]",0.2134,4.277185440063477,
structured_finetune_0.95,50,52,28,4,64,NonCallBack,206.9457836151123,3258,"[2352, 192, 192, 192, 64]",0.2129,2.8272812366485596,
structured_nonfinetune_0.3,50,52,28,4,64,NonCallBack,1.8634121417999268,44634,"[35280, 2880, 2880, 2880, 448]",0.6481,-12.203133583068848,6.1245269775390625
structured_nonfinetune_0.5,50,52,28,4,64,NonCallBack,1.88590407371521,31818,"[25088, 2048, 2048, 2048, 320]",0.3837,-12.803448677062988,0.07625889778137207
structured_nonfinetune_0.8,50,52,28,4,64,NonCallBack,1.8507535457611084,12106,"[9408, 768, 768, 768, 128]",0.1135,-1.7107365131378174,6.54703688621521
structured_nonfinetune_0.9,50,52,28,4,64,NonCallBack,1.7975375652313232,6186,"[4704, 384, 384, 384, 64]",0.1135,4.055938720703125,
structured_nonfinetune_0.95,50,52,28,4,64,NonCallBack,1.814164400100708,3258,"[2352, 192, 192, 192, 64]",0.1135,2.327145576477051,
random_unstructured_finetune_0.3,50,52,28,4,64,NonCallBack,208.12083458900452,44438,"[35123, 2867, 2867, 2867, 448]",0.9675,3.9184107780456543,
random_unstructured_finetune_0.5,50,52,28,4,64,NonCallBack,202.14300537109375,31816,"[25088, 2048, 2048, 2047, 319]",0.9565,-0.020257234573364258,85.850909948349
random_unstructured_finetune_0.8,50,52,28,4,64,NonCallBack,201.75822615623474,12889,"[10035, 820, 820, 820, 128]",0.3874,1.6672166585922241,
random_unstructured_finetune_0.9,50,52,28,4,64,NonCallBack,202.02729678153992,6574,"[5017, 409, 409, 409, 64]",0.1135,1.9569120407104492,
random_unstructured_finetune_0.95,50,52,28,4,64,NonCallBack,209.44684529304504,3422,"[2509, 205, 205, 205, 32]",0.1135,5.143219947814941,
random_unstructured_nonfinetune_0.3,50,52,28,4,64,NonCallBack,1.9820923805236816,44438,"[35123, 2867, 2867, 2867, 448]",0.5888,4.958205223083496,
random_unstructured_nonfinetune_0.5,50,52,28,4,64,NonCallBack,1.9888739585876465,31816,"[25088, 2048, 2048, 2047, 319]",0.3875,9.199886322021484,
random_unstructured_nonfinetune_0.8,50,52,28,4,64,NonCallBack,2.0472352504730225,12889,"[10035, 820, 820, 820, 128]",0.0774,-1.1727607250213623,2.796160936355591
random_unstructured_nonfinetune_0.9,50,52,28,4,64,NonCallBack,2.021740198135376,6574,"[5017, 409, 409, 409, 64]",0.0892,-9.229717254638672,2.2645421028137207
random_unstructured_nonfinetune_0.95,50,52,28,4,64,NonCallBack,2.0545873641967773,3422,"[2509, 205, 205, 205, 32]",0.0892,-0.5552252531051636,0.09479403495788574
random_structured_finetune_0.3,50,52,28,4,64,NonCallBack,204.23167991638184,44633,"[35280, 2880, 2880, 2879, 448]",0.7739,8.657590866088867,
random_structured_finetune_0.5,50,52,28,4,64,NonCallBack,201.02307391166687,31818,"[25088, 2048, 2048, 2048, 320]",0.5775,-14.047126770019531,80.30698204040527
random_structured_finetune_0.8,50,52,28,4,64,NonCallBack,210.02195763587952,12105,"[9408, 768, 768, 767, 128]",0.2942,6.054111480712891,
random_structured_finetune_0.9,50,52,28,4,64,NonCallBack,209.47046613693237,6186,"[4704, 384, 384, 384, 64]",0.1135,4.769913196563721,
random_structured_finetune_0.95,50,52,28,4,64,NonCallBack,209.75472593307495,3258,"[2352, 192, 192, 192, 64]",0.1135,5.46590518951416,
random_structured_nonfinetune_0.3,50,52,28,4,64,NonCallBack,2.0469133853912354,44634,"[35280, 2880, 2880, 2880, 448]",0.4623,-4.206411361694336,3.564710855484009
random_structured_nonfinetune_0.5,50,52,28,4,64,NonCallBack,2.0088272094726562,31817,"[25088, 2048, 2048, 2047, 320]",0.3613,-13.799702644348145,119.84741520881653
random_structured_nonfinetune_0.8,50,52,28,4,64,NonCallBack,2.0650722980499268,12106,"[9408, 768, 768, 768, 128]",0.1032,0.17952275276184082,0.025741100311279297
random_structured_nonfinetune_0.9,50,52,28,4,64,NonCallBack,1.9906644821166992,6186,"[4704, 384, 384, 384, 64]",0.1032,0.7228666543960571,0.01781296730041504
random_structured_nonfinetune_0.95,50,52,28,4,64,NonCallBack,2.074843168258667,3258,"[2352, 192, 192, 192, 64]",0.1032,-0.08656537532806396,0.01771998405456543
dense,50,52,18,2,32,NonCallBack,0,11786,"[10368, 1024, 320]",0.9535,-19.884807586669922,0.7285559177398682
unstructured_finetune_0.3,50,52,18,2,32,NonCallBack,184.14109182357788,8270,"[7257, 716, 223]",0.9585,-29.653106689453125,0.6162869930267334
unstructured_finetune_0.5,50,52,18,2,32,NonCallBack,184.73864197731018,5931,"[5184, 512, 161]",0.9578,-19.382028579711914,0.5206480026245117
unstructured_finetune_0.8,50,52,18,2,32,NonCallBack,186.5459282398224,2417,"[2074, 205, 64]",0.9446,-25.850690841674805,0.13704395294189453
unstructured_finetune_0.9,50,52,18,2,32,NonCallBack,180.8364188671112,1245,"[1037, 102, 32]",0.9177,-20.661029815673828,0.05909109115600586
unstructured_finetune_0.95,50,52,18,2,32,NonCallBack,182.97310256958008,660,"[519, 51, 16]",0.8717,-10.90599250793457,0.03646492958068848
unstructured_nonfinetune_0.3,50,52,18,2,32,NonCallBack,1.8890180587768555,8270,"[7257, 716, 223]",0.9516,-19.595134735107422,0.45108699798583984
unstructured_nonfinetune_0.5,50,52,18,2,32,NonCallBack,1.8398568630218506,5931,"[5184, 512, 161]",0.9358,-18.78591537475586,0.37768983840942383
unstructured_nonfinetune_0.8,50,52,18,2,32,NonCallBack,1.9360613822937012,2417,"[2074, 205, 64]",0.3715,-11.209892272949219,0.21361994743347168
unstructured_nonfinetune_0.9,50,52,18,2,32,NonCallBack,1.9083654880523682,1245,"[1037, 102, 32]",0.2771,-9.985559463500977,0.06936192512512207
unstructured_nonfinetune_0.95,50,52,18,2,32,NonCallBack,1.9188742637634277,660,"[519, 51, 16]",0.1182,0.6817368865013123,0.0222170352935791
structured_finetune_0.3,50,52,18,2,32,NonCallBack,183.8115622997284,8130,"[7128, 704, 224]",0.7588,-25.02708625793457,0.3167450428009033
structured_finetune_0.5,50,52,18,2,32,NonCallBack,180.2229127883911,5930,"[5184, 512, 160]",0.5688,-11.72250747680664,0.2854471206665039
structured_finetune_0.8,50,52,18,2,32,NonCallBack,184.06838822364807,2630,"[2268, 224, 64]",0.2924,3.5733964443206787,
structured_finetune_0.9,50,52,18,2,32,NonCallBack,185.21812391281128,1174,"[972, 96, 32]",0.1957,5.360309600830078,
structured_finetune_0.95,50,52,18,2,32,NonCallBack,181.18933200836182,818,"[648, 64, 32]",0.1963,7.590404510498047,
structured_nonfinetune_0.3,50,52,18,2,32,NonCallBack,1.9774267673492432,8130,"[7128, 704, 224]",0.6554,-7.884425163269043,0.19220805168151855
structured_nonfinetune_0.5,50,52,18,2,32,NonCallBack,1.925269365310669,5930,"[5184, 512, 160]",0.3362,-0.2932009696960449,0.014137029647827148
structured_nonfinetune_0.8,50,52,18,2,32,NonCallBack,1.9164469242095947,2630,"[2268, 224, 64]",0.0957,-5.668568134307861,0.00914907455444336
structured_nonfinetune_0.9,50,52,18,2,32,NonCallBack,2.0014843940734863,1174,"[972, 96, 32]",0.0836,-6.391748428344727,0.006287097930908203
structured_nonfinetune_0.95,50,52,18,2,32,NonCallBack,1.978506326675415,818,"[648, 64, 32]",0.046,-4.730621814727783,0.006340980529785156
random_unstructured_finetune_0.3,50,52,18,2,32,NonCallBack,185.0408627986908,8270,"[7257, 716, 223]",0.9469,-17.888145446777344,0.39357590675354004
random_unstructured_finetune_0.5,50,52,18,2,32,NonCallBack,182.38348627090454,5931,"[5184, 512, 161]",0.9259,-25.381397247314453,0.2129678726196289
random_unstructured_finetune_0.8,50,52,18,2,32,NonCallBack,183.59676456451416,2417,"[2074, 205, 64]",0.8211,-2.5282979011535645,0.08321595191955566
random_unstructured_finetune_0.9,50,52,18,2,32,NonCallBack,193.53027725219727,1245,"[1037, 102, 32]",0.3324,-2.5922679901123047,0.021638154983520508
random_unstructured_finetune_0.95,50,52,18,2,32,NonCallBack,185.43595051765442,660,"[519, 51, 16]",0.1175,-6.802389621734619,0.0066950321197509766
random_unstructured_nonfinetune_0.3,50,52,18,2,32,NonCallBack,1.9991230964660645,8270,"[7257, 716, 223]",0.608,-18.659902572631836,0.36126089096069336
random_unstructured_nonfinetune_0.5,50,52,18,2,32,NonCallBack,1.9950249195098877,5931,"[5184, 512, 161]",0.375,-5.039614677429199,0.31839609146118164
random_unstructured_nonfinetune_0.8,50,52,18,2,32,NonCallBack,2.120966911315918,2417,"[2074, 205, 64]",0.1579,0.32941722869873047,0.0535130500793457
random_unstructured_nonfinetune_0.9,50,52,18,2,32,NonCallBack,2.009673595428467,1245,"[1037, 102, 32]",0.1135,3.2281410694122314,
random_unstructured_nonfinetune_0.95,50,52,18,2,32,NonCallBack,1.9952285289764404,660,"[519, 51, 16]",0.1135,8.281100273132324,
random_structured_finetune_0.3,50,52,18,2,32,NonCallBack,184.67591524124146,8130,"[7128, 704, 224]",0.7573,-15.016609191894531,0.2700920104980469
random_structured_finetune_0.5,50,52,18,2,32,NonCallBack,195.75225591659546,5930,"[5184, 512, 160]",0.5867,5.164986610412598,
random_structured_finetune_0.8,50,52,18,2,32,NonCallBack,193.89941477775574,2630,"[2268, 224, 64]",0.2913,-17.439844131469727,0.02250194549560547
random_structured_finetune_0.9,50,52,18,2,32,NonCallBack,183.84408855438232,1174,"[972, 96, 32]",0.2039,2.443988800048828,
random_structured_finetune_0.95,50,52,18,2,32,NonCallBack,185.42040920257568,818,"[648, 64, 32]",0.1135,5.8999857902526855,
random_structured_nonfinetune_0.3,50,52,18,2,32,NonCallBack,2.0345559120178223,8130,"[7128, 704, 224]",0.4829,-19.845394134521484,0.42574191093444824
random_structured_nonfinetune_0.5,50,52,18,2,32,NonCallBack,1.9776699542999268,5930,"[5184, 512, 160]",0.3802,-10.473831176757812,0.2553098201751709
random_structured_nonfinetune_0.8,50,52,18,2,32,NonCallBack,2.012155532836914,2630,"[2268, 224, 64]",0.1833,-4.503686904907227,0.007096052169799805
random_structured_nonfinetune_0.9,50,52,18,2,32,NonCallBack,1.9580752849578857,1174,"[972, 96, 32]",0.1135,-0.9966962337493896,0.005316019058227539
random_structured_nonfinetune_0.95,50,52,18,2,32,NonCallBack,2.1032023429870605,818,"[648, 64, 32]",0.1135,1.4387284517288208,
dense,50,52,18,2,64,NonCallBack,0,25610,"[20736, 4096, 640]",0.9642,-18.876659393310547,1.661221981048584
unstructured_finetune_0.3,50,52,18,2,64,NonCallBack,182.12745690345764,17968,"[14515, 2867, 448]",0.9718,-18.822303771972656,1.3693878650665283
unstructured_finetune_0.5,50,52,18,2,64,NonCallBack,182.45172381401062,12873,"[10368, 2048, 319]",0.9706,-18.794986724853516,0.9011919498443604
unstructured_finetune_0.8,50,52,18,2,64,NonCallBack,183.58927369117737,5233,"[4147, 820, 128]",0.962,-19.515892028808594,0.3616039752960205
unstructured_finetune_0.9,50,52,18,2,64,NonCallBack,186.35240864753723,2685,"[2074, 409, 64]",0.95,-16.309831619262695,0.12314200401306152
unstructured_finetune_0.95,50,52,18,2,64,NonCallBack,181.33531284332275,1411,"[1036, 205, 32]",0.9307,-15.716695785522461,0.0463559627532959
unstructured_nonfinetune_0.3,50,52,18,2,64,NonCallBack,1.7733912467956543,17968,"[14515, 2867, 448]",0.9642,-18.802749633789062,1.1469841003417969
unstructured_nonfinetune_0.5,50,52,18,2,64,NonCallBack,1.8619937896728516,12873,"[10368, 2048, 319]",0.9547,-18.501434326171875,0.7074899673461914
unstructured_nonfinetune_0.8,50,52,18,2,64,NonCallBack,1.8201661109924316,5233,"[4147, 820, 128]",0.7967,-18.09101676940918,0.7454509735107422
unstructured_nonfinetune_0.9,50,52,18,2,64,NonCallBack,1.8627398014068604,2685,"[2074, 409, 64]",0.4033,-11.94804573059082,0.18791890144348145
unstructured_nonfinetune_0.95,50,52,18,2,64,NonCallBack,1.8334808349609375,1411,"[1036, 205, 32]",0.3618,-8.26735782623291,0.057710886001586914
structured_finetune_0.3,50,52,18,2,64,NonCallBack,182.11794567108154,18046,"[14580, 2880, 448]",0.7838,-17.746463775634766,0.8668761253356934
structured_finetune_0.5,50,52,18,2,64,NonCallBack,183.62045335769653,12874,"[10368, 2048, 320]",0.5813,-8.028451919555664,0.49318385124206543
structured_finetune_0.8,50,52,18,2,64,NonCallBack,182.79611015319824,4922,"[3888, 768, 128]",0.2944,3.3250327110290527,
structured_finetune_0.9,50,52,18,2,64,NonCallBack,180.63248419761658,2530,"[1944, 384, 64]",0.1986,4.225767135620117,
structured_finetune_0.95,50,52,18,2,64,NonCallBack,182.24441480636597,1366,"[972, 192, 64]",0.196,9.300652503967285,
structured_nonfinetune_0.3,50,52,18,2,64,NonCallBack,1.7990224361419678,18046,"[14580, 2880, 448]",0.6519,-17.752914428710938,0.8206379413604736
structured_nonfinetune_0.5,50,52,18,2,64,NonCallBack,1.8488891124725342,12874,"[10368, 2048, 320]",0.3992,-16.65540313720703,0.022523164749145508
structured_nonfinetune_0.8,50,52,18,2,64,NonCallBack,1.9245150089263916,4922,"[3888, 768, 128]",0.1062,-8.150239944458008,8.148067951202393
structured_nonfinetune_0.9,50,52,18,2,64,NonCallBack,1.965773105621338,2530,"[1944, 384, 64]",0.0892,0.9682924747467041,0.0075168609619140625
structured_nonfinetune_0.95,50,52,18,2,64,NonCallBack,1.8315904140472412,1366,"[972, 192, 64]",0.0891,0.5863237380981445,0.006643056869506836
random_unstructured_finetune_0.3,50,52,18,2,64,NonCallBack,186.287122964859,17968,"[14515, 2867, 448]",0.9595,-18.129959106445312,2.1497080326080322
random_unstructured_finetune_0.5,50,52,18,2,64,NonCallBack,185.60246539115906,12873,"[10368, 2048, 319]",0.9432,-11.469499588012695,0.655256986618042
random_unstructured_finetune_0.8,50,52,18,2,64,NonCallBack,184.64613127708435,5233,"[4147, 820, 128]",0.8626,-7.149991989135742,0.1841411590576172
random_unstructured_finetune_0.9,50,52,18,2,64,NonCallBack,194.26233291625977,2685,"[2074, 409, 64]",0.5903,-2.5776708126068115,0.07146191596984863
random_unstructured_finetune_0.95,50,52,18,2,64,NonCallBack,195.68856000900269,1411,"[1036, 205, 32]",0.1996,6.6868133544921875,
random_unstructured_nonfinetune_0.3,50,52,18,2,64,NonCallBack,1.9449167251586914,17968,"[14515, 2867, 448]",0.8642,-17.20983123779297,1.8472380638122559
random_unstructured_nonfinetune_0.5,50,52,18,2,64,NonCallBack,2.0619890689849854,12873,"[10368, 2048, 319]",0.5292,-15.635705947875977,1.2194061279296875
random_unstructured_nonfinetune_0.8,50,52,18,2,64,NonCallBack,2.104299545288086,5233,"[4147, 820, 128]",0.0895,-4.042809963226318,0.19539308547973633
random_unstructured_nonfinetune_0.9,50,52,18,2,64,NonCallBack,2.014066696166992,2685,"[2074, 409, 64]",0.0938,-3.6040611267089844,0.09614181518554688
random_unstructured_nonfinetune_0.95,50,52,18,2,64,NonCallBack,2.023757219314575,1411,"[1036, 205, 32]",0.0892,0.4565746784210205,0.052596092224121094
random_structured_finetune_0.3,50,52,18,2,64,NonCallBack,183.8947992324829,18046,"[14580, 2880, 448]",0.7679,-18.414051055908203,0.7924668788909912
random_structured_finetune_0.5,50,52,18,2,64,NonCallBack,183.48048400878906,12874,"[10368, 2048, 320]",0.5794,-10.459360122680664,0.4280660152435303
random_structured_finetune_0.8,50,52,18,2,64,NonCallBack,182.99466586112976,4922,"[3888, 768, 128]",0.301,8.941285133361816,
random_structured_finetune_0.9,50,52,18,2,64,NonCallBack,196.94529008865356,2530,"[1944, 384, 64]",0.2061,1.0301141738891602,
random_structured_finetune_0.95,50,52,18,2,64,NonCallBack,184.31791830062866,1366,"[972, 192, 64]",0.2065,9.267829895019531,
random_structured_nonfinetune_0.3,50,52,18,2,64,NonCallBack,2.0616631507873535,18046,"[14580, 2880, 448]",0.6565,-17.7575740814209,0.6659810543060303
random_structured_nonfinetune_0.5,50,52,18,2,64,NonCallBack,2.015693426132202,12874,"[10368, 2048, 320]",0.4077,-17.710296630859375,0.3530888557434082
random_structured_nonfinetune_0.8,50,52,18,2,64,NonCallBack,2.0033059120178223,4922,"[3888, 768, 128]",0.227,1.7842597961425781,
random_structured_nonfinetune_0.9,50,52,18,2,64,NonCallBack,2.041476011276245,2530,"[1944, 384, 64]",0.0892,0.31761229038238525,0.007170915603637695
random_structured_nonfinetune_0.95,50,52,18,2,64,NonCallBack,1.986954927444458,1366,"[972, 192, 64]",0.0892,1.6674463748931885,
dense,50,52,18,4,32,NonCallBack,0,13898,"[10368, 1024, 1024, 1024, 320]",0.9551,-18.871925354003906,53.78440880775452
unstructured_finetune_0.3,50,52,18,4,32,NonCallBack,200.2679545879364,9766,"[7257, 716, 716, 716, 223]",0.9628,-18.527631759643555,46.026602029800415
unstructured_finetune_0.5,50,52,18,4,32,NonCallBack,200.3809986114502,7019,"[5184, 512, 512, 512, 161]",0.964,-17.70319175720215,20.89651894569397
unstructured_finetune_0.8,50,52,18,4,32,NonCallBack,200.5448853969574,2891,"[2074, 205, 205, 205, 64]",0.9524,-11.133739471435547,1.0275821685791016
unstructured_finetune_0.9,50,52,18,4,32,NonCallBack,201.5182089805603,1513,"[1037, 102, 102, 102, 32]",0.9389,-9.147958755493164,0.23330283164978027
unstructured_finetune_0.95,50,52,18,4,32,NonCallBack,206.9323673248291,826,"[519, 51, 51, 51, 16]",0.8562,-2.0653834342956543,0.09332799911499023
unstructured_nonfinetune_0.3,50,52,18,4,32,NonCallBack,1.8164265155792236,9766,"[7257, 716, 716, 716, 223]",0.9551,-19.650428771972656,34.63046193122864
unstructured_nonfinetune_0.5,50,52,18,4,32,NonCallBack,1.851313591003418,7019,"[5184, 512, 512, 512, 161]",0.8953,-18.786331176757812,27.42389702796936
unstructured_nonfinetune_0.8,50,52,18,4,32,NonCallBack,1.8545174598693848,2891,"[2074, 205, 205, 205, 64]",0.3733,-10.769035339355469,0.6958489418029785
unstructured_nonfinetune_0.9,50,52,18,4,32,NonCallBack,1.9112942218780518,1513,"[1037, 102, 102, 102, 32]",0.2364,-12.081393241882324,0.4578511714935303
unstructured_nonfinetune_0.95,50,52,18,4,32,NonCallBack,1.8236937522888184,826,"[519, 51, 51, 51, 16]",0.0892,-2.2834348678588867,0.04853200912475586
structured_finetune_0.3,50,52,18,4,32,NonCallBack,199.88699579238892,9602,"[7128, 704, 704, 704, 224]",0.7675,-20.035449981689453,36.4960150718689
structured_finetune_0.5,50,52,18,4,32,NonCallBack,200.8175675868988,7018,"[5184, 512, 512, 512, 160]",0.5849,1.4642224311828613,
structured_finetune_0.8,50,52,18,4,32,NonCallBack,201.6498966217041,3142,"[2268, 224, 224, 224, 64]",0.2953,0.08908110857009888,0.009885072708129883
structured_finetune_0.9,50,52,18,4,32,NonCallBack,200.80268740653992,1430,"[972, 96, 96, 96, 32]",0.2107,-10.641088485717773,0.015652894973754883
structured_finetune_0.95,50,52,18,4,32,NonCallBack,201.36713480949402,1010,"[648, 64, 64, 64, 32]",0.2069,5.824366092681885,
structured_nonfinetune_0.3,50,52,18,4,32,NonCallBack,1.9226255416870117,9602,"[7128, 704, 704, 704, 224]",0.4915,-18.750511169433594,0.0203399658203125
structured_nonfinetune_0.5,50,52,18,4,32,NonCallBack,1.900987148284912,7018,"[5184, 512, 512, 512, 160]",0.2292,-15.426050186157227,0.015254020690917969
structured_nonfinetune_0.8,50,52,18,4,32,NonCallBack,1.8150434494018555,3142,"[2268, 224, 224, 224, 64]",0.1356,-2.5725486278533936,0.014564037322998047
structured_nonfinetune_0.9,50,52,18,4,32,NonCallBack,1.874962568283081,1430,"[972, 96, 96, 96, 32]",0.0892,-8.030033111572266,0.10530900955200195
structured_nonfinetune_0.95,50,52,18,4,32,NonCallBack,1.9898035526275635,1010,"[648, 64, 64, 64, 32]",0.0892,-7.746953010559082,0.006117820739746094
random_unstructured_finetune_0.3,50,52,18,4,32,NonCallBack,201.24651336669922,9766,"[7257, 716, 716, 716, 223]",0.9527,-17.52973175048828,81.009929895401
random_unstructured_finetune_0.5,50,52,18,4,32,NonCallBack,211.8869502544403,7019,"[5184, 512, 512, 512, 161]",0.9354,-16.726051330566406,37.405410051345825
random_unstructured_finetune_0.8,50,52,18,4,32,NonCallBack,201.363609790802,2891,"[2074, 205, 205, 205, 64]",0.4131,0.12155282497406006,0.42999982833862305
random_unstructured_finetune_0.9,50,52,18,4,32,NonCallBack,210.85068917274475,1513,"[1037, 102, 102, 102, 32]",0.1149,3.4974420070648193,
random_unstructured_finetune_0.95,50,52,18,4,32,NonCallBack,202.9960479736328,826,"[519, 51, 51, 51, 16]",0.1135,0.2811276912689209,0.07787513732910156
random_unstructured_nonfinetune_0.3,50,52,18,4,32,NonCallBack,2.0498435497283936,9766,"[7257, 716, 716, 716, 223]",0.5738,-15.646974563598633,80.05491185188293
random_unstructured_nonfinetune_0.5,50,52,18,4,32,NonCallBack,2.043311595916748,7019,"[5184, 512, 512, 512, 161]",0.2754,-14.080042839050293,118.16600394248962
random_unstructured_nonfinetune_0.8,50,52,18,4,32,NonCallBack,1.9325034618377686,2891,"[2074, 205, 205, 205, 64]",0.1135,-4.319002151489258,28.92491912841797
random_unstructured_nonfinetune_0.9,50,52,18,4,32,NonCallBack,2.005636215209961,1513,"[1037, 102, 102, 102, 32]",0.0892,1.7498667240142822,
random_unstructured_nonfinetune_0.95,50,52,18,4,32,NonCallBack,2.01815128326416,826,"[519, 51, 51, 51, 16]",0.0892,-2.783719062805176,0.07476115226745605
random_structured_finetune_0.3,50,52,18,4,32,NonCallBack,202.44553756713867,9602,"[7128, 704, 704, 704, 224]",0.7614,-11.633340835571289,43.04838800430298
random_structured_finetune_0.5,50,52,18,4,32,NonCallBack,201.99240851402283,7018,"[5184, 512, 512, 512, 160]",0.5718,6.9695658683776855,
random_structured_finetune_0.8,50,52,18,4,32,NonCallBack,202.43724489212036,3142,"[2268, 224, 224, 224, 64]",0.2939,4.996913909912109,
random_structured_finetune_0.9,50,52,18,4,32,NonCallBack,211.18523836135864,1430,"[972, 96, 96, 96, 32]",0.1314,8.264453887939453,
random_structured_finetune_0.95,50,52,18,4,32,NonCallBack,201.09696507453918,1010,"[648, 64, 64, 64, 32]",0.1135,3.6036369800567627,
random_structured_nonfinetune_0.3,50,52,18,4,32,NonCallBack,2.011730909347534,9602,"[7128, 704, 704, 704, 224]",0.3215,-17.77132225036621,53.28486394882202
random_structured_nonfinetune_0.5,50,52,18,4,32,NonCallBack,2.061908483505249,7018,"[5184, 512, 512, 512, 160]",0.1331,0.7983959913253784,0.013796091079711914
random_structured_nonfinetune_0.8,50,52,18,4,32,NonCallBack,1.9915618896484375,3142,"[2268, 224, 224, 224, 64]",0.1135,-8.200357437133789,3.00974702835083
random_structured_nonfinetune_0.9,50,52,18,4,32,NonCallBack,2.061594009399414,1430,"[972, 96, 96, 96, 32]",0.0892,-7.63106632232666,0.005972146987915039
random_structured_nonfinetune_0.95,50,52,18,4,32,NonCallBack,1.9961066246032715,1010,"[648, 64, 64, 64, 32]",0.0892,-7.5544843673706055,0.005096912384033203
dense,50,52,18,4,64,NonCallBack,0,33930,"[20736, 4096, 4096, 4096, 640]",0.9657,-12.038235664367676,233.12551307678223
unstructured_finetune_0.3,50,52,18,4,64,NonCallBack,205.9921281337738,23830,"[14515, 2867, 2867, 2867, 448]",0.9767,-9.380552291870117,89.70110511779785
unstructured_finetune_0.5,50,52,18,4,64,NonCallBack,207.56449913978577,17097,"[10368, 2048, 2048, 2048, 319]",0.9765,-16.439964294433594,53.77426815032959
unstructured_finetune_0.8,50,52,18,4,64,NonCallBack,201.70603775978088,7001,"[4147, 820, 820, 820, 128]",0.9689,-17.292449951171875,82.82073307037354
unstructured_finetune_0.9,50,52,18,4,64,NonCallBack,200.33715200424194,3631,"[2074, 409, 409, 409, 64]",0.9573,-13.985298156738281,42.25079894065857
unstructured_finetune_0.95,50,52,18,4,64,NonCallBack,201.220312833786,1949,"[1036, 205, 205, 205, 32]",0.935,-9.608981132507324,0.33777594566345215
unstructured_nonfinetune_0.3,50,52,18,4,64,NonCallBack,1.8632655143737793,23830,"[14515, 2867, 2867, 2867, 448]",0.9645,-14.138845443725586,186.6172411441803
unstructured_nonfinetune_0.5,50,52,18,4,64,NonCallBack,2.0268466472625732,17097,"[10368, 2048, 2048, 2048, 319]",0.9628,-13.801186561584473,214.50846195220947
unstructured_nonfinetune_0.8,50,52,18,4,64,NonCallBack,1.9805493354797363,7001,"[4147, 820, 820, 820, 128]",0.772,-14.677410125732422,2.212578058242798
unstructured_nonfinetune_0.9,50,52,18,4,64,NonCallBack,1.9292442798614502,3631,"[2074, 409, 409, 409, 64]",0.317,-12.755772590637207,0.7427420616149902
unstructured_nonfinetune_0.95,50,52,18,4,64,NonCallBack,1.8992881774902344,1949,"[1036, 205, 205, 205, 32]",0.161,-0.6420550346374512,11.464087009429932
structured_finetune_0.3,50,52,18,4,64,NonCallBack,200.47175765037537,23934,"[14580, 2880, 2880, 2880, 448]",0.7806,-0.07049298286437988,55.248862981796265
structured_finetune_0.5,50,52,18,4,64,NonCallBack,200.1522991657257,17098,"[10368, 2048, 2048, 2048, 320]",0.5963,-14.487564086914062,2.3114140033721924
structured_finetune_0.8,50,52,18,4,64,NonCallBack,206.29827308654785,6586,"[3888, 768, 768, 768, 128]",0.2963,3.7016377449035645,
structured_finetune_0.9,50,52,18,4,64,NonCallBack,200.65680575370789,3426,"[1944, 384, 384, 384, 64]",0.2118,-4.781886577606201,0.03609299659729004
structured_finetune_0.95,50,52,18,4,64,NonCallBack,207.75841689109802,1878,"[972, 192, 192, 192, 64]",0.1135,8.610891342163086,
structured_nonfinetune_0.3,50,52,18,4,64,NonCallBack,1.9333715438842773,23934,"[14580, 2880, 2880, 2880, 448]",0.6549,-6.9557952880859375,53.320537090301514
structured_nonfinetune_0.5,50,52,18,4,64,NonCallBack,1.9254376888275146,17098,"[10368, 2048, 2048, 2048, 320]",0.3795,-14.865607261657715,31.805510997772217
structured_nonfinetune_0.8,50,52,18,4,64,NonCallBack,1.8411619663238525,6586,"[3888, 768, 768, 768, 128]",0.1135,-4.304869174957275,6.116984128952026
structured_nonfinetune_0.9,50,52,18,4,64,NonCallBack,1.8832533359527588,3426,"[1944, 384, 384, 384, 64]",0.0973,-8.35237979888916,3.251446008682251
structured_nonfinetune_0.95,50,52,18,4,64,NonCallBack,1.914111852645874,1878,"[972, 192, 192, 192, 64]",0.0974,-6.54744815826416,0.010164976119995117
random_unstructured_finetune_0.3,50,52,18,4,64,NonCallBack,210.83818221092224,23830,"[14515, 2867, 2867, 2867, 448]",0.968,2.585794448852539,
random_unstructured_finetune_0.5,50,52,18,4,64,NonCallBack,204.0122106075287,17097,"[10368, 2048, 2048, 2048, 319]",0.9457,-7.860113143920898,108.04661297798157
random_unstructured_finetune_0.8,50,52,18,4,64,NonCallBack,205.25614762306213,7001,"[4147, 820, 820, 820, 128]",0.3078,-4.546200275421143,82.5344729423523
random_unstructured_finetune_0.9,50,52,18,4,64,NonCallBack,210.29814171791077,3631,"[2074, 409, 409, 409, 64]",0.1135,-0.5674698352813721,0.880640983581543
random_unstructured_finetune_0.95,50,52,18,4,64,NonCallBack,210.94202327728271,1949,"[1036, 205, 205, 205, 32]",0.1135,3.725517988204956,
random_unstructured_nonfinetune_0.3,50,52,18,4,64,NonCallBack,2.153059244155884,23830,"[14515, 2867, 2867, 2867, 448]",0.8763,-5.34136438369751,7.635990858078003
random_unstructured_nonfinetune_0.5,50,52,18,4,64,NonCallBack,2.1041102409362793,17097,"[10368, 2048, 2048, 2048, 319]",0.2924,-0.5472371578216553,5.26403284072876
random_unstructured_nonfinetune_0.8,50,52,18,4,64,NonCallBack,2.0840439796447754,7001,"[4147, 820, 820, 820, 128]",0.0974,-10.313141822814941,0.0376131534576416
random_unstructured_nonfinetune_0.9,50,52,18,4,64,NonCallBack,2.013357639312744,3631,"[2074, 409, 409, 409, 64]",0.0974,-2.168879985809326,0.4214961528778076
random_unstructured_nonfinetune_0.95,50,52,18,4,64,NonCallBack,2.1153600215911865,1949,"[1036, 205, 205, 205, 32]",0.0892,6.8469696044921875,
random_structured_finetune_0.3,50,52,18,4,64,NonCallBack,203.98002743721008,23934,"[14580, 2880, 2880, 2880, 448]",0.7826,-4.882183074951172,67.40812492370605
random_structured_finetune_0.5,50,52,18,4,64,NonCallBack,203.24392080307007,17098,"[10368, 2048, 2048, 2048, 320]",0.5879,4.4524760246276855,
random_structured_finetune_0.8,50,52,18,4,64,NonCallBack,204.89768719673157,6586,"[3888, 768, 768, 768, 128]",0.2963,3.6666982173919678,
random_structured_finetune_0.9,50,52,18,4,64,NonCallBack,205.92380142211914,3426,"[1944, 384, 384, 384, 64]",0.1135,8.716461181640625,
random_structured_finetune_0.95,50,52,18,4,64,NonCallBack,203.33454179763794,1878,"[972, 192, 192, 192, 64]",0.1135,6.9862189292907715,
random_structured_nonfinetune_0.3,50,52,18,4,64,NonCallBack,2.07297945022583,23934,"[14580, 2880, 2880, 2880, 448]",0.4707,-8.756155014038086,5.775438070297241
random_structured_nonfinetune_0.5,50,52,18,4,64,NonCallBack,2.081308603286743,17098,"[10368, 2048, 2048, 2048, 320]",0.2674,-12.083169937133789,106.08548998832703
random_structured_nonfinetune_0.8,50,52,18,4,64,NonCallBack,2.1395184993743896,6586,"[3888, 768, 768, 768, 128]",0.0974,-0.8790321350097656,0.014111042022705078
random_structured_nonfinetune_0.9,50,52,18,4,64,NonCallBack,2.018920421600342,3426,"[1944, 384, 384, 384, 64]",0.0974,2.9445836544036865,
random_structured_nonfinetune_0.95,50,52,18,4,64,NonCallBack,2.048907518386841,1878,"[972, 192, 192, 192, 64]",0.0974,2.760258674621582,
dense,60,62,28,2,32,NonCallBack,0,26506,"[25088, 1024, 320]",0.9552,-3.3174643516540527,1.5445759296417236
unstructured_finetune_0.3,60,62,28,2,32,NonCallBack,179.53870368003845,18574,"[17561, 716, 223]",0.9666,-9.450987815856934,0.8322238922119141
unstructured_finetune_0.5,60,62,28,2,32,NonCallBack,179.38859605789185,13291,"[12544, 512, 161]",0.9659,-13.172768592834473,0.6450490951538086
unstructured_finetune_0.8,60,62,28,2,32,NonCallBack,179.63733673095703,5361,"[5018, 205, 64]",0.9544,-8.21242618560791,0.2507290840148926
unstructured_finetune_0.9,60,62,28,2,32,NonCallBack,184.04589939117432,2717,"[2509, 102, 32]",0.931,-9.180217742919922,0.10442590713500977
unstructured_finetune_0.95,60,62,28,2,32,NonCallBack,186.04196667671204,1396,"[1255, 51, 16]",0.8024,11.510552406311035,
unstructured_nonfinetune_0.3,60,62,28,2,32,NonCallBack,1.8550593852996826,18574,"[17561, 716, 223]",0.953,-3.1578235626220703,1.05552077293396
unstructured_nonfinetune_0.5,60,62,28,2,32,NonCallBack,1.8409430980682373,13291,"[12544, 512, 161]",0.9176,-11.59825325012207,0.7388019561767578
unstructured_nonfinetune_0.8,60,62,28,2,32,NonCallBack,1.7742111682891846,5361,"[5018, 205, 64]",0.5141,1.3803383111953735,
unstructured_nonfinetune_0.9,60,62,28,2,32,NonCallBack,1.8278508186340332,2717,"[2509, 102, 32]",0.1695,-17.99606704711914,0.04634499549865723
unstructured_nonfinetune_0.95,60,62,28,2,32,NonCallBack,1.851583480834961,1396,"[1255, 51, 16]",0.2034,5.423332691192627,
structured_finetune_0.3,60,62,28,2,32,NonCallBack,178.43510794639587,18250,"[17248, 704, 224]",0.7758,-13.864133834838867,0.040547847747802734
structured_finetune_0.5,60,62,28,2,32,NonCallBack,178.19481992721558,13290,"[12544, 512, 160]",0.5846,-3.9545822143554688,0.036131858825683594
structured_finetune_0.8,60,62,28,2,32,NonCallBack,179.67631888389587,5850,"[5488, 224, 64]",0.3046,-3.209534168243408,0.02469611167907715
structured_finetune_0.9,60,62,28,2,32,NonCallBack,179.74933123588562,2554,"[2352, 96, 32]",0.2088,-5.556072235107422,0.011187076568603516
structured_finetune_0.95,60,62,28,2,32,NonCallBack,179.92514991760254,1738,"[1568, 64, 32]",0.2082,-4.053819179534912,0.010431051254272461
structured_nonfinetune_0.3,60,62,28,2,32,NonCallBack,1.8259916305541992,18250,"[17248, 704, 224]",0.6411,-13.596031188964844,0.6504311561584473
structured_nonfinetune_0.5,60,62,28,2,32,NonCallBack,1.7794747352600098,13290,"[12544, 512, 160]",0.3663,-9.573832511901855,0.45130085945129395
structured_nonfinetune_0.8,60,62,28,2,32,NonCallBack,1.8543589115142822,5850,"[5488, 224, 64]",0.2478,-18.327539443969727,0.06061196327209473
structured_nonfinetune_0.9,60,62,28,2,32,NonCallBack,1.975532054901123,2554,"[2352, 96, 32]",0.0983,-13.42413330078125,0.012243032455444336
structured_nonfinetune_0.95,60,62,28,2,32,NonCallBack,1.8761353492736816,1738,"[1568, 64, 32]",0.0982,-4.363656997680664,0.011507034301757812
random_unstructured_finetune_0.3,60,62,28,2,32,NonCallBack,181.22372794151306,18574,"[17561, 716, 223]",0.9543,-6.685062885284424,0.9870681762695312
random_unstructured_finetune_0.5,60,62,28,2,32,NonCallBack,194.6060347557068,13291,"[12544, 512, 161]",0.94,-5.117791652679443,0.45432209968566895
random_unstructured_finetune_0.8,60,62,28,2,32,NonCallBack,183.14835906028748,5361,"[5018, 205, 64]",0.8792,-4.712874412536621,0.11359095573425293
random_unstructured_finetune_0.9,60,62,28,2,32,NonCallBack,183.29236364364624,2717,"[2509, 102, 32]",0.5286,7.230387210845947,
random_unstructured_finetune_0.95,60,62,28,2,32,NonCallBack,183.08058214187622,1396,"[1255, 51, 16]",0.2999,0.07377958297729492,0.030665159225463867
random_unstructured_nonfinetune_0.3,60,62,28,2,32,NonCallBack,2.037031412124634,18574,"[17561, 716, 223]",0.4604,1.879298210144043,
random_unstructured_nonfinetune_0.5,60,62,28,2,32,NonCallBack,2.081367254257202,13291,"[12544, 512, 161]",0.3681,-12.979166030883789,0.48932409286499023
random_unstructured_nonfinetune_0.8,60,62,28,2,32,NonCallBack,1.9360764026641846,5361,"[5018, 205, 64]",0.149,3.4602396488189697,
random_unstructured_nonfinetune_0.9,60,62,28,2,32,NonCallBack,1.9978594779968262,2717,"[2509, 102, 32]",0.0982,-5.221198081970215,0.04926490783691406
random_unstructured_nonfinetune_0.95,60,62,28,2,32,NonCallBack,1.9074208736419678,1396,"[1255, 51, 16]",0.0981,-5.443465709686279,0.035546064376831055
random_structured_finetune_0.3,60,62,28,2,32,NonCallBack,193.0160517692566,18250,"[17248, 704, 224]",0.7764,-7.045894622802734,0.18552494049072266
random_structured_finetune_0.5,60,62,28,2,32,NonCallBack,183.73635125160217,13290,"[12544, 512, 160]",0.5641,-11.710172653198242,0.4549269676208496
random_structured_finetune_0.8,60,62,28,2,32,NonCallBack,181.23076677322388,5850,"[5488, 224, 64]",0.3068,-3.965257167816162,0.023406982421875
random_structured_finetune_0.9,60,62,28,2,32,NonCallBack,181.4977912902832,2554,"[2352, 96, 32]",0.0781,-0.3879508972167969,0.011762142181396484
random_structured_finetune_0.95,60,62,28,2,32,NonCallBack,191.9343409538269,1738,"[1568, 64, 32]",0.2099,3.9684596061706543,
random_structured_nonfinetune_0.3,60,62,28,2,32,NonCallBack,2.037919044494629,18250,"[17248, 704, 224]",0.4374,-0.874842643737793,0.41041088104248047
random_structured_nonfinetune_0.5,60,62,28,2,32,NonCallBack,2.0358150005340576,13290,"[12544, 512, 160]",0.3325,-8.279509544372559,0.779242992401123
random_structured_nonfinetune_0.8,60,62,28,2,32,NonCallBack,1.9686334133148193,5850,"[5488, 224, 64]",0.1576,-5.320314884185791,0.08369708061218262
random_structured_nonfinetune_0.9,60,62,28,2,32,NonCallBack,1.9361209869384766,2554,"[2352, 96, 32]",0.1661,7.048197269439697,
random_structured_nonfinetune_0.95,60,62,28,2,32,NonCallBack,2.0360612869262695,1738,"[1568, 64, 32]",0.099,-3.6834754943847656,0.009598016738891602
dense,60,62,28,2,64,NonCallBack,0,55050,"[50176, 4096, 640]",0.9668,-12.587760925292969,113.40872097015381
unstructured_finetune_0.3,60,62,28,2,64,NonCallBack,179.41569137573242,38576,"[35123, 2867, 448]",0.9766,-12.232624053955078,98.51191401481628
unstructured_finetune_0.5,60,62,28,2,64,NonCallBack,180.23091912269592,27593,"[25088, 2048, 319]",0.9763,-11.559898376464844,2.345820903778076
unstructured_finetune_0.8,60,62,28,2,64,NonCallBack,179.59324765205383,11121,"[10035, 820, 128]",0.9694,-10.554265975952148,0.7156898975372314
unstructured_finetune_0.9,60,62,28,2,64,NonCallBack,181.98556876182556,5628,"[5017, 409, 64]",0.9563,-7.942100524902344,0.29532599449157715
unstructured_finetune_0.95,60,62,28,2,64,NonCallBack,179.95788979530334,2884,"[2509, 205, 32]",0.9345,-0.2764749526977539,0.13138198852539062
unstructured_nonfinetune_0.3,60,62,28,2,64,NonCallBack,1.7685003280639648,38576,"[35123, 2867, 448]",0.967,-12.609838485717773,4.49551796913147
unstructured_nonfinetune_0.5,60,62,28,2,64,NonCallBack,1.8474090099334717,27593,"[25088, 2048, 319]",0.9586,-11.908782005310059,2.6024110317230225
unstructured_nonfinetune_0.8,60,62,28,2,64,NonCallBack,1.879150152206421,11121,"[10035, 820, 128]",0.671,-9.454479217529297,0.20531511306762695
unstructured_nonfinetune_0.9,60,62,28,2,64,NonCallBack,1.832874059677124,5628,"[5017, 409, 64]",0.2465,-8.775970458984375,0.3212311267852783
unstructured_nonfinetune_0.95,60,62,28,2,64,NonCallBack,1.8549048900604248,2884,"[2509, 205, 32]",0.1673,-6.0610151290893555,0.057090044021606445
structured_finetune_0.3,60,62,28,2,64,NonCallBack,180.19865226745605,38746,"[35280, 2880, 448]",0.7773,3.784327983856201,
structured_finetune_0.5,60,62,28,2,64,NonCallBack,178.36966276168823,27594,"[25088, 2048, 320]",0.5834,-2.835568904876709,0.06175494194030762
structured_finetune_0.8,60,62,28,2,64,NonCallBack,180.53460359573364,10442,"[9408, 768, 128]",0.2951,-1.8940916061401367,0.03711676597595215
structured_finetune_0.9,60,62,28,2,64,NonCallBack,179.94214129447937,5290,"[4704, 384, 64]",0.1985,-1.1575241088867188,0.01409006118774414
structured_finetune_0.95,60,62,28,2,64,NonCallBack,179.4651780128479,2746,"[2352, 192, 64]",0.1966,4.069616317749023,
structured_nonfinetune_0.3,60,62,28,2,64,NonCallBack,1.8187472820281982,38746,"[35280, 2880, 448]",0.686,-17.504119873046875,2.6039130687713623
structured_nonfinetune_0.5,60,62,28,2,64,NonCallBack,1.770320177078247,27594,"[25088, 2048, 320]",0.4558,-10.683553695678711,25.283950090408325
structured_nonfinetune_0.8,60,62,28,2,64,NonCallBack,1.841275691986084,10442,"[9408, 768, 128]",0.0896,1.4030797481536865,
structured_nonfinetune_0.9,60,62,28,2,64,NonCallBack,1.9483492374420166,5290,"[4704, 384, 64]",0.0923,0.8005499839782715,1.5913121700286865
structured_nonfinetune_0.95,60,62,28,2,64,NonCallBack,1.8002605438232422,2746,"[2352, 192, 64]",0.0894,2.106719970703125,
random_unstructured_finetune_0.3,60,62,28,2,64,NonCallBack,191.40877676010132,38576,"[35123, 2867, 448]",0.9678,-8.161956787109375,62.247304916381836
random_unstructured_finetune_0.5,60,62,28,2,64,NonCallBack,184.0595302581787,27593,"[25088, 2048, 319]",0.9529,-5.756231307983398,0.9826788902282715
random_unstructured_finetune_0.8,60,62,28,2,64,NonCallBack,193.30155730247498,11121,"[10035, 820, 128]",0.892,-1.3179633617401123,0.2994198799133301
random_unstructured_finetune_0.9,60,62,28,2,64,NonCallBack,182.23102474212646,5628,"[5017, 409, 64]",0.6665,-4.662930011749268,0.28296613693237305
random_unstructured_finetune_0.95,60,62,28,2,64,NonCallBack,183.45390129089355,2884,"[2509, 205, 32]",0.264,4.313937187194824,
random_unstructured_nonfinetune_0.3,60,62,28,2,64,NonCallBack,1.9303090572357178,38576,"[35123, 2867, 448]",0.8894,-6.0860466957092285,68.2875349521637
random_unstructured_nonfinetune_0.5,60,62,28,2,64,NonCallBack,1.986114740371704,27593,"[25088, 2048, 319]",0.7141,-4.434383869171143,41.736417055130005
random_unstructured_nonfinetune_0.8,60,62,28,2,64,NonCallBack,2.056792974472046,11121,"[10035, 820, 128]",0.2492,-6.5743608474731445,0.8997948169708252
random_unstructured_nonfinetune_0.9,60,62,28,2,64,NonCallBack,2.0314524173736572,5628,"[5017, 409, 64]",0.0905,0.806321382522583,0.5054421424865723
random_unstructured_nonfinetune_0.95,60,62,28,2,64,NonCallBack,1.9622552394866943,2884,"[2509, 205, 32]",0.0974,-0.7462948560714722,0.07939505577087402
random_structured_finetune_0.3,60,62,28,2,64,NonCallBack,181.8370122909546,38746,"[35280, 2880, 448]",0.7864,-10.254878044128418,0.38370704650878906
random_structured_finetune_0.5,60,62,28,2,64,NonCallBack,183.63172698020935,27594,"[25088, 2048, 320]",0.5937,-15.658330917358398,39.33288502693176
random_structured_finetune_0.8,60,62,28,2,64,NonCallBack,183.40763974189758,10442,"[9408, 768, 128]",0.3056,-0.6545255184173584,0.03462505340576172
random_structured_finetune_0.9,60,62,28,2,64,NonCallBack,183.25112080574036,5290,"[4704, 384, 64]",0.1888,1.4646742343902588,
random_structured_finetune_0.95,60,62,28,2,64,NonCallBack,182.73617887496948,2746,"[2352, 192, 64]",0.2059,-3.765030860900879,0.023605823516845703
random_structured_nonfinetune_0.3,60,62,28,2,64,NonCallBack,2.0611732006073,38746,"[35280, 2880, 448]",0.6375,-6.940899848937988,2.841135025024414
random_structured_nonfinetune_0.5,60,62,28,2,64,NonCallBack,2.0496413707733154,27594,"[25088, 2048, 320]",0.4553,-1.3917040824890137,0.05162191390991211
random_structured_nonfinetune_0.8,60,62,28,2,64,NonCallBack,1.9632880687713623,10442,"[9408, 768, 128]",0.0898,3.1698269844055176,
random_structured_nonfinetune_0.9,60,62,28,2,64,NonCallBack,2.0185387134552,5290,"[4704, 384, 64]",0.0959,0.10807788372039795,0.10365509986877441
random_structured_nonfinetune_0.95,60,62,28,2,64,NonCallBack,2.0922656059265137,2746,"[2352, 192, 64]",0.0892,1.1518595218658447,
dense,60,62,28,4,32,NonCallBack,0,28618,"[25088, 1024, 1024, 1024, 320]",0.9522,-6.605066299438477,125.43062710762024
unstructured_finetune_0.3,60,62,28,4,32,NonCallBack,204.84765219688416,20070,"[17561, 716, 716, 716, 223]",0.9686,-11.85798168182373,139.16606187820435
unstructured_finetune_0.5,60,62,28,4,32,NonCallBack,201.20328903198242,14379,"[12544, 512, 512, 512, 161]",0.967,-11.34161376953125,48.30705499649048
unstructured_finetune_0.8,60,62,28,4,32,NonCallBack,200.49849104881287,5835,"[5018, 205, 205, 205, 64]",0.9599,-10.410236358642578,0.9145181179046631
unstructured_finetune_0.9,60,62,28,4,32,NonCallBack,199.30094981193542,2985,"[2509, 102, 102, 102, 32]",0.9429,-8.267196655273438,0.276339054107666
unstructured_finetune_0.95,60,62,28,4,32,NonCallBack,200.1312758922577,1562,"[1255, 51, 51, 51, 16]",0.9138,-5.985376834869385,0.0947270393371582
unstructured_nonfinetune_0.3,60,62,28,4,32,NonCallBack,1.802858829498291,20070,"[17561, 716, 716, 716, 223]",0.9554,-11.816688537597656,161.19609093666077
unstructured_nonfinetune_0.5,60,62,28,4,32,NonCallBack,1.8850760459899902,14379,"[12544, 512, 512, 512, 161]",0.9307,-11.649760246276855,161.9993121623993
unstructured_nonfinetune_0.8,60,62,28,4,32,NonCallBack,1.924569845199585,5835,"[5018, 205, 205, 205, 64]",0.2735,-8.242619514465332,1.0177218914031982
unstructured_nonfinetune_0.9,60,62,28,4,32,NonCallBack,1.8726320266723633,2985,"[2509, 102, 102, 102, 32]",0.1809,-11.089226722717285,0.1775829792022705
unstructured_nonfinetune_0.95,60,62,28,4,32,NonCallBack,1.9003446102142334,1562,"[1255, 51, 51, 51, 16]",0.1324,-0.03519773483276367,0.018375158309936523
structured_finetune_0.3,60,62,28,4,32,NonCallBack,199.9538435935974,19722,"[17248, 704, 704, 704, 224]",0.7853,-5.0083818435668945,4.32256007194519
structured_finetune_0.5,60,62,28,4,32,NonCallBack,200.61406350135803,14378,"[12544, 512, 512, 512, 160]",0.5904,-3.9224343299865723,0.1237339973449707
structured_finetune_0.8,60,62,28,4,32,NonCallBack,206.77316522598267,6362,"[5488, 224, 224, 224, 64]",0.3103,5.5835676193237305,
structured_finetune_0.9,60,62,28,4,32,NonCallBack,199.78303360939026,2810,"[2352, 96, 96, 96, 32]",0.2052,2.536498785018921,
structured_finetune_0.95,60,62,28,4,32,NonCallBack,207.70200562477112,1930,"[1568, 64, 64, 64, 32]",0.153,2.5768730640411377,
structured_nonfinetune_0.3,60,62,28,4,32,NonCallBack,1.9030745029449463,19722,"[17248, 704, 704, 704, 224]",0.6627,-12.363449096679688,108.24144411087036
structured_nonfinetune_0.5,60,62,28,4,32,NonCallBack,1.821345567703247,14378,"[12544, 512, 512, 512, 160]",0.4612,-4.712304592132568,40.61547112464905
structured_nonfinetune_0.8,60,62,28,4,32,NonCallBack,2.0192248821258545,6362,"[5488, 224, 224, 224, 64]",0.0885,2.0379769802093506,
structured_nonfinetune_0.9,60,62,28,4,32,NonCallBack,1.8722851276397705,2810,"[2352, 96, 96, 96, 32]",0.0892,-0.40234196186065674,0.016215085983276367
structured_nonfinetune_0.95,60,62,28,4,32,NonCallBack,1.9001102447509766,1930,"[1568, 64, 64, 64, 32]",0.0892,-0.17958223819732666,0.01214599609375
random_unstructured_finetune_0.3,60,62,28,4,32,NonCallBack,200.3919541835785,20070,"[17561, 716, 716, 716, 223]",0.9579,-10.492609977722168,241.50659012794495
random_unstructured_finetune_0.5,60,62,28,4,32,NonCallBack,201.89315366744995,14379,"[12544, 512, 512, 512, 161]",0.942,-8.794307708740234,71.03602600097656
random_unstructured_finetune_0.8,60,62,28,4,32,NonCallBack,208.0668134689331,5835,"[5018, 205, 205, 205, 64]",0.6754,6.2163519859313965,
random_unstructured_finetune_0.9,60,62,28,4,32,NonCallBack,201.1137502193451,2985,"[2509, 102, 102, 102, 32]",0.1135,-6.922362327575684,0.12417387962341309
random_unstructured_finetune_0.95,60,62,28,4,32,NonCallBack,201.3555088043213,1562,"[1255, 51, 51, 51, 16]",0.1135,-6.751845359802246,0.034512996673583984
random_unstructured_nonfinetune_0.3,60,62,28,4,32,NonCallBack,2.0258610248565674,20070,"[17561, 716, 716, 716, 223]",0.4365,-7.273195266723633,226.09996390342712
random_unstructured_nonfinetune_0.5,60,62,28,4,32,NonCallBack,2.0118446350097656,14379,"[12544, 512, 512, 512, 161]",0.1703,0.2759280204772949,2.556480884552002
random_unstructured_nonfinetune_0.8,60,62,28,4,32,NonCallBack,1.988478422164917,5835,"[5018, 205, 205, 205, 64]",0.0905,-5.988426208496094,17.92137384414673
random_unstructured_nonfinetune_0.9,60,62,28,4,32,NonCallBack,2.017582416534424,2985,"[2509, 102, 102, 102, 32]",0.0892,8.83105182647705,
random_unstructured_nonfinetune_0.95,60,62,28,4,32,NonCallBack,1.888913631439209,1562,"[1255, 51, 51, 51, 16]",0.0892,1.728224515914917,
random_structured_finetune_0.3,60,62,28,4,32,NonCallBack,202.9986710548401,19722,"[17248, 704, 704, 704, 224]",0.7623,1.2084031105041504,
random_structured_finetune_0.5,60,62,28,4,32,NonCallBack,200.05740308761597,14378,"[12544, 512, 512, 512, 160]",0.5878,-7.4879961013793945,14.97904109954834
random_structured_finetune_0.8,60,62,28,4,32,NonCallBack,209.6766984462738,6362,"[5488, 224, 224, 224, 64]",0.2533,10.068486213684082,
random_structured_finetune_0.9,60,62,28,4,32,NonCallBack,199.6795392036438,2810,"[2352, 96, 96, 96, 32]",0.2105,2.660471200942993,
random_structured_finetune_0.95,60,62,28,4,32,NonCallBack,200.53867101669312,1930,"[1568, 64, 64, 64, 32]",0.1135,-2.512474775314331,0.010373830795288086
random_structured_nonfinetune_0.3,60,62,28,4,32,NonCallBack,2.049558401107788,19722,"[17248, 704, 704, 704, 224]",0.382,-16.586427688598633,1.4743380546569824
random_structured_nonfinetune_0.5,60,62,28,4,32,NonCallBack,2.0118556022644043,14378,"[12544, 512, 512, 512, 160]",0.1135,-9.742635726928711,1.016188144683838
random_structured_nonfinetune_0.8,60,62,28,4,32,NonCallBack,1.9528534412384033,6362,"[5488, 224, 224, 224, 64]",0.0892,7.538907527923584,
random_structured_nonfinetune_0.9,60,62,28,4,32,NonCallBack,2.008054256439209,2810,"[2352, 96, 96, 96, 32]",0.1135,-8.707908630371094,0.014562129974365234
random_structured_nonfinetune_0.95,60,62,28,4,32,NonCallBack,2.020249128341675,1930,"[1568, 64, 64, 64, 32]",0.0892,6.772110939025879,
dense,60,62,28,4,64,NonCallBack,0,63370,"[50176, 4096, 4096, 4096, 640]",0.9601,2.179683208465576,
unstructured_finetune_0.3,60,62,28,4,64,NonCallBack,200.53066897392273,44438,"[35123, 2867, 2867, 2867, 448]",0.9752,1.9018070697784424,
unstructured_finetune_0.5,60,62,28,4,64,NonCallBack,204.41765213012695,31817,"[25088, 2048, 2048, 2048, 319]",0.975,5.872923851013184,
unstructured_finetune_0.8,60,62,28,4,64,NonCallBack,205.30805468559265,12889,"[10035, 820, 820, 820, 128]",0.9722,-10.00390625,72.84501504898071
unstructured_finetune_0.9,60,62,28,4,64,NonCallBack,202.121808052063,6574,"[5017, 409, 409, 409, 64]",0.9646,1.2807457447052002,
unstructured_finetune_0.95,60,62,28,4,64,NonCallBack,201.18079543113708,3422,"[2509, 205, 205, 205, 32]",0.9491,-2.937912940979004,0.6149389743804932
unstructured_nonfinetune_0.3,60,62,28,4,64,NonCallBack,1.911001205444336,44438,"[35123, 2867, 2867, 2867, 448]",0.9591,5.013559818267822,
unstructured_nonfinetune_0.5,60,62,28,4,64,NonCallBack,1.9147133827209473,31817,"[25088, 2048, 2048, 2048, 319]",0.9617,3.181210517883301,
unstructured_nonfinetune_0.8,60,62,28,4,64,NonCallBack,1.8400824069976807,12889,"[10035, 820, 820, 820, 128]",0.7053,-9.895583152770996,50.44551205635071
unstructured_nonfinetune_0.9,60,62,28,4,64,NonCallBack,1.8463032245635986,6574,"[5017, 409, 409, 409, 64]",0.1628,-4.810312271118164,1.825592041015625
unstructured_nonfinetune_0.95,60,62,28,4,64,NonCallBack,1.9381306171417236,3422,"[2509, 205, 205, 205, 32]",0.1273,-1.1140079498291016,0.7874588966369629
structured_finetune_0.3,60,62,28,4,64,NonCallBack,199.70566248893738,44634,"[35280, 2880, 2880, 2880, 448]",0.7753,-2.692491292953491,0.33969616889953613
structured_finetune_0.5,60,62,28,4,64,NonCallBack,200.75835800170898,31818,"[25088, 2048, 2048, 2048, 320]",0.5805,2.864253520965576,
structured_finetune_0.8,60,62,28,4,64,NonCallBack,202.8010025024414,12106,"[9408, 768, 768, 768, 128]",0.2991,1.040482521057129,
structured_finetune_0.9,60,62,28,4,64,NonCallBack,200.48505973815918,6186,"[4704, 384, 384, 384, 64]",0.208,0.019421815872192383,0.017000913619995117
structured_finetune_0.95,60,62,28,4,64,NonCallBack,200.24967503547668,3258,"[2352, 192, 192, 192, 64]",0.2067,1.4969596862792969,
structured_nonfinetune_0.3,60,62,28,4,64,NonCallBack,1.9754526615142822,44634,"[35280, 2880, 2880, 2880, 448]",0.5574,-5.145917892456055,5.203212022781372
structured_nonfinetune_0.5,60,62,28,4,64,NonCallBack,1.9604675769805908,31818,"[25088, 2048, 2048, 2048, 320]",0.3777,-8.50533390045166,2.8491358757019043
structured_nonfinetune_0.8,60,62,28,4,64,NonCallBack,1.8446826934814453,12106,"[9408, 768, 768, 768, 128]",0.172,3.1299798488616943,
structured_nonfinetune_0.9,60,62,28,4,64,NonCallBack,1.9408230781555176,6186,"[4704, 384, 384, 384, 64]",0.1073,-3.9443984031677246,0.017180919647216797
structured_nonfinetune_0.95,60,62,28,4,64,NonCallBack,1.94569730758667,3258,"[2352, 192, 192, 192, 64]",0.0982,-4.678379535675049,0.06946802139282227
random_unstructured_finetune_0.3,60,62,28,4,64,NonCallBack,211.3432595729828,44438,"[35123, 2867, 2867, 2867, 448]",0.9689,9.776673316955566,
random_unstructured_finetune_0.5,60,62,28,4,64,NonCallBack,204.2134907245636,31817,"[25088, 2048, 2048, 2048, 319]",0.9592,10.233136177062988,
random_unstructured_finetune_0.8,60,62,28,4,64,NonCallBack,208.31796789169312,12889,"[10035, 820, 820, 820, 128]",0.3209,-5.883113384246826,2.0866458415985107
random_unstructured_finetune_0.9,60,62,28,4,64,NonCallBack,204.43716502189636,6574,"[5017, 409, 409, 409, 64]",0.1135,-2.387193441390991,1.6948890686035156
random_unstructured_finetune_0.95,60,62,28,4,64,NonCallBack,203.0007562637329,3422,"[2509, 205, 205, 205, 32]",0.1135,-0.823997974395752,0.08713412284851074
random_unstructured_nonfinetune_0.3,60,62,28,4,64,NonCallBack,2.0377557277679443,44438,"[35123, 2867, 2867, 2867, 448]",0.7899,9.934925079345703,
random_unstructured_nonfinetune_0.5,60,62,28,4,64,NonCallBack,2.0179991722106934,31817,"[25088, 2048, 2048, 2048, 319]",0.4905,6.057009220123291,
random_unstructured_nonfinetune_0.8,60,62,28,4,64,NonCallBack,1.9615068435668945,12889,"[10035, 820, 820, 820, 128]",0.105,-1.55757737159729,5.037639141082764
random_unstructured_nonfinetune_0.9,60,62,28,4,64,NonCallBack,2.0064857006073,6574,"[5017, 409, 409, 409, 64]",0.0974,-2.712740421295166,2.3432109355926514
random_unstructured_nonfinetune_0.95,60,62,28,4,64,NonCallBack,1.9901959896087646,3422,"[2509, 205, 205, 205, 32]",0.0974,-1.141767978668213,0.15667009353637695
random_structured_finetune_0.3,60,62,28,4,64,NonCallBack,204.4797294139862,44634,"[35280, 2880, 2880, 2880, 448]",0.7821,7.827442646026611,
random_structured_finetune_0.5,60,62,28,4,64,NonCallBack,201.87190461158752,31818,"[25088, 2048, 2048, 2048, 320]",0.5801,-0.8134856224060059,40.575767040252686
random_structured_finetune_0.8,60,62,28,4,64,NonCallBack,208.4984369277954,12106,"[9408, 768, 768, 768, 128]",0.2942,-10.35268783569336,17.046860933303833
random_structured_finetune_0.9,60,62,28,4,64,NonCallBack,203.62616205215454,6186,"[4704, 384, 384, 384, 64]",0.1135,-0.35135555267333984,0.042356014251708984
random_structured_finetune_0.95,60,62,28,4,64,NonCallBack,209.525372505188,3258,"[2352, 192, 192, 192, 64]",0.1135,-0.5756438970565796,0.020678043365478516
random_structured_nonfinetune_0.3,60,62,28,4,64,NonCallBack,2.051342487335205,44634,"[35280, 2880, 2880, 2880, 448]",0.5725,6.458889961242676,
random_structured_nonfinetune_0.5,60,62,28,4,64,NonCallBack,2.0465075969696045,31818,"[25088, 2048, 2048, 2048, 320]",0.3274,-5.214202404022217,244.16614198684692
random_structured_nonfinetune_0.8,60,62,28,4,64,NonCallBack,1.9980902671813965,12106,"[9408, 768, 768, 768, 128]",0.1005,-15.170055389404297,17.492857933044434
random_structured_nonfinetune_0.9,60,62,28,4,64,NonCallBack,1.968794584274292,6186,"[4704, 384, 384, 384, 64]",0.0974,5.966269016265869,
random_structured_nonfinetune_0.95,60,62,28,4,64,NonCallBack,2.0702948570251465,3258,"[2352, 192, 192, 192, 64]",0.0974,-0.7549324035644531,0.02087998390197754
dense,60,62,18,2,32,NonCallBack,0,11786,"[10368, 1024, 320]",0.9525,-19.418649673461914,0.40186119079589844
unstructured_finetune_0.3,60,62,18,2,32,NonCallBack,179.95586347579956,8270,"[7257, 716, 223]",0.958,-19.2568359375,0.3019111156463623
unstructured_finetune_0.5,60,62,18,2,32,NonCallBack,181.29882884025574,5931,"[5184, 512, 161]",0.9576,-19.050537109375,0.279371976852417
unstructured_finetune_0.8,60,62,18,2,32,NonCallBack,181.92609214782715,2417,"[2074, 205, 64]",0.9404,-16.445735931396484,0.10450220108032227
unstructured_finetune_0.9,60,62,18,2,32,NonCallBack,180.8755705356598,1245,"[1037, 102, 32]",0.9129,-9.788853645324707,0.03637886047363281
unstructured_finetune_0.95,60,62,18,2,32,NonCallBack,183.1612741947174,660,"[519, 51, 16]",0.8738,-11.252218246459961,0.018024206161499023
unstructured_nonfinetune_0.3,60,62,18,2,32,NonCallBack,2.262129545211792,8270,"[7257, 716, 223]",0.9474,-19.243881225585938,0.3066840171813965
unstructured_nonfinetune_0.5,60,62,18,2,32,NonCallBack,2.2139952182769775,5931,"[5184, 512, 161]",0.9117,-18.29708480834961,0.24551010131835938
unstructured_nonfinetune_0.8,60,62,18,2,32,NonCallBack,2.120481014251709,2417,"[2074, 205, 64]",0.5256,-3.2767333984375,0.16130399703979492
unstructured_nonfinetune_0.9,60,62,18,2,32,NonCallBack,2.1665914058685303,1245,"[1037, 102, 32]",0.2027,-13.4472074508667,0.028199195861816406
unstructured_nonfinetune_0.95,60,62,18,2,32,NonCallBack,1.879150390625,660,"[519, 51, 16]",0.1275,2.766523838043213,
structured_finetune_0.3,60,62,18,2,32,NonCallBack,183.358500957489,8130,"[7128, 704, 224]",0.7534,-0.2529442310333252,0.02031683921813965
structured_finetune_0.5,60,62,18,2,32,NonCallBack,181.54488968849182,5930,"[5184, 512, 160]",0.5575,1.654741644859314,
structured_finetune_0.8,60,62,18,2,32,NonCallBack,182.0386905670166,2630,"[2268, 224, 64]",0.293,-9.01523494720459,0.009505987167358398
structured_finetune_0.9,60,62,18,2,32,NonCallBack,181.7480866909027,1174,"[972, 96, 32]",0.2092,-3.4177842140197754,0.0053708553314208984
structured_finetune_0.95,60,62,18,2,32,NonCallBack,181.80284571647644,818,"[648, 64, 32]",0.1902,-1.8652360439300537,0.005509853363037109
structured_nonfinetune_0.3,60,62,18,2,32,NonCallBack,2.2520222663879395,8130,"[7128, 704, 224]",0.6266,-19.5609073638916,0.29062390327453613
structured_nonfinetune_0.5,60,62,18,2,32,NonCallBack,2.1643009185791016,5930,"[5184, 512, 160]",0.3027,-19.466197967529297,0.06923604011535645
structured_nonfinetune_0.8,60,62,18,2,32,NonCallBack,2.2844443321228027,2630,"[2268, 224, 64]",0.1606,-12.307897567749023,0.00748896598815918
structured_nonfinetune_0.9,60,62,18,2,32,NonCallBack,2.135439872741699,1174,"[972, 96, 32]",0.1621,2.879188060760498,
structured_nonfinetune_0.95,60,62,18,2,32,NonCallBack,2.050844669342041,818,"[648, 64, 32]",0.087,2.285871982574463,
random_unstructured_finetune_0.3,60,62,18,2,32,NonCallBack,193.0906412601471,8270,"[7257, 716, 223]",0.9449,-18.7104549407959,0.312816858291626
random_unstructured_finetune_0.5,60,62,18,2,32,NonCallBack,188.94606113433838,5931,"[5184, 512, 161]",0.9291,-18.915040969848633,0.22218608856201172
random_unstructured_finetune_0.8,60,62,18,2,32,NonCallBack,193.42572331428528,2417,"[2074, 205, 64]",0.8479,-3.920487880706787,0.07887697219848633
random_unstructured_finetune_0.9,60,62,18,2,32,NonCallBack,191.82617831230164,1245,"[1037, 102, 32]",0.4398,6.4969305992126465,
random_unstructured_finetune_0.95,60,62,18,2,32,NonCallBack,184.14730787277222,660,"[519, 51, 16]",0.1065,-5.4859161376953125,0.014943838119506836
random_unstructured_nonfinetune_0.3,60,62,18,2,32,NonCallBack,2.0640156269073486,8270,"[7257, 716, 223]",0.5562,-10.519441604614258,0.5516650676727295
random_unstructured_nonfinetune_0.5,60,62,18,2,32,NonCallBack,1.9881510734558105,5931,"[5184, 512, 161]",0.1755,-12.58944034576416,0.39965200424194336
random_unstructured_nonfinetune_0.8,60,62,18,2,32,NonCallBack,1.9691357612609863,2417,"[2074, 205, 64]",0.1485,-9.069316864013672,0.20094680786132812
random_unstructured_nonfinetune_0.9,60,62,18,2,32,NonCallBack,2.018752098083496,1245,"[1037, 102, 32]",0.0855,0.6352801322937012,0.07229113578796387
random_unstructured_nonfinetune_0.95,60,62,18,2,32,NonCallBack,1.978851079940796,660,"[519, 51, 16]",0.1032,-1.3914470672607422,0.02465200424194336
random_structured_finetune_0.3,60,62,18,2,32,NonCallBack,186.10952186584473,8130,"[7128, 704, 224]",0.7581,-23.25132942199707,0.2488410472869873
random_structured_finetune_0.5,60,62,18,2,32,NonCallBack,184.94444108009338,5930,"[5184, 512, 160]",0.5762,-7.876018524169922,0.18004512786865234
random_structured_finetune_0.8,60,62,18,2,32,NonCallBack,183.38056206703186,2630,"[2268, 224, 64]",0.2929,-9.923282623291016,0.007551908493041992
random_structured_finetune_0.9,60,62,18,2,32,NonCallBack,183.75178217887878,1174,"[972, 96, 32]",0.2059,-5.6394548416137695,0.006218910217285156
random_structured_finetune_0.95,60,62,18,2,32,NonCallBack,186.16385412216187,818,"[648, 64, 32]",0.085,-2.2911648750305176,0.0049669742584228516
random_structured_nonfinetune_0.3,60,62,18,2,32,NonCallBack,2.0988881587982178,8130,"[7128, 704, 224]",0.5514,-13.911524772644043,0.31161999702453613
random_structured_nonfinetune_0.5,60,62,18,2,32,NonCallBack,2.0541653633117676,5930,"[5184, 512, 160]",0.2905,-17.657442092895508,0.22737503051757812
random_structured_nonfinetune_0.8,60,62,18,2,32,NonCallBack,2.0339698791503906,2630,"[2268, 224, 64]",0.1357,-7.175087928771973,0.03520822525024414
random_structured_nonfinetune_0.9,60,62,18,2,32,NonCallBack,1.9910175800323486,1174,"[972, 96, 32]",0.0892,-2.090512752532959,0.0067899227142333984
random_structured_nonfinetune_0.95,60,62,18,2,32,NonCallBack,2.125478982925415,818,"[648, 64, 32]",0.0892,13.421371459960938,
dense,60,62,18,2,64,NonCallBack,0,25610,"[20736, 4096, 640]",0.9675,-22.49970245361328,1.5825002193450928
unstructured_finetune_0.3,60,62,18,2,64,NonCallBack,179.8222634792328,17968,"[14515, 2867, 448]",0.9731,-22.46484375,1.6592490673065186
unstructured_finetune_0.5,60,62,18,2,64,NonCallBack,185.53448605537415,12873,"[10368, 2048, 319]",0.9717,-22.155120849609375,0.22472190856933594
unstructured_finetune_0.8,60,62,18,2,64,NonCallBack,188.62794733047485,5233,"[4147, 820, 128]",0.9649,-17.57746124267578,0.36988401412963867
unstructured_finetune_0.9,60,62,18,2,64,NonCallBack,185.60069727897644,2685,"[2074, 409, 64]",0.9468,-16.797008514404297,0.15739917755126953
unstructured_finetune_0.95,60,62,18,2,64,NonCallBack,180.60146927833557,1411,"[1036, 205, 32]",0.9257,-12.005674362182617,0.045780181884765625
unstructured_nonfinetune_0.3,60,62,18,2,64,NonCallBack,1.8718445301055908,17968,"[14515, 2867, 448]",0.9668,-22.47085189819336,1.3171279430389404
unstructured_nonfinetune_0.5,60,62,18,2,64,NonCallBack,1.9319438934326172,12873,"[10368, 2048, 319]",0.9577,-22.29693603515625,0.20363283157348633
unstructured_nonfinetune_0.8,60,62,18,2,64,NonCallBack,1.8926703929901123,5233,"[4147, 820, 128]",0.8018,-18.97838020324707,0.38865089416503906
unstructured_nonfinetune_0.9,60,62,18,2,64,NonCallBack,1.885608434677124,2685,"[2074, 409, 64]",0.4469,-12.56902027130127,0.15862298011779785
unstructured_nonfinetune_0.95,60,62,18,2,64,NonCallBack,1.9020256996154785,1411,"[1036, 205, 32]",0.2076,1.0435789823532104,
structured_finetune_0.3,60,62,18,2,64,NonCallBack,180.57932043075562,18046,"[14580, 2880, 448]",0.7758,-1.0376029014587402,0.04070782661437988
structured_finetune_0.5,60,62,18,2,64,NonCallBack,181.20187520980835,12874,"[10368, 2048, 320]",0.5852,-1.73740816116333,0.027804851531982422
structured_finetune_0.8,60,62,18,2,64,NonCallBack,180.7702920436859,4922,"[3888, 768, 128]",0.2951,-4.600707054138184,0.01643204689025879
structured_finetune_0.9,60,62,18,2,64,NonCallBack,181.9607036113739,2530,"[1944, 384, 64]",0.1988,-6.669974327087402,0.009032011032104492
structured_finetune_0.95,60,62,18,2,64,NonCallBack,185.9446747303009,1366,"[972, 192, 64]",0.1948,-1.6523113250732422,0.006969928741455078
structured_nonfinetune_0.3,60,62,18,2,64,NonCallBack,1.9038372039794922,18046,"[14580, 2880, 448]",0.6685,-21.584579467773438,0.7486879825592041
structured_nonfinetune_0.5,60,62,18,2,64,NonCallBack,1.8672492504119873,12874,"[10368, 2048, 320]",0.4262,-27.576278686523438,0.5030479431152344
structured_nonfinetune_0.8,60,62,18,2,64,NonCallBack,1.8890612125396729,4922,"[3888, 768, 128]",0.1086,-4.369657039642334,0.0383298397064209
structured_nonfinetune_0.9,60,62,18,2,64,NonCallBack,1.8475465774536133,2530,"[1944, 384, 64]",0.1125,-4.995633125305176,0.020080089569091797
structured_nonfinetune_0.95,60,62,18,2,64,NonCallBack,1.8977460861206055,1366,"[972, 192, 64]",0.0891,1.2538199424743652,
random_unstructured_finetune_0.3,60,62,18,2,64,NonCallBack,184.15062832832336,17968,"[14515, 2867, 448]",0.961,-20.55445671081543,0.9191648960113525
random_unstructured_finetune_0.5,60,62,18,2,64,NonCallBack,183.01885437965393,12873,"[10368, 2048, 319]",0.9445,-20.26567840576172,0.5464959144592285
random_unstructured_finetune_0.8,60,62,18,2,64,NonCallBack,186.15703868865967,5233,"[4147, 820, 128]",0.8748,-13.60757064819336,0.22289514541625977
random_unstructured_finetune_0.9,60,62,18,2,64,NonCallBack,182.5324432849884,2685,"[2074, 409, 64]",0.4313,-4.685335159301758,0.11108899116516113
random_unstructured_finetune_0.95,60,62,18,2,64,NonCallBack,184.36359548568726,1411,"[1036, 205, 32]",0.2584,1.109771490097046,
random_unstructured_nonfinetune_0.3,60,62,18,2,64,NonCallBack,2.071147918701172,17968,"[14515, 2867, 448]",0.8838,-11.256696701049805,1.429354190826416
random_unstructured_nonfinetune_0.5,60,62,18,2,64,NonCallBack,1.9804518222808838,12873,"[10368, 2048, 319]",0.6667,-16.06527328491211,1.4616479873657227
random_unstructured_nonfinetune_0.8,60,62,18,2,64,NonCallBack,2.0471444129943848,5233,"[4147, 820, 128]",0.1356,-1.2993414402008057,0.2983100414276123
random_unstructured_nonfinetune_0.9,60,62,18,2,64,NonCallBack,2.0220651626586914,2685,"[2074, 409, 64]",0.1475,5.073971748352051,
random_unstructured_nonfinetune_0.95,60,62,18,2,64,NonCallBack,1.954392433166504,1411,"[1036, 205, 32]",0.1008,3.7696309089660645,
random_structured_finetune_0.3,60,62,18,2,64,NonCallBack,185.1267945766449,18046,"[14580, 2880, 448]",0.7689,-10.362418174743652,1.179866075515747
random_structured_finetune_0.5,60,62,18,2,64,NonCallBack,188.1431586742401,12874,"[10368, 2048, 320]",0.5872,-12.04446792602539,0.37415409088134766
random_structured_finetune_0.8,60,62,18,2,64,NonCallBack,195.2545154094696,4922,"[3888, 768, 128]",0.2922,-10.51230525970459,0.03317117691040039
random_structured_finetune_0.9,60,62,18,2,64,NonCallBack,184.71614956855774,2530,"[1944, 384, 64]",0.2058,0.5619785785675049,0.00910806655883789
random_structured_finetune_0.95,60,62,18,2,64,NonCallBack,195.59414505958557,1366,"[972, 192, 64]",0.1858,-4.950699806213379,0.006211042404174805
random_structured_nonfinetune_0.3,60,62,18,2,64,NonCallBack,2.0734751224517822,18046,"[14580, 2880, 448]",0.5898,-1.231525182723999,0.040879011154174805
random_structured_nonfinetune_0.5,60,62,18,2,64,NonCallBack,2.0553090572357178,12874,"[10368, 2048, 320]",0.3535,-18.861209869384766,0.16309905052185059
random_structured_nonfinetune_0.8,60,62,18,2,64,NonCallBack,2.001359701156616,4922,"[3888, 768, 128]",0.0987,-5.002518177032471,0.061491966247558594
random_structured_nonfinetune_0.9,60,62,18,2,64,NonCallBack,1.9413182735443115,2530,"[1944, 384, 64]",0.0968,4.524395942687988,
random_structured_nonfinetune_0.95,60,62,18,2,64,NonCallBack,2.005321741104126,1366,"[972, 192, 64]",0.0958,0.5910367965698242,0.0065190792083740234
dense,60,62,18,4,32,NonCallBack,0,13898,"[10368, 1024, 1024, 1024, 320]",0.9566,-25.217918395996094,1.9769270420074463
unstructured_finetune_0.3,60,62,18,4,32,NonCallBack,200.12805366516113,9766,"[7257, 716, 716, 716, 223]",0.9661,-25.42144775390625,24.23767399787903
unstructured_finetune_0.5,60,62,18,4,32,NonCallBack,205.47742438316345,7019,"[5184, 512, 512, 512, 161]",0.964,-14.430231094360352,17.25467801094055
unstructured_finetune_0.8,60,62,18,4,32,NonCallBack,206.4789924621582,2891,"[2074, 205, 205, 205, 64]",0.9536,-20.932903289794922,0.4474198818206787
unstructured_finetune_0.9,60,62,18,4,32,NonCallBack,201.9612958431244,1513,"[1037, 102, 102, 102, 32]",0.9279,-13.221147537231445,0.17493510246276855
unstructured_finetune_0.95,60,62,18,4,32,NonCallBack,207.05237984657288,826,"[519, 51, 51, 51, 16]",0.8488,-8.946920394897461,0.05449390411376953
unstructured_nonfinetune_0.3,60,62,18,4,32,NonCallBack,1.9387640953063965,9766,"[7257, 716, 716, 716, 223]",0.9538,-25.5175724029541,1.5494439601898193
unstructured_nonfinetune_0.5,60,62,18,4,32,NonCallBack,1.8608946800231934,7019,"[5184, 512, 512, 512, 161]",0.9311,-13.924999237060547,0.907264232635498
unstructured_nonfinetune_0.8,60,62,18,4,32,NonCallBack,1.834256887435913,2891,"[2074, 205, 205, 205, 64]",0.1739,-2.928462028503418,16.521159887313843
unstructured_nonfinetune_0.9,60,62,18,4,32,NonCallBack,2.03826642036438,1513,"[1037, 102, 102, 102, 32]",0.1278,-19.939733505249023,0.1666100025177002
unstructured_nonfinetune_0.95,60,62,18,4,32,NonCallBack,1.8667383193969727,826,"[519, 51, 51, 51, 16]",0.0958,-3.098332405090332,0.032656192779541016
structured_finetune_0.3,60,62,18,4,32,NonCallBack,205.66865921020508,9602,"[7128, 704, 704, 704, 224]",0.7714,-7.094307899475098,0.07108402252197266
structured_finetune_0.5,60,62,18,4,32,NonCallBack,201.032897233963,7018,"[5184, 512, 512, 512, 160]",0.5785,4.369747161865234,
structured_finetune_0.8,60,62,18,4,32,NonCallBack,200.66090416908264,3142,"[2268, 224, 224, 224, 64]",0.3017,-2.146904468536377,0.009433984756469727
structured_finetune_0.9,60,62,18,4,32,NonCallBack,201.18766283988953,1430,"[972, 96, 96, 96, 32]",0.1764,-1.402580976486206,0.008072853088378906
structured_finetune_0.95,60,62,18,4,32,NonCallBack,203.1094172000885,1010,"[648, 64, 64, 64, 32]",0.1789,-4.602568626403809,0.006739139556884766
structured_nonfinetune_0.3,60,62,18,4,32,NonCallBack,1.9912328720092773,9602,"[7128, 704, 704, 704, 224]",0.5361,-11.851659774780273,1.073997974395752
structured_nonfinetune_0.5,60,62,18,4,32,NonCallBack,1.9113450050354004,7018,"[5184, 512, 512, 512, 160]",0.3015,-16.46400260925293,10.952916145324707
structured_nonfinetune_0.8,60,62,18,4,32,NonCallBack,1.8766241073608398,3142,"[2268, 224, 224, 224, 64]",0.1075,-3.338146209716797,0.011306047439575195
structured_nonfinetune_0.9,60,62,18,4,32,NonCallBack,1.917285442352295,1430,"[972, 96, 96, 96, 32]",0.0958,-1.2410194873809814,0.00855398178100586
structured_nonfinetune_0.95,60,62,18,4,32,NonCallBack,1.9262855052947998,1010,"[648, 64, 64, 64, 32]",0.0958,-4.307326793670654,0.007796049118041992
random_unstructured_finetune_0.3,60,62,18,4,32,NonCallBack,201.77286529541016,9766,"[7257, 716, 716, 716, 223]",0.9527,-20.011550903320312,1.266057014465332
random_unstructured_finetune_0.5,60,62,18,4,32,NonCallBack,210.86974096298218,7019,"[5184, 512, 512, 512, 161]",0.9244,-13.539477348327637,0.8841829299926758
random_unstructured_finetune_0.8,60,62,18,4,32,NonCallBack,202.38165521621704,2891,"[2074, 205, 205, 205, 64]",0.4831,-18.699535369873047,0.5787210464477539
random_unstructured_finetune_0.9,60,62,18,4,32,NonCallBack,201.81878685951233,1513,"[1037, 102, 102, 102, 32]",0.1135,-0.11863088607788086,0.038645029067993164
random_unstructured_finetune_0.95,60,62,18,4,32,NonCallBack,211.19285488128662,826,"[519, 51, 51, 51, 16]",0.1135,-5.555243968963623,0.023524045944213867
random_unstructured_nonfinetune_0.3,60,62,18,4,32,NonCallBack,2.010451555252075,9766,"[7257, 716, 716, 716, 223]",0.5017,-22.97360610961914,2.4744300842285156
random_unstructured_nonfinetune_0.5,60,62,18,4,32,NonCallBack,1.9569275379180908,7019,"[5184, 512, 512, 512, 161]",0.1863,-12.018693923950195,28.79701018333435
random_unstructured_nonfinetune_0.8,60,62,18,4,32,NonCallBack,2.110905885696411,2891,"[2074, 205, 205, 205, 64]",0.1028,-3.1847567558288574,0.8619699478149414
random_unstructured_nonfinetune_0.9,60,62,18,4,32,NonCallBack,2.046531915664673,1513,"[1037, 102, 102, 102, 32]",0.0958,2.844453811645508,
random_unstructured_nonfinetune_0.95,60,62,18,4,32,NonCallBack,1.9971990585327148,826,"[519, 51, 51, 51, 16]",0.1028,0.7439372539520264,0.027658939361572266
random_structured_finetune_0.3,60,62,18,4,32,NonCallBack,201.69455933570862,9602,"[7128, 704, 704, 704, 224]",0.7604,-16.795167922973633,0.9559659957885742
random_structured_finetune_0.5,60,62,18,4,32,NonCallBack,202.67090106010437,7018,"[5184, 512, 512, 512, 160]",0.5881,-14.468303680419922,0.5754730701446533
random_structured_finetune_0.8,60,62,18,4,32,NonCallBack,203.42625498771667,3142,"[2268, 224, 224, 224, 64]",0.2903,-1.5124189853668213,0.008224010467529297
random_structured_finetune_0.9,60,62,18,4,32,NonCallBack,211.3159122467041,1430,"[972, 96, 96, 96, 32]",0.1135,-5.309055328369141,0.007776975631713867
random_structured_finetune_0.95,60,62,18,4,32,NonCallBack,200.40417551994324,1010,"[648, 64, 64, 64, 32]",0.1135,2.0310428142547607,
random_structured_nonfinetune_0.3,60,62,18,4,32,NonCallBack,2.0822560787200928,9602,"[7128, 704, 704, 704, 224]",0.288,-31.421424865722656,1.2223329544067383
random_structured_nonfinetune_0.5,60,62,18,4,32,NonCallBack,1.995326280593872,7018,"[5184, 512, 512, 512, 160]",0.1289,-5.696654319763184,0.06389594078063965
random_structured_nonfinetune_0.8,60,62,18,4,32,NonCallBack,2.081040620803833,3142,"[2268, 224, 224, 224, 64]",0.0958,-3.999145984649658,0.008738994598388672
random_structured_nonfinetune_0.9,60,62,18,4,32,NonCallBack,1.9773337841033936,1430,"[972, 96, 96, 96, 32]",0.0958,-7.273714065551758,0.0073261260986328125
random_structured_nonfinetune_0.95,60,62,18,4,32,NonCallBack,2.034599542617798,1010,"[648, 64, 64, 64, 32]",0.0958,-4.912304878234863,0.0061130523681640625
dense,60,62,18,4,64,NonCallBack,0,33930,"[20736, 4096, 4096, 4096, 640]",0.9638,-5.8056230545043945,89.96305012702942
unstructured_finetune_0.3,60,62,18,4,64,NonCallBack,202.00678277015686,23830,"[14515, 2867, 2867, 2867, 448]",0.9767,4.214664459228516,
unstructured_finetune_0.5,60,62,18,4,64,NonCallBack,199.77222418785095,17097,"[10368, 2048, 2048, 2048, 319]",0.9758,-11.388570785522461,96.1531810760498
unstructured_finetune_0.8,60,62,18,4,64,NonCallBack,201.9247531890869,7001,"[4147, 820, 820, 820, 128]",0.9712,-20.84316635131836,2.005743980407715
unstructured_finetune_0.9,60,62,18,4,64,NonCallBack,207.3565113544464,3631,"[2074, 409, 409, 409, 64]",0.9611,-15.90390396118164,0.6325628757476807
unstructured_finetune_0.95,60,62,18,4,64,NonCallBack,201.13779592514038,1949,"[1036, 205, 205, 205, 32]",0.9407,-17.811044692993164,0.3928360939025879
unstructured_nonfinetune_0.3,60,62,18,4,64,NonCallBack,1.9923832416534424,23830,"[14515, 2867, 2867, 2867, 448]",0.9629,-27.093109130859375,144.96974205970764
unstructured_nonfinetune_0.5,60,62,18,4,64,NonCallBack,1.9002654552459717,17097,"[10368, 2048, 2048, 2048, 319]",0.9533,-14.520344734191895,105.15582394599915
unstructured_nonfinetune_0.8,60,62,18,4,64,NonCallBack,1.8978841304779053,7001,"[4147, 820, 820, 820, 128]",0.5646,-19.207500457763672,2.5220329761505127
unstructured_nonfinetune_0.9,60,62,18,4,64,NonCallBack,1.8722758293151855,3631,"[2074, 409, 409, 409, 64]",0.129,-8.603878021240234,1.4835572242736816
unstructured_nonfinetune_0.95,60,62,18,4,64,NonCallBack,1.8405961990356445,1949,"[1036, 205, 205, 205, 32]",0.2103,-3.639252185821533,0.5375738143920898
structured_finetune_0.3,60,62,18,4,64,NonCallBack,200.29760313034058,23934,"[14580, 2880, 2880, 2880, 448]",0.7834,-20.24920082092285,208.5988838672638
structured_finetune_0.5,60,62,18,4,64,NonCallBack,199.8913037776947,17098,"[10368, 2048, 2048, 2048, 320]",0.5875,2.18628191947937,
structured_finetune_0.8,60,62,18,4,64,NonCallBack,202.37361311912537,6586,"[3888, 768, 768, 768, 128]",0.305,2.4348337650299072,
structured_finetune_0.9,60,62,18,4,64,NonCallBack,201.16991305351257,3426,"[1944, 384, 384, 384, 64]",0.2085,0.04442000389099121,0.00959014892578125
structured_finetune_0.95,60,62,18,4,64,NonCallBack,200.85647058486938,1878,"[972, 192, 192, 192, 64]",0.2058,0.10413217544555664,0.008363008499145508
structured_nonfinetune_0.3,60,62,18,4,64,NonCallBack,1.8443400859832764,23934,"[14580, 2880, 2880, 2880, 448]",0.6737,-9.73299503326416,4.317506790161133
structured_nonfinetune_0.5,60,62,18,4,64,NonCallBack,1.8713204860687256,17098,"[10368, 2048, 2048, 2048, 320]",0.274,-8.764020919799805,78.61707401275635
structured_nonfinetune_0.8,60,62,18,4,64,NonCallBack,1.9304912090301514,6586,"[3888, 768, 768, 768, 128]",0.1009,-12.874466896057129,7.937687873840332
structured_nonfinetune_0.9,60,62,18,4,64,NonCallBack,1.8415133953094482,3426,"[1944, 384, 384, 384, 64]",0.1135,-10.341207504272461,0.011465072631835938
structured_nonfinetune_0.95,60,62,18,4,64,NonCallBack,1.9059092998504639,1878,"[972, 192, 192, 192, 64]",0.1135,-8.24139404296875,0.008196115493774414
random_unstructured_finetune_0.3,60,62,18,4,64,NonCallBack,201.3769247531891,23830,"[14515, 2867, 2867, 2867, 448]",0.9699,-6.498594760894775,102.93953895568848
random_unstructured_finetune_0.5,60,62,18,4,64,NonCallBack,204.52015447616577,17097,"[10368, 2048, 2048, 2048, 319]",0.9513,-22.84150505065918,3.316848039627075
random_unstructured_finetune_0.8,60,62,18,4,64,NonCallBack,204.37431478500366,7001,"[4147, 820, 820, 820, 128]",0.3706,-14.972576141357422,2.006411075592041
random_unstructured_finetune_0.9,60,62,18,4,64,NonCallBack,212.25873041152954,3631,"[2074, 409, 409, 409, 64]",0.1135,0.009001731872558594,0.3908388614654541
random_unstructured_finetune_0.95,60,62,18,4,64,NonCallBack,203.64200115203857,1949,"[1036, 205, 205, 205, 32]",0.1135,1.964491844177246,
random_unstructured_nonfinetune_0.3,60,62,18,4,64,NonCallBack,2.0964395999908447,23830,"[14515, 2867, 2867, 2867, 448]",0.6963,-15.757514953613281,228.20210194587708
random_unstructured_nonfinetune_0.5,60,62,18,4,64,NonCallBack,2.0595338344573975,17097,"[10368, 2048, 2048, 2048, 319]",0.2644,-14.662874221801758,5.4346091747283936
random_unstructured_nonfinetune_0.8,60,62,18,4,64,NonCallBack,2.0384597778320312,7001,"[4147, 820, 820, 820, 128]",0.0958,3.5129294395446777,
random_unstructured_nonfinetune_0.9,60,62,18,4,64,NonCallBack,2.040064811706543,3631,"[2074, 409, 409, 409, 64]",0.1135,0.08628082275390625,0.63850998878479
random_unstructured_nonfinetune_0.95,60,62,18,4,64,NonCallBack,2.045386791229248,1949,"[1036, 205, 205, 205, 32]",0.1135,-10.79541301727295,0.03038787841796875
random_structured_finetune_0.3,60,62,18,4,64,NonCallBack,204.01286602020264,23934,"[14580, 2880, 2880, 2880, 448]",0.7787,-18.24530029296875,45.63682508468628
random_structured_finetune_0.5,60,62,18,4,64,NonCallBack,210.45234870910645,17098,"[10368, 2048, 2048, 2048, 320]",0.5858,-24.85306167602539,2.3468751907348633
random_structured_finetune_0.8,60,62,18,4,64,NonCallBack,211.6103003025055,6586,"[3888, 768, 768, 768, 128]",0.2988,-0.5451980829238892,0.03574800491333008
random_structured_finetune_0.9,60,62,18,4,64,NonCallBack,204.83819937705994,3426,"[1944, 384, 384, 384, 64]",0.1135,-0.0051724910736083984,0.012187004089355469
random_structured_finetune_0.95,60,62,18,4,64,NonCallBack,202.97295451164246,1878,"[972, 192, 192, 192, 64]",0.1135,-4.091255187988281,0.008871078491210938
random_structured_nonfinetune_0.3,60,62,18,4,64,NonCallBack,2.070966958999634,23934,"[14580, 2880, 2880, 2880, 448]",0.4401,1.3315232992172241,
random_structured_nonfinetune_0.5,60,62,18,4,64,NonCallBack,2.071422576904297,17098,"[10368, 2048, 2048, 2048, 320]",0.1496,-3.938176155090332,126.99772500991821
random_structured_nonfinetune_0.8,60,62,18,4,64,NonCallBack,2.020252227783203,6586,"[3888, 768, 768, 768, 128]",0.1135,-13.040658950805664,0.01668095588684082
random_structured_nonfinetune_0.9,60,62,18,4,64,NonCallBack,2.096198320388794,3426,"[1944, 384, 384, 384, 64]",0.1135,-10.068546295166016,0.011409997940063477
random_structured_nonfinetune_0.95,60,62,18,4,64,NonCallBack,2.0119400024414062,1878,"[972, 192, 192, 192, 64]",0.1135,-7.095043182373047,0.007673978805541992
dense,70,72,28,2,32,NonCallBack,0,26506,"[25088, 1024, 320]",0.9546,-18.058094024658203,1.2634940147399902
unstructured_finetune_0.3,70,72,28,2,32,NonCallBack,180.12246298789978,18574,"[17561, 716, 223]",0.9659,-17.889034271240234,0.9757628440856934
unstructured_finetune_0.5,70,72,28,2,32,NonCallBack,178.52514457702637,13291,"[12544, 512, 161]",0.9649,-17.434650421142578,0.6691539287567139
unstructured_finetune_0.8,70,72,28,2,32,NonCallBack,179.58717322349548,5361,"[5018, 205, 64]",0.9553,-13.652881622314453,0.23120498657226562
unstructured_finetune_0.9,70,72,28,2,32,NonCallBack,183.74893879890442,2717,"[2509, 102, 32]",0.9345,-11.826862335205078,0.12572908401489258
unstructured_finetune_0.95,70,72,28,2,32,NonCallBack,179.08101534843445,1396,"[1255, 51, 16]",0.8833,-10.469679832458496,0.029955148696899414
unstructured_nonfinetune_0.3,70,72,28,2,32,NonCallBack,1.7646222114562988,18574,"[17561, 716, 223]",0.9534,-17.96665382385254,0.7911391258239746
unstructured_nonfinetune_0.5,70,72,28,2,32,NonCallBack,1.768479347229004,13291,"[12544, 512, 161]",0.895,-18.44686508178711,0.6460480690002441
unstructured_nonfinetune_0.8,70,72,28,2,32,NonCallBack,1.8680527210235596,5361,"[5018, 205, 64]",0.4683,-12.234533309936523,0.12661504745483398
unstructured_nonfinetune_0.9,70,72,28,2,32,NonCallBack,1.879849910736084,2717,"[2509, 102, 32]",0.2454,-11.67451000213623,0.058747053146362305
unstructured_nonfinetune_0.95,70,72,28,2,32,NonCallBack,1.7975406646728516,1396,"[1255, 51, 16]",0.1221,-1.8252322673797607,0.047894954681396484
structured_finetune_0.3,70,72,28,2,32,NonCallBack,178.42815589904785,18250,"[17248, 704, 224]",0.7687,5.516085147857666,
structured_finetune_0.5,70,72,28,2,32,NonCallBack,178.91872882843018,13290,"[12544, 512, 160]",0.5855,4.4126129150390625,
structured_finetune_0.8,70,72,28,2,32,NonCallBack,184.6953661441803,5850,"[5488, 224, 64]",0.304,3.8506240844726562,
structured_finetune_0.9,70,72,28,2,32,NonCallBack,178.6998167037964,2554,"[2352, 96, 32]",0.1992,6.548583984375,
structured_finetune_0.95,70,72,28,2,32,NonCallBack,179.94953989982605,1738,"[1568, 64, 32]",0.2051,8.352432250976562,
structured_nonfinetune_0.3,70,72,28,2,32,NonCallBack,1.8269472122192383,18250,"[17248, 704, 224]",0.6869,-13.680554389953613,0.6603620052337646
structured_nonfinetune_0.5,70,72,28,2,32,NonCallBack,1.8698866367340088,13290,"[12544, 512, 160]",0.3701,-18.97542381286621,0.5104389190673828
structured_nonfinetune_0.8,70,72,28,2,32,NonCallBack,1.782243251800537,5850,"[5488, 224, 64]",0.1613,1.7811235189437866,
structured_nonfinetune_0.9,70,72,28,2,32,NonCallBack,1.8147358894348145,2554,"[2352, 96, 32]",0.0892,0.368319034576416,0.010857820510864258
structured_nonfinetune_0.95,70,72,28,2,32,NonCallBack,1.8226361274719238,1738,"[1568, 64, 32]",0.0892,1.2828975915908813,
random_unstructured_finetune_0.3,70,72,28,2,32,NonCallBack,181.92873311042786,18574,"[17561, 716, 223]",0.9551,-15.73676872253418,0.701984167098999
random_unstructured_finetune_0.5,70,72,28,2,32,NonCallBack,194.2472939491272,13291,"[12544, 512, 161]",0.9384,-12.987226486206055,0.6497421264648438
random_unstructured_finetune_0.8,70,72,28,2,32,NonCallBack,183.89026069641113,5361,"[5018, 205, 64]",0.8682,-11.13266372680664,0.16664409637451172
random_unstructured_finetune_0.9,70,72,28,2,32,NonCallBack,180.74725818634033,2717,"[2509, 102, 32]",0.5707,-1.256075143814087,0.07809805870056152
random_unstructured_finetune_0.95,70,72,28,2,32,NonCallBack,194.80357837677002,1396,"[1255, 51, 16]",0.2144,1.54903244972229,
random_unstructured_nonfinetune_0.3,70,72,28,2,32,NonCallBack,2.083280086517334,18574,"[17561, 716, 223]",0.5095,-16.16238784790039,0.8011658191680908
random_unstructured_nonfinetune_0.5,70,72,28,2,32,NonCallBack,1.9976718425750732,13291,"[12544, 512, 161]",0.3432,-13.591236114501953,0.7457468509674072
random_unstructured_nonfinetune_0.8,70,72,28,2,32,NonCallBack,1.9343860149383545,5361,"[5018, 205, 64]",0.1521,-16.066259384155273,0.3586418628692627
random_unstructured_nonfinetune_0.9,70,72,28,2,32,NonCallBack,2.0298802852630615,2717,"[2509, 102, 32]",0.0892,6.306084632873535,
random_unstructured_nonfinetune_0.95,70,72,28,2,32,NonCallBack,2.050785541534424,1396,"[1255, 51, 16]",0.0879,11.072578430175781,
random_structured_finetune_0.3,70,72,28,2,32,NonCallBack,181.5907108783722,18250,"[17248, 704, 224]",0.7625,-13.704167366027832,7.364355087280273
random_structured_finetune_0.5,70,72,28,2,32,NonCallBack,193.94931316375732,13290,"[12544, 512, 160]",0.5676,-11.037490844726562,0.49165916442871094
random_structured_finetune_0.8,70,72,28,2,32,NonCallBack,180.76015257835388,5850,"[5488, 224, 64]",0.2864,3.078725814819336,
random_structured_finetune_0.9,70,72,28,2,32,NonCallBack,181.18600606918335,2554,"[2352, 96, 32]",0.1915,6.336359024047852,
random_structured_finetune_0.95,70,72,28,2,32,NonCallBack,182.16524195671082,1738,"[1568, 64, 32]",0.2094,1.4250750541687012,
random_structured_nonfinetune_0.3,70,72,28,2,32,NonCallBack,2.064293384552002,18250,"[17248, 704, 224]",0.6427,-23.371599197387695,0.7215890884399414
random_structured_nonfinetune_0.5,70,72,28,2,32,NonCallBack,2.0030903816223145,13290,"[12544, 512, 160]",0.2257,-6.894412994384766,8.10498309135437
random_structured_nonfinetune_0.8,70,72,28,2,32,NonCallBack,2.0244884490966797,5850,"[5488, 224, 64]",0.0893,0.5177706480026245,0.01431894302368164
random_structured_nonfinetune_0.9,70,72,28,2,32,NonCallBack,2.0851590633392334,2554,"[2352, 96, 32]",0.0892,3.371424674987793,
random_structured_nonfinetune_0.95,70,72,28,2,32,NonCallBack,2.002042293548584,1738,"[1568, 64, 32]",0.0862,7.675558567047119,
dense,70,72,28,2,64,NonCallBack,0,55049,"[50175, 4096, 640]",0.9685,-14.762194633483887,54.48390603065491
unstructured_finetune_0.3,70,72,28,2,64,NonCallBack,179.43242979049683,38576,"[35123, 2867, 448]",0.9765,-16.334758758544922,44.25179100036621
unstructured_finetune_0.5,70,72,28,2,64,NonCallBack,179.87235808372498,27593,"[25088, 2048, 319]",0.9754,-16.208858489990234,1.8001279830932617
unstructured_finetune_0.8,70,72,28,2,64,NonCallBack,179.57537722587585,11121,"[10035, 820, 128]",0.9683,-20.669422149658203,0.8895890712738037
unstructured_finetune_0.9,70,72,28,2,64,NonCallBack,180.56799173355103,5628,"[5017, 409, 64]",0.9562,-11.94561767578125,0.2797660827636719
unstructured_finetune_0.95,70,72,28,2,64,NonCallBack,179.91651010513306,2884,"[2509, 205, 32]",0.9304,-13.471424102783203,0.05801510810852051
unstructured_nonfinetune_0.3,70,72,28,2,64,NonCallBack,1.9091601371765137,38576,"[35123, 2867, 448]",0.9661,-14.270994186401367,0.5513961315155029
unstructured_nonfinetune_0.5,70,72,28,2,64,NonCallBack,1.90682053565979,27593,"[25088, 2048, 319]",0.9628,-14.342226028442383,2.240238904953003
unstructured_nonfinetune_0.8,70,72,28,2,64,NonCallBack,1.8232691287994385,11121,"[10035, 820, 128]",0.6797,-10.552189826965332,0.7228472232818604
unstructured_nonfinetune_0.9,70,72,28,2,64,NonCallBack,1.80220365524292,5628,"[5017, 409, 64]",0.5224,-12.340864181518555,0.35698604583740234
unstructured_nonfinetune_0.95,70,72,28,2,64,NonCallBack,1.801269769668579,2884,"[2509, 205, 32]",0.3667,1.795769214630127,
structured_finetune_0.3,70,72,28,2,64,NonCallBack,179.16848635673523,38745,"[35279, 2880, 448]",0.7809,-14.671830177307129,2.814988136291504
structured_finetune_0.5,70,72,28,2,64,NonCallBack,179.47703051567078,27593,"[25087, 2048, 320]",0.5789,-15.121753692626953,9.138175010681152
structured_finetune_0.8,70,72,28,2,64,NonCallBack,180.7821981906891,10441,"[9407, 768, 128]",0.2928,3.619720458984375,
structured_finetune_0.9,70,72,28,2,64,NonCallBack,179.1934003829956,5290,"[4704, 384, 64]",0.1984,1.1542553901672363,
structured_finetune_0.95,70,72,28,2,64,NonCallBack,179.56360626220703,2746,"[2352, 192, 64]",0.2052,4.226140975952148,
structured_nonfinetune_0.3,70,72,28,2,64,NonCallBack,1.8674962520599365,38745,"[35279, 2880, 448]",0.6217,-14.572243690490723,12.37324595451355
structured_nonfinetune_0.5,70,72,28,2,64,NonCallBack,1.8284249305725098,27593,"[25087, 2048, 320]",0.4606,-12.080421447753906,27.18998694419861
structured_nonfinetune_0.8,70,72,28,2,64,NonCallBack,1.8153765201568604,10441,"[9407, 768, 128]",0.1612,5.960701942443848,
structured_nonfinetune_0.9,70,72,28,2,64,NonCallBack,1.8872277736663818,5290,"[4704, 384, 64]",0.0906,-7.319496154785156,0.04171609878540039
structured_nonfinetune_0.95,70,72,28,2,64,NonCallBack,1.7574162483215332,2746,"[2352, 192, 64]",0.0892,-0.4550328254699707,0.01095890998840332
random_unstructured_finetune_0.3,70,72,28,2,64,NonCallBack,189.44972276687622,38575,"[35122, 2867, 448]",0.966,-20.162612915039062,27.89776587486267
random_unstructured_finetune_0.5,70,72,28,2,64,NonCallBack,182.6137444972992,27593,"[25088, 2048, 319]",0.9548,-12.660409927368164,1.5135879516601562
random_unstructured_finetune_0.8,70,72,28,2,64,NonCallBack,183.59148383140564,11121,"[10035, 820, 128]",0.886,-8.991342544555664,0.48238611221313477
random_unstructured_finetune_0.9,70,72,28,2,64,NonCallBack,183.23736429214478,5628,"[5017, 409, 64]",0.7233,-3.6050925254821777,0.3749871253967285
random_unstructured_finetune_0.95,70,72,28,2,64,NonCallBack,194.57583260536194,2884,"[2509, 205, 32]",0.3399,-3.0379714965820312,0.0750129222869873
random_unstructured_nonfinetune_0.3,70,72,28,2,64,NonCallBack,1.9550752639770508,38575,"[35122, 2867, 448]",0.8801,-20.720966339111328,3.6976850032806396
random_unstructured_nonfinetune_0.5,70,72,28,2,64,NonCallBack,2.0468735694885254,27593,"[25088, 2048, 319]",0.649,-17.75282096862793,1.8762938976287842
random_unstructured_nonfinetune_0.8,70,72,28,2,64,NonCallBack,2.033926010131836,11121,"[10035, 820, 128]",0.1658,-5.123589515686035,1.9939591884613037
random_unstructured_nonfinetune_0.9,70,72,28,2,64,NonCallBack,2.006136655807495,5628,"[5017, 409, 64]",0.1179,-4.34352970123291,0.2489609718322754
random_unstructured_nonfinetune_0.95,70,72,28,2,64,NonCallBack,1.9376587867736816,2884,"[2509, 205, 32]",0.0974,3.6449294090270996,
random_structured_finetune_0.3,70,72,28,2,64,NonCallBack,182.6950912475586,38745,"[35279, 2880, 448]",0.7716,-12.73602294921875,46.398184061050415
random_structured_finetune_0.5,70,72,28,2,64,NonCallBack,182.19688510894775,27593,"[25087, 2048, 320]",0.5752,-13.24031925201416,21.717451810836792
random_structured_finetune_0.8,70,72,28,2,64,NonCallBack,182.20224475860596,10442,"[9408, 768, 128]",0.3033,7.710651397705078,
random_structured_finetune_0.9,70,72,28,2,64,NonCallBack,192.21205019950867,5290,"[4704, 384, 64]",0.2099,6.288334846496582,
random_structured_finetune_0.95,70,72,28,2,64,NonCallBack,193.94155311584473,2746,"[2352, 192, 64]",0.2095,3.049480676651001,
random_structured_nonfinetune_0.3,70,72,28,2,64,NonCallBack,2.054715633392334,38746,"[35280, 2880, 448]",0.5803,-8.061341285705566,45.4120979309082
random_structured_nonfinetune_0.5,70,72,28,2,64,NonCallBack,2.059191942214966,27593,"[25087, 2048, 320]",0.3795,-16.9405574798584,1.4654150009155273
random_structured_nonfinetune_0.8,70,72,28,2,64,NonCallBack,2.112797737121582,10442,"[9408, 768, 128]",0.1077,0.5312978029251099,0.023244857788085938
random_structured_nonfinetune_0.9,70,72,28,2,64,NonCallBack,1.9749574661254883,5290,"[4704, 384, 64]",0.0954,-12.225330352783203,0.023045063018798828
random_structured_nonfinetune_0.95,70,72,28,2,64,NonCallBack,2.0022454261779785,2746,"[2352, 192, 64]",0.0892,-2.1834499835968018,0.07741713523864746
dense,70,72,28,4,32,NonCallBack,0,28618,"[25088, 1024, 1024, 1024, 320]",0.9472,-15.277986526489258,2.155647039413452
unstructured_finetune_0.3,70,72,28,4,32,NonCallBack,207.31241464614868,20070,"[17561, 716, 716, 716, 223]",0.9649,-15.573738098144531,48.132575035095215
unstructured_finetune_0.5,70,72,28,4,32,NonCallBack,200.67564749717712,14379,"[12544, 512, 512, 512, 161]",0.9636,-18.131059646606445,32.715851068496704
unstructured_finetune_0.8,70,72,28,4,32,NonCallBack,201.38612747192383,5835,"[5018, 205, 205, 205, 64]",0.9569,-11.44846248626709,17.436836004257202
unstructured_finetune_0.9,70,72,28,4,32,NonCallBack,204.63148951530457,2985,"[2509, 102, 102, 102, 32]",0.9424,-11.797890663146973,0.4191708564758301
unstructured_finetune_0.95,70,72,28,4,32,NonCallBack,200.1191086769104,1562,"[1255, 51, 51, 51, 16]",0.7864,-5.050797939300537,0.16694402694702148
unstructured_nonfinetune_0.3,70,72,28,4,32,NonCallBack,1.834472417831421,20070,"[17561, 716, 716, 716, 223]",0.9453,-14.832914352416992,2.107030153274536
unstructured_nonfinetune_0.5,70,72,28,4,32,NonCallBack,1.7994282245635986,14379,"[12544, 512, 512, 512, 161]",0.884,-14.918383598327637,1.4862439632415771
unstructured_nonfinetune_0.8,70,72,28,4,32,NonCallBack,1.7807583808898926,5835,"[5018, 205, 205, 205, 64]",0.2477,-18.589174270629883,0.7992489337921143
unstructured_nonfinetune_0.9,70,72,28,4,32,NonCallBack,1.8493447303771973,2985,"[2509, 102, 102, 102, 32]",0.1683,-5.033654689788818,0.40891599655151367
unstructured_nonfinetune_0.95,70,72,28,4,32,NonCallBack,1.9104886054992676,1562,"[1255, 51, 51, 51, 16]",0.0892,-6.098804473876953,0.060418128967285156
structured_finetune_0.3,70,72,28,4,32,NonCallBack,202.53719234466553,19722,"[17248, 704, 704, 704, 224]",0.7673,-14.109556198120117,31.31952691078186
structured_finetune_0.5,70,72,28,4,32,NonCallBack,200.00873804092407,14378,"[12544, 512, 512, 512, 160]",0.5805,-9.683513641357422,39.97998809814453
structured_finetune_0.8,70,72,28,4,32,NonCallBack,201.80628395080566,6362,"[5488, 224, 224, 224, 64]",0.3025,-0.08066606521606445,0.018580913543701172
structured_finetune_0.9,70,72,28,4,32,NonCallBack,198.59078431129456,2810,"[2352, 96, 96, 96, 32]",0.207,3.437582015991211,
structured_finetune_0.95,70,72,28,4,32,NonCallBack,199.1755349636078,1930,"[1568, 64, 64, 64, 32]",0.2063,1.9094786643981934,
structured_nonfinetune_0.3,70,72,28,4,32,NonCallBack,1.7858009338378906,19722,"[17248, 704, 704, 704, 224]",0.5364,-16.525901794433594,62.16214990615845
structured_nonfinetune_0.5,70,72,28,4,32,NonCallBack,1.8609189987182617,14378,"[12544, 512, 512, 512, 160]",0.2715,-14.599493026733398,25.86025595664978
structured_nonfinetune_0.8,70,72,28,4,32,NonCallBack,1.8705353736877441,6362,"[5488, 224, 224, 224, 64]",0.1006,-5.435731887817383,4.324574947357178
structured_nonfinetune_0.9,70,72,28,4,32,NonCallBack,1.9142556190490723,2810,"[2352, 96, 96, 96, 32]",0.1009,-6.824551582336426,0.016622066497802734
structured_nonfinetune_0.95,70,72,28,4,32,NonCallBack,1.8983991146087646,1930,"[1568, 64, 64, 64, 32]",0.1009,-6.886358261108398,0.010873079299926758
random_unstructured_finetune_0.3,70,72,28,4,32,NonCallBack,203.82829356193542,20070,"[17561, 716, 716, 716, 223]",0.9573,-9.878105163574219,19.702208995819092
random_unstructured_finetune_0.5,70,72,28,4,32,NonCallBack,202.04984283447266,14379,"[12544, 512, 512, 512, 161]",0.9425,-7.852997779846191,51.461106061935425
random_unstructured_finetune_0.8,70,72,28,4,32,NonCallBack,204.13581037521362,5835,"[5018, 205, 205, 205, 64]",0.3913,-6.384574890136719,0.7355959415435791
random_unstructured_finetune_0.9,70,72,28,4,32,NonCallBack,209.17883229255676,2985,"[2509, 102, 102, 102, 32]",0.1135,5.609676837921143,
random_unstructured_finetune_0.95,70,72,28,4,32,NonCallBack,200.9792447090149,1562,"[1255, 51, 51, 51, 16]",0.1135,2.5997986793518066,
random_unstructured_nonfinetune_0.3,70,72,28,4,32,NonCallBack,2.387657642364502,20070,"[17561, 716, 716, 716, 223]",0.4858,-2.4954476356506348,182.79027891159058
random_unstructured_nonfinetune_0.5,70,72,28,4,32,NonCallBack,2.313443899154663,14379,"[12544, 512, 512, 512, 161]",0.1841,-1.2485260963439941,2.1001341342926025
random_unstructured_nonfinetune_0.8,70,72,28,4,32,NonCallBack,1.9743571281433105,5835,"[5018, 205, 205, 205, 64]",0.0982,-3.184941291809082,1.6854138374328613
random_unstructured_nonfinetune_0.9,70,72,28,4,32,NonCallBack,1.949784755706787,2985,"[2509, 102, 102, 102, 32]",0.0988,-2.375755786895752,0.1002202033996582
random_unstructured_nonfinetune_0.95,70,72,28,4,32,NonCallBack,2.0068438053131104,1562,"[1255, 51, 51, 51, 16]",0.0982,-1.3416576385498047,0.02620697021484375
random_structured_finetune_0.3,70,72,28,4,32,NonCallBack,200.09198379516602,19722,"[17248, 704, 704, 704, 224]",0.7579,-9.204999923706055,38.491267919540405
random_structured_finetune_0.5,70,72,28,4,32,NonCallBack,202.97068762779236,14378,"[12544, 512, 512, 512, 160]",0.5778,8.054342269897461,
random_structured_finetune_0.8,70,72,28,4,32,NonCallBack,201.3400535583496,6362,"[5488, 224, 224, 224, 64]",0.3077,-2.6724905967712402,0.3160400390625
random_structured_finetune_0.9,70,72,28,4,32,NonCallBack,198.3422966003418,2810,"[2352, 96, 96, 96, 32]",0.1135,1.1340335607528687,
random_structured_finetune_0.95,70,72,28,4,32,NonCallBack,202.1120104789734,1930,"[1568, 64, 64, 64, 32]",0.1135,7.559384822845459,
random_structured_nonfinetune_0.3,70,72,28,4,32,NonCallBack,2.2041852474212646,19722,"[17248, 704, 704, 704, 224]",0.3707,-5.477917194366455,20.710808992385864
random_structured_nonfinetune_0.5,70,72,28,4,32,NonCallBack,2.2416725158691406,14378,"[12544, 512, 512, 512, 160]",0.1011,-6.6471686363220215,51.36294484138489
random_structured_nonfinetune_0.8,70,72,28,4,32,NonCallBack,2.369058132171631,6362,"[5488, 224, 224, 224, 64]",0.0982,-1.576568603515625,0.016377925872802734
random_structured_nonfinetune_0.9,70,72,28,4,32,NonCallBack,2.08503794670105,2810,"[2352, 96, 96, 96, 32]",0.0982,-1.2215654850006104,0.011641979217529297
random_structured_nonfinetune_0.95,70,72,28,4,32,NonCallBack,1.9906604290008545,1930,"[1568, 64, 64, 64, 32]",0.0982,-5.447439193725586,0.010978937149047852
dense,70,72,28,4,64,NonCallBack,0,63369,"[50175, 4096, 4096, 4096, 640]",0.9593,-1.163639783859253,263.6635220050812
unstructured_finetune_0.3,70,72,28,4,64,NonCallBack,202.24701976776123,44438,"[35123, 2867, 2867, 2867, 448]",0.9785,1.2236956357955933,
unstructured_finetune_0.5,70,72,28,4,64,NonCallBack,200.96969532966614,31817,"[25088, 2048, 2048, 2048, 319]",0.9786,-1.1896228790283203,4.133896827697754
unstructured_finetune_0.8,70,72,28,4,64,NonCallBack,199.80529594421387,12889,"[10035, 820, 820, 820, 128]",0.9728,-9.22158432006836,178.62966918945312
unstructured_finetune_0.9,70,72,28,4,64,NonCallBack,202.51444840431213,6574,"[5017, 409, 409, 409, 64]",0.9611,-7.960214614868164,35.770164012908936
unstructured_finetune_0.95,70,72,28,4,64,NonCallBack,202.02951169013977,3422,"[2509, 205, 205, 205, 32]",0.946,-8.81728458404541,0.5471758842468262
unstructured_nonfinetune_0.3,70,72,28,4,64,NonCallBack,1.9033548831939697,44438,"[35123, 2867, 2867, 2867, 448]",0.9558,-7.016388893127441,87.98209691047668
unstructured_nonfinetune_0.5,70,72,28,4,64,NonCallBack,1.8321657180786133,31817,"[25088, 2048, 2048, 2048, 319]",0.9444,-0.4934196472167969,82.82310795783997
unstructured_nonfinetune_0.8,70,72,28,4,64,NonCallBack,1.7983016967773438,12889,"[10035, 820, 820, 820, 128]",0.7784,-11.324437141418457,2.6372289657592773
unstructured_nonfinetune_0.9,70,72,28,4,64,NonCallBack,1.834261417388916,6574,"[5017, 409, 409, 409, 64]",0.5302,-5.888821601867676,1.7439510822296143
unstructured_nonfinetune_0.95,70,72,28,4,64,NonCallBack,1.8669579029083252,3422,"[2509, 205, 205, 205, 32]",0.2976,-0.8109380006790161,1.0494089126586914
structured_finetune_0.3,70,72,28,4,64,NonCallBack,199.82544231414795,44633,"[35279, 2880, 2880, 2880, 448]",0.783,-1.1687695980072021,5.551435947418213
structured_finetune_0.5,70,72,28,4,64,NonCallBack,201.01386666297913,31817,"[25087, 2048, 2048, 2048, 320]",0.5821,-9.154455184936523,130.10083317756653
structured_finetune_0.8,70,72,28,4,64,NonCallBack,201.21850395202637,12105,"[9407, 768, 768, 768, 128]",0.2883,-7.714255332946777,0.023901939392089844
structured_finetune_0.9,70,72,28,4,64,NonCallBack,201.51373672485352,6186,"[4704, 384, 384, 384, 64]",0.183,0.19141268730163574,0.015666961669921875
structured_finetune_0.95,70,72,28,4,64,NonCallBack,201.5491921901703,3258,"[2352, 192, 192, 192, 64]",0.1832,4.127862453460693,
structured_nonfinetune_0.3,70,72,28,4,64,NonCallBack,1.8764429092407227,44633,"[35279, 2880, 2880, 2880, 448]",0.6347,-10.962138175964355,4.305449962615967
structured_nonfinetune_0.5,70,72,28,4,64,NonCallBack,1.9224047660827637,31817,"[25087, 2048, 2048, 2048, 320]",0.3467,-13.262714385986328,0.05501103401184082
structured_nonfinetune_0.8,70,72,28,4,64,NonCallBack,1.8640403747558594,12105,"[9407, 768, 768, 768, 128]",0.1199,-7.046135902404785,0.02831101417541504
structured_nonfinetune_0.9,70,72,28,4,64,NonCallBack,1.8318853378295898,6186,"[4704, 384, 384, 384, 64]",0.0967,0.5652138590812683,0.017292022705078125
structured_nonfinetune_0.95,70,72,28,4,64,NonCallBack,1.8178887367248535,3258,"[2352, 192, 192, 192, 64]",0.089,-2.375825881958008,0.016160011291503906
random_unstructured_finetune_0.3,70,72,28,4,64,NonCallBack,204.66105961799622,44438,"[35123, 2867, 2867, 2867, 448]",0.9743,-8.306849479675293,151.67980289459229
random_unstructured_finetune_0.5,70,72,28,4,64,NonCallBack,209.89777278900146,31817,"[25088, 2048, 2048, 2048, 319]",0.9607,4.629060745239258,
random_unstructured_finetune_0.8,70,72,28,4,64,NonCallBack,200.89909482002258,12889,"[10035, 820, 820, 820, 128]",0.4045,-0.9813568592071533,182.34090495109558
random_unstructured_finetune_0.9,70,72,28,4,64,NonCallBack,200.95692086219788,6574,"[5017, 409, 409, 409, 64]",0.1135,0.027906417846679688,1.2323391437530518
random_unstructured_finetune_0.95,70,72,28,4,64,NonCallBack,203.9565625190735,3422,"[2509, 205, 205, 205, 32]",0.1135,-2.411501407623291,0.12049603462219238
random_unstructured_nonfinetune_0.3,70,72,28,4,64,NonCallBack,1.9937560558319092,44438,"[35123, 2867, 2867, 2867, 448]",0.6102,1.9295008182525635,
random_unstructured_nonfinetune_0.5,70,72,28,4,64,NonCallBack,1.9688606262207031,31817,"[25088, 2048, 2048, 2048, 319]",0.5357,0.33433830738067627,94.36875605583191
random_unstructured_nonfinetune_0.8,70,72,28,4,64,NonCallBack,2.0754458904266357,12889,"[10035, 820, 820, 820, 128]",0.1391,-4.7763752937316895,116.21346592903137
random_unstructured_nonfinetune_0.9,70,72,28,4,64,NonCallBack,2.0128889083862305,6574,"[5017, 409, 409, 409, 64]",0.0974,-0.42278218269348145,1.836414098739624
random_unstructured_nonfinetune_0.95,70,72,28,4,64,NonCallBack,2.0079619884490967,3422,"[2509, 205, 205, 205, 32]",0.1028,-1.4936716556549072,0.1826951503753662
random_structured_finetune_0.3,70,72,28,4,64,NonCallBack,206.2666778564453,44633,"[35279, 2880, 2880, 2880, 448]",0.7866,-0.7108055353164673,3.720618963241577
random_structured_finetune_0.5,70,72,28,4,64,NonCallBack,210.17839884757996,31818,"[25088, 2048, 2048, 2048, 320]",0.5931,5.383396148681641,
random_structured_finetune_0.8,70,72,28,4,64,NonCallBack,208.13109397888184,12106,"[9408, 768, 768, 768, 128]",0.3048,1.4571261405944824,
random_structured_finetune_0.9,70,72,28,4,64,NonCallBack,201.3842897415161,6186,"[4704, 384, 384, 384, 64]",0.1135,6.209443092346191,
random_structured_finetune_0.95,70,72,28,4,64,NonCallBack,209.79055547714233,3258,"[2352, 192, 192, 192, 64]",0.1135,5.352622032165527,
random_structured_nonfinetune_0.3,70,72,28,4,64,NonCallBack,1.9987561702728271,44633,"[35279, 2880, 2880, 2880, 448]",0.3957,-1.9647986888885498,73.20008111000061
random_structured_nonfinetune_0.5,70,72,28,4,64,NonCallBack,1.9622244834899902,31818,"[25088, 2048, 2048, 2048, 320]",0.4161,-2.8394360542297363,3.093903064727783
random_structured_nonfinetune_0.8,70,72,28,4,64,NonCallBack,2.1997287273406982,12106,"[9408, 768, 768, 768, 128]",0.0892,2.0894031524658203,
random_structured_nonfinetune_0.9,70,72,28,4,64,NonCallBack,1.9838855266571045,6186,"[4704, 384, 384, 384, 64]",0.0892,-2.092733383178711,0.023871183395385742
random_structured_nonfinetune_0.95,70,72,28,4,64,NonCallBack,2.027059316635132,3258,"[2352, 192, 192, 192, 64]",0.0892,-3.35060453414917,0.015300989151000977
dense,70,72,18,2,32,NonCallBack,0,11786,"[10368, 1024, 320]",0.959,-23.832176208496094,0.4699687957763672
unstructured_finetune_0.3,70,72,18,2,32,NonCallBack,181.86336851119995,8270,"[7257, 716, 223]",0.9631,-24.003232955932617,0.3046717643737793
unstructured_finetune_0.5,70,72,18,2,32,NonCallBack,181.6269407272339,5931,"[5184, 512, 161]",0.9627,-14.762489318847656,0.26367998123168945
unstructured_finetune_0.8,70,72,18,2,32,NonCallBack,179.96346735954285,2417,"[2074, 205, 64]",0.9495,-10.84740161895752,0.10564494132995605
unstructured_finetune_0.9,70,72,18,2,32,NonCallBack,186.7731807231903,1245,"[1037, 102, 32]",0.9,-7.670143127441406,0.03860807418823242
unstructured_finetune_0.95,70,72,18,2,32,NonCallBack,181.1435558795929,660,"[519, 51, 16]",0.8446,0.04515647888183594,0.03044891357421875
unstructured_nonfinetune_0.3,70,72,18,2,32,NonCallBack,1.9230544567108154,8270,"[7257, 716, 223]",0.9538,-23.766775131225586,0.3672499656677246
unstructured_nonfinetune_0.5,70,72,18,2,32,NonCallBack,1.8375599384307861,5931,"[5184, 512, 161]",0.929,-14.287596702575684,0.27621984481811523
unstructured_nonfinetune_0.8,70,72,18,2,32,NonCallBack,1.8335163593292236,2417,"[2074, 205, 64]",0.6245,-16.849292755126953,0.07149600982666016
unstructured_nonfinetune_0.9,70,72,18,2,32,NonCallBack,1.9160916805267334,1245,"[1037, 102, 32]",0.3177,-4.108974456787109,0.03732490539550781
unstructured_nonfinetune_0.95,70,72,18,2,32,NonCallBack,1.919142246246338,660,"[519, 51, 16]",0.0922,-5.181671142578125,0.018954992294311523
structured_finetune_0.3,70,72,18,2,32,NonCallBack,186.24311995506287,8130,"[7128, 704, 224]",0.7606,-21.658954620361328,0.30092883110046387
structured_finetune_0.5,70,72,18,2,32,NonCallBack,182.26426815986633,5930,"[5184, 512, 160]",0.573,-15.533721923828125,0.07649803161621094
structured_finetune_0.8,70,72,18,2,32,NonCallBack,180.9073781967163,2630,"[2268, 224, 64]",0.3058,0.3588426113128662,0.00843501091003418
structured_finetune_0.9,70,72,18,2,32,NonCallBack,188.54681992530823,1174,"[972, 96, 32]",0.2075,3.1225473880767822,
structured_finetune_0.95,70,72,18,2,32,NonCallBack,181.2395782470703,818,"[648, 64, 32]",0.208,6.552393913269043,
structured_nonfinetune_0.3,70,72,18,2,32,NonCallBack,1.8963942527770996,8130,"[7128, 704, 224]",0.5651,-22.57107162475586,0.07520508766174316
structured_nonfinetune_0.5,70,72,18,2,32,NonCallBack,1.8383617401123047,5930,"[5184, 512, 160]",0.2906,-17.66568374633789,0.013200044631958008
structured_nonfinetune_0.8,70,72,18,2,32,NonCallBack,1.9607679843902588,2630,"[2268, 224, 64]",0.1515,-10.822691917419434,0.020889997482299805
structured_nonfinetune_0.9,70,72,18,2,32,NonCallBack,1.9879655838012695,1174,"[972, 96, 32]",0.0995,-4.647952556610107,0.005563020706176758
structured_nonfinetune_0.95,70,72,18,2,32,NonCallBack,1.9648890495300293,818,"[648, 64, 32]",0.1156,-18.79084014892578,0.009030818939208984
random_unstructured_finetune_0.3,70,72,18,2,32,NonCallBack,183.43839597702026,8270,"[7257, 716, 223]",0.9483,-9.70456314086914,0.3052971363067627
random_unstructured_finetune_0.5,70,72,18,2,32,NonCallBack,195.1833837032318,5931,"[5184, 512, 161]",0.9321,-18.337814331054688,0.2502880096435547
random_unstructured_finetune_0.8,70,72,18,2,32,NonCallBack,184.43727564811707,2417,"[2074, 205, 64]",0.8403,-5.805036544799805,0.08893585205078125
random_unstructured_finetune_0.9,70,72,18,2,32,NonCallBack,183.412175655365,1245,"[1037, 102, 32]",0.4688,8.611733436584473,
random_unstructured_finetune_0.95,70,72,18,2,32,NonCallBack,184.08826279640198,660,"[519, 51, 16]",0.1135,-0.297654390335083,0.017843961715698242
random_unstructured_nonfinetune_0.3,70,72,18,2,32,NonCallBack,1.990976333618164,8270,"[7257, 716, 223]",0.56,-9.072481155395508,0.15350580215454102
random_unstructured_nonfinetune_0.5,70,72,18,2,32,NonCallBack,2.0878701210021973,5931,"[5184, 512, 161]",0.4036,-14.876370429992676,0.3802759647369385
random_unstructured_nonfinetune_0.8,70,72,18,2,32,NonCallBack,2.029128313064575,2417,"[2074, 205, 64]",0.2431,-7.100916862487793,0.1252579689025879
random_unstructured_nonfinetune_0.9,70,72,18,2,32,NonCallBack,1.9975035190582275,1245,"[1037, 102, 32]",0.0861,0.5535625219345093,0.2213149070739746
random_unstructured_nonfinetune_0.95,70,72,18,2,32,NonCallBack,2.042712688446045,660,"[519, 51, 16]",0.0892,4.615567207336426,
random_structured_finetune_0.3,70,72,18,2,32,NonCallBack,191.0608549118042,8130,"[7128, 704, 224]",0.7701,-22.336563110351562,0.24501895904541016
random_structured_finetune_0.5,70,72,18,2,32,NonCallBack,183.67007446289062,5930,"[5184, 512, 160]",0.5709,-22.170745849609375,0.2779219150543213
random_structured_finetune_0.8,70,72,18,2,32,NonCallBack,184.72174954414368,2630,"[2268, 224, 64]",0.2993,-1.5825397968292236,0.016833066940307617
random_structured_finetune_0.9,70,72,18,2,32,NonCallBack,185.403235912323,1174,"[972, 96, 32]",0.0711,0.3179062604904175,0.005964040756225586
random_structured_finetune_0.95,70,72,18,2,32,NonCallBack,185.96722722053528,818,"[648, 64, 32]",0.194,0.6213798522949219,0.005684852600097656
random_structured_nonfinetune_0.3,70,72,18,2,32,NonCallBack,1.9993009567260742,8130,"[7128, 704, 224]",0.485,-11.422460556030273,0.3634510040283203
random_structured_nonfinetune_0.5,70,72,18,2,32,NonCallBack,2.0583431720733643,5930,"[5184, 512, 160]",0.1857,-5.014699459075928,0.2210087776184082
random_structured_nonfinetune_0.8,70,72,18,2,32,NonCallBack,2.01839542388916,2630,"[2268, 224, 64]",0.089,3.805154323577881,
random_structured_nonfinetune_0.9,70,72,18,2,32,NonCallBack,2.056924819946289,1174,"[972, 96, 32]",0.1028,1.0669939517974854,
random_structured_nonfinetune_0.95,70,72,18,2,32,NonCallBack,1.9976012706756592,818,"[648, 64, 32]",0.1028,2.0319018363952637,
dense,70,72,18,2,64,NonCallBack,0,25610,"[20736, 4096, 640]",0.9636,-23.985761642456055,2.5637500286102295
unstructured_finetune_0.3,70,72,18,2,64,NonCallBack,181.24167728424072,17968,"[14515, 2867, 448]",0.9706,-23.633037567138672,1.3262379169464111
unstructured_finetune_0.5,70,72,18,2,64,NonCallBack,186.25266671180725,12873,"[10368, 2048, 319]",0.9698,-23.379985809326172,0.22840619087219238
unstructured_finetune_0.8,70,72,18,2,64,NonCallBack,181.71497797966003,5233,"[4147, 820, 128]",0.9627,-19.329727172851562,0.2824130058288574
unstructured_finetune_0.9,70,72,18,2,64,NonCallBack,187.25964450836182,2685,"[2074, 409, 64]",0.9468,-13.225526809692383,0.17441320419311523
unstructured_finetune_0.95,70,72,18,2,64,NonCallBack,181.6229603290558,1411,"[1036, 205, 32]",0.9121,-9.78516960144043,0.06862998008728027
unstructured_nonfinetune_0.3,70,72,18,2,64,NonCallBack,1.8790488243103027,17968,"[14515, 2867, 448]",0.9627,-24.008638381958008,1.64644193649292
unstructured_nonfinetune_0.5,70,72,18,2,64,NonCallBack,1.9121098518371582,12873,"[10368, 2048, 319]",0.9507,-21.411907196044922,0.972661018371582
unstructured_nonfinetune_0.8,70,72,18,2,64,NonCallBack,1.84543776512146,5233,"[4147, 820, 128]",0.6027,-12.216094970703125,0.3891439437866211
unstructured_nonfinetune_0.9,70,72,18,2,64,NonCallBack,1.8322198390960693,2685,"[2074, 409, 64]",0.434,-20.046436309814453,0.14972591400146484
unstructured_nonfinetune_0.95,70,72,18,2,64,NonCallBack,1.923785924911499,1411,"[1036, 205, 32]",0.2494,-12.31493854522705,0.03424382209777832
structured_finetune_0.3,70,72,18,2,64,NonCallBack,187.45004415512085,18046,"[14580, 2880, 448]",0.7739,-16.61786651611328,1.4476509094238281
structured_finetune_0.5,70,72,18,2,64,NonCallBack,181.3599033355713,12874,"[10368, 2048, 320]",0.5795,-13.351375579833984,0.5578410625457764
structured_finetune_0.8,70,72,18,2,64,NonCallBack,187.8714702129364,4922,"[3888, 768, 128]",0.2946,0.2781944274902344,0.01127004623413086
structured_finetune_0.9,70,72,18,2,64,NonCallBack,182.23029589653015,2530,"[1944, 384, 64]",0.1981,1.4581272602081299,
structured_finetune_0.95,70,72,18,2,64,NonCallBack,180.6746482849121,1366,"[972, 192, 64]",0.1969,2.9108572006225586,
structured_nonfinetune_0.3,70,72,18,2,64,NonCallBack,1.9163365364074707,18046,"[14580, 2880, 448]",0.6769,-13.94198226928711,0.27787089347839355
structured_nonfinetune_0.5,70,72,18,2,64,NonCallBack,1.897618055343628,12874,"[10368, 2048, 320]",0.4557,-22.713973999023438,0.021924972534179688
structured_nonfinetune_0.8,70,72,18,2,64,NonCallBack,1.8354380130767822,4922,"[3888, 768, 128]",0.1203,-14.009870529174805,0.06401395797729492
structured_nonfinetune_0.9,70,72,18,2,64,NonCallBack,1.8759558200836182,2530,"[1944, 384, 64]",0.0927,3.580970287322998,
structured_nonfinetune_0.95,70,72,18,2,64,NonCallBack,1.814913272857666,1366,"[972, 192, 64]",0.0892,5.581701278686523,
random_unstructured_finetune_0.3,70,72,18,2,64,NonCallBack,196.38712096214294,17968,"[14515, 2867, 448]",0.9589,-22.402183532714844,0.9451990127563477
random_unstructured_finetune_0.5,70,72,18,2,64,NonCallBack,184.45575642585754,12873,"[10368, 2048, 319]",0.9395,-20.44464683532715,0.7693290710449219
random_unstructured_finetune_0.8,70,72,18,2,64,NonCallBack,184.37735152244568,5233,"[4147, 820, 128]",0.8749,-9.293691635131836,0.2800939083099365
random_unstructured_finetune_0.9,70,72,18,2,64,NonCallBack,185.89844679832458,2685,"[2074, 409, 64]",0.6593,-5.804317474365234,0.09311604499816895
random_unstructured_finetune_0.95,70,72,18,2,64,NonCallBack,195.00083947181702,1411,"[1036, 205, 32]",0.1289,-2.667462110519409,0.03228616714477539
random_unstructured_nonfinetune_0.3,70,72,18,2,64,NonCallBack,2.0406336784362793,17968,"[14515, 2867, 448]",0.8272,-21.549701690673828,1.0452220439910889
random_unstructured_nonfinetune_0.5,70,72,18,2,64,NonCallBack,2.0606274604797363,12873,"[10368, 2048, 319]",0.5066,-25.40079116821289,1.326005220413208
random_unstructured_nonfinetune_0.8,70,72,18,2,64,NonCallBack,2.016629695892334,5233,"[4147, 820, 128]",0.1582,4.070651054382324,
random_unstructured_nonfinetune_0.9,70,72,18,2,64,NonCallBack,2.077563762664795,2685,"[2074, 409, 64]",0.0982,-7.683530807495117,0.12129998207092285
random_unstructured_nonfinetune_0.95,70,72,18,2,64,NonCallBack,1.9527482986450195,1411,"[1036, 205, 32]",0.0892,2.3093314170837402,
random_structured_finetune_0.3,70,72,18,2,64,NonCallBack,182.67540621757507,18046,"[14580, 2880, 448]",0.7711,1.4280519485473633,
random_structured_finetune_0.5,70,72,18,2,64,NonCallBack,184.42152667045593,12874,"[10368, 2048, 320]",0.5785,-18.50712013244629,1.0193240642547607
random_structured_finetune_0.8,70,72,18,2,64,NonCallBack,196.13328576087952,4922,"[3888, 768, 128]",0.2847,5.38270902633667,
random_structured_finetune_0.9,70,72,18,2,64,NonCallBack,186.53409576416016,2530,"[1944, 384, 64]",0.2095,4.526524543762207,
random_structured_finetune_0.95,70,72,18,2,64,NonCallBack,184.31283140182495,1366,"[972, 192, 64]",0.1889,2.5062451362609863,
random_structured_nonfinetune_0.3,70,72,18,2,64,NonCallBack,1.9859416484832764,18046,"[14580, 2880, 448]",0.6508,-16.285968780517578,0.20990490913391113
random_structured_nonfinetune_0.5,70,72,18,2,64,NonCallBack,1.9806170463562012,12874,"[10368, 2048, 320]",0.4282,-17.79166030883789,0.5188658237457275
random_structured_nonfinetune_0.8,70,72,18,2,64,NonCallBack,2.0405917167663574,4922,"[3888, 768, 128]",0.0892,3.181975841522217,
random_structured_nonfinetune_0.9,70,72,18,2,64,NonCallBack,2.030593156814575,2530,"[1944, 384, 64]",0.1012,1.2158790826797485,
random_structured_nonfinetune_0.95,70,72,18,2,64,NonCallBack,2.070024013519287,1366,"[972, 192, 64]",0.0892,4.854029178619385,
dense,70,72,18,4,32,NonCallBack,0,13898,"[10368, 1024, 1024, 1024, 320]",0.9547,-23.939552307128906,22.560122966766357
unstructured_finetune_0.3,70,72,18,4,32,NonCallBack,200.77462315559387,9766,"[7257, 716, 716, 716, 223]",0.9633,-19.990522384643555,22.147513151168823
unstructured_finetune_0.5,70,72,18,4,32,NonCallBack,200.67019605636597,7019,"[5184, 512, 512, 512, 161]",0.9636,-19.92112159729004,1.2427949905395508
unstructured_finetune_0.8,70,72,18,4,32,NonCallBack,201.7724506855011,2891,"[2074, 205, 205, 205, 64]",0.9504,-20.029918670654297,12.124372005462646
unstructured_finetune_0.9,70,72,18,4,32,NonCallBack,201.23637127876282,1513,"[1037, 102, 102, 102, 32]",0.9339,-15.836936950683594,0.16360092163085938
unstructured_finetune_0.95,70,72,18,4,32,NonCallBack,201.7049584388733,826,"[519, 51, 51, 51, 16]",0.86,-10.109785079956055,0.04426383972167969
unstructured_nonfinetune_0.3,70,72,18,4,32,NonCallBack,1.8574175834655762,9766,"[7257, 716, 716, 716, 223]",0.9481,-23.71753692626953,25.340137004852295
unstructured_nonfinetune_0.5,70,72,18,4,32,NonCallBack,1.9280667304992676,7019,"[5184, 512, 512, 512, 161]",0.9338,-22.31385040283203,34.05602812767029
unstructured_nonfinetune_0.8,70,72,18,4,32,NonCallBack,1.846916913986206,2891,"[2074, 205, 205, 205, 64]",0.4226,-13.808128356933594,0.534031867980957
unstructured_nonfinetune_0.9,70,72,18,4,32,NonCallBack,1.8872034549713135,1513,"[1037, 102, 102, 102, 32]",0.1509,-17.018051147460938,0.16485905647277832
unstructured_nonfinetune_0.95,70,72,18,4,32,NonCallBack,1.9152638912200928,826,"[519, 51, 51, 51, 16]",0.0982,-4.315522193908691,0.032238006591796875
structured_finetune_0.3,70,72,18,4,32,NonCallBack,206.94267582893372,9602,"[7128, 704, 704, 704, 224]",0.7806,-22.481037139892578,19.538434982299805
structured_finetune_0.5,70,72,18,4,32,NonCallBack,205.66309523582458,7018,"[5184, 512, 512, 512, 160]",0.5842,-19.565715789794922,7.488948822021484
structured_finetune_0.8,70,72,18,4,32,NonCallBack,201.36001205444336,3142,"[2268, 224, 224, 224, 64]",0.3047,4.1312360763549805,
structured_finetune_0.9,70,72,18,4,32,NonCallBack,205.42792654037476,1430,"[972, 96, 96, 96, 32]",0.2093,5.921647548675537,
structured_finetune_0.95,70,72,18,4,32,NonCallBack,200.6249258518219,1010,"[648, 64, 64, 64, 32]",0.2075,5.425767421722412,
structured_nonfinetune_0.3,70,72,18,4,32,NonCallBack,1.867206335067749,9602,"[7128, 704, 704, 704, 224]",0.5705,-16.06525993347168,28.24754810333252
structured_nonfinetune_0.5,70,72,18,4,32,NonCallBack,1.9336230754852295,7018,"[5184, 512, 512, 512, 160]",0.4104,-12.327327728271484,21.019695043563843
structured_nonfinetune_0.8,70,72,18,4,32,NonCallBack,1.8842639923095703,3142,"[2268, 224, 224, 224, 64]",0.1237,-0.1353597640991211,0.018119096755981445
structured_nonfinetune_0.9,70,72,18,4,32,NonCallBack,1.8809759616851807,1430,"[972, 96, 96, 96, 32]",0.1028,6.127910614013672,
structured_nonfinetune_0.95,70,72,18,4,32,NonCallBack,1.8810093402862549,1010,"[648, 64, 64, 64, 32]",0.1028,0.3876568078994751,0.006403923034667969
random_unstructured_finetune_0.3,70,72,18,4,32,NonCallBack,201.2119162082672,9766,"[7257, 716, 716, 716, 223]",0.9511,-20.14666748046875,25.964048862457275
random_unstructured_finetune_0.5,70,72,18,4,32,NonCallBack,200.54054379463196,7019,"[5184, 512, 512, 512, 161]",0.9272,-5.040508270263672,1.0016810894012451
random_unstructured_finetune_0.8,70,72,18,4,32,NonCallBack,201.79036402702332,2891,"[2074, 205, 205, 205, 64]",0.2717,0.19795000553131104,16.512492179870605
random_unstructured_finetune_0.9,70,72,18,4,32,NonCallBack,203.2413191795349,1513,"[1037, 102, 102, 102, 32]",0.1135,-0.8041260242462158,0.02367401123046875
random_unstructured_finetune_0.95,70,72,18,4,32,NonCallBack,202.9130139350891,826,"[519, 51, 51, 51, 16]",0.1135,3.754023551940918,
random_unstructured_nonfinetune_0.3,70,72,18,4,32,NonCallBack,2.0034523010253906,9766,"[7257, 716, 716, 716, 223]",0.3525,-22.64875030517578,120.53307580947876
random_unstructured_nonfinetune_0.5,70,72,18,4,32,NonCallBack,2.101170778274536,7019,"[5184, 512, 512, 512, 161]",0.1574,-0.6699314117431641,76.9626579284668
random_unstructured_nonfinetune_0.8,70,72,18,4,32,NonCallBack,2.0731401443481445,2891,"[2074, 205, 205, 205, 64]",0.0982,-13.256216049194336,0.49632906913757324
random_unstructured_nonfinetune_0.9,70,72,18,4,32,NonCallBack,2.0688893795013428,1513,"[1037, 102, 102, 102, 32]",0.0982,-2.886807441711426,0.09396696090698242
random_unstructured_nonfinetune_0.95,70,72,18,4,32,NonCallBack,2.0450220108032227,826,"[519, 51, 51, 51, 16]",0.0982,-0.5973045825958252,0.05692410469055176
random_structured_finetune_0.3,70,72,18,4,32,NonCallBack,200.1893343925476,9602,"[7128, 704, 704, 704, 224]",0.7629,3.072575569152832,
random_structured_finetune_0.5,70,72,18,4,32,NonCallBack,213.62306475639343,7018,"[5184, 512, 512, 512, 160]",0.5634,-13.817207336425781,0.41255903244018555
random_structured_finetune_0.8,70,72,18,4,32,NonCallBack,200.84028887748718,3142,"[2268, 224, 224, 224, 64]",0.3,2.2603447437286377,
random_structured_finetune_0.9,70,72,18,4,32,NonCallBack,211.1644320487976,1430,"[972, 96, 96, 96, 32]",0.1135,5.452323913574219,
random_structured_finetune_0.95,70,72,18,4,32,NonCallBack,211.05001711845398,1010,"[648, 64, 64, 64, 32]",0.1135,6.179837226867676,
random_structured_nonfinetune_0.3,70,72,18,4,32,NonCallBack,2.0109870433807373,9602,"[7128, 704, 704, 704, 224]",0.3696,-15.431066513061523,37.71057486534119
random_structured_nonfinetune_0.5,70,72,18,4,32,NonCallBack,1.984055519104004,7018,"[5184, 512, 512, 512, 160]",0.1826,-8.31060791015625,0.017343997955322266
random_structured_nonfinetune_0.8,70,72,18,4,32,NonCallBack,2.042335271835327,3142,"[2268, 224, 224, 224, 64]",0.0982,-5.795228958129883,0.008838176727294922
random_structured_nonfinetune_0.9,70,72,18,4,32,NonCallBack,2.0029478073120117,1430,"[972, 96, 96, 96, 32]",0.0982,-2.0978736877441406,0.005950212478637695
random_structured_nonfinetune_0.95,70,72,18,4,32,NonCallBack,2.045217514038086,1010,"[648, 64, 64, 64, 32]",0.0982,-1.1281476020812988,0.005409955978393555
dense,70,72,18,4,64,NonCallBack,0,33930,"[20736, 4096, 4096, 4096, 640]",0.9622,-13.860671997070312,155.82846689224243
unstructured_finetune_0.3,70,72,18,4,64,NonCallBack,207.20511412620544,23830,"[14515, 2867, 2867, 2867, 448]",0.9744,-14.689343452453613,6.989062070846558
unstructured_finetune_0.5,70,72,18,4,64,NonCallBack,200.98367714881897,17097,"[10368, 2048, 2048, 2048, 319]",0.975,-19.123027801513672,173.05031895637512
unstructured_finetune_0.8,70,72,18,4,64,NonCallBack,202.00331592559814,7001,"[4147, 820, 820, 820, 128]",0.9694,-17.449329376220703,41.89739799499512
unstructured_finetune_0.9,70,72,18,4,64,NonCallBack,206.06542110443115,3631,"[2074, 409, 409, 409, 64]",0.9595,-16.27920913696289,1.0317628383636475
unstructured_finetune_0.95,70,72,18,4,64,NonCallBack,213.43815207481384,1949,"[1036, 205, 205, 205, 32]",0.9334,-9.522907257080078,0.45906710624694824
unstructured_nonfinetune_0.3,70,72,18,4,64,NonCallBack,1.9554989337921143,23830,"[14515, 2867, 2867, 2867, 448]",0.9631,-17.278575897216797,87.88077807426453
unstructured_nonfinetune_0.5,70,72,18,4,64,NonCallBack,1.8172030448913574,17097,"[10368, 2048, 2048, 2048, 319]",0.9566,-8.442848205566406,79.0325219631195
unstructured_nonfinetune_0.8,70,72,18,4,64,NonCallBack,1.8066740036010742,7001,"[4147, 820, 820, 820, 128]",0.6983,-16.808378219604492,2.1688549518585205
unstructured_nonfinetune_0.9,70,72,18,4,64,NonCallBack,1.8377735614776611,3631,"[2074, 409, 409, 409, 64]",0.2624,-9.457836151123047,0.935650110244751
unstructured_nonfinetune_0.95,70,72,18,4,64,NonCallBack,1.9254672527313232,1949,"[1036, 205, 205, 205, 32]",0.1358,-11.478923797607422,0.14558100700378418
structured_finetune_0.3,70,72,18,4,64,NonCallBack,200.83730340003967,23934,"[14580, 2880, 2880, 2880, 448]",0.7779,-17.875492095947266,98.18272709846497
structured_finetune_0.5,70,72,18,4,64,NonCallBack,201.0552740097046,17098,"[10368, 2048, 2048, 2048, 320]",0.5851,-17.357160568237305,1.731644868850708
structured_finetune_0.8,70,72,18,4,64,NonCallBack,205.89194416999817,6586,"[3888, 768, 768, 768, 128]",0.3099,1.246288776397705,
structured_finetune_0.9,70,72,18,4,64,NonCallBack,200.93463611602783,3426,"[1944, 384, 384, 384, 64]",0.2087,5.098878860473633,
structured_finetune_0.95,70,72,18,4,64,NonCallBack,204.42981886863708,1878,"[972, 192, 192, 192, 64]",0.2061,2.8664162158966064,
structured_nonfinetune_0.3,70,72,18,4,64,NonCallBack,1.921302318572998,23934,"[14580, 2880, 2880, 2880, 448]",0.6727,-9.123984336853027,32.483623027801514
structured_nonfinetune_0.5,70,72,18,4,64,NonCallBack,1.925260305404663,17098,"[10368, 2048, 2048, 2048, 320]",0.4105,-13.301095962524414,86.33759903907776
structured_nonfinetune_0.8,70,72,18,4,64,NonCallBack,1.8749945163726807,6586,"[3888, 768, 768, 768, 128]",0.1105,-5.102179527282715,0.01291799545288086
structured_nonfinetune_0.9,70,72,18,4,64,NonCallBack,1.846250295639038,3426,"[1944, 384, 384, 384, 64]",0.0892,-4.4558210372924805,0.01102304458618164
structured_nonfinetune_0.95,70,72,18,4,64,NonCallBack,1.9604454040527344,1878,"[972, 192, 192, 192, 64]",0.0892,-4.031216144561768,0.0073299407958984375
random_unstructured_finetune_0.3,70,72,18,4,64,NonCallBack,210.8500669002533,23830,"[14515, 2867, 2867, 2867, 448]",0.967,-10.956559181213379,94.40772104263306
random_unstructured_finetune_0.5,70,72,18,4,64,NonCallBack,211.7940948009491,17097,"[10368, 2048, 2048, 2048, 319]",0.9544,-15.661296844482422,70.5396499633789
random_unstructured_finetune_0.8,70,72,18,4,64,NonCallBack,211.13225030899048,7001,"[4147, 820, 820, 820, 128]",0.3726,-8.947195053100586,1.5369410514831543
random_unstructured_finetune_0.9,70,72,18,4,64,NonCallBack,211.40001821517944,3631,"[2074, 409, 409, 409, 64]",0.1135,0.034666478633880615,13.848786115646362
random_unstructured_finetune_0.95,70,72,18,4,64,NonCallBack,204.37588453292847,1949,"[1036, 205, 205, 205, 32]",0.1135,-2.514223337173462,0.07208704948425293
random_unstructured_nonfinetune_0.3,70,72,18,4,64,NonCallBack,1.9822087287902832,23830,"[14515, 2867, 2867, 2867, 448]",0.6039,-10.902399063110352,48.55586791038513
random_unstructured_nonfinetune_0.5,70,72,18,4,64,NonCallBack,2.090886354446411,17097,"[10368, 2048, 2048, 2048, 319]",0.3186,-8.991394996643066,7.247667074203491
random_unstructured_nonfinetune_0.8,70,72,18,4,64,NonCallBack,2.032566547393799,7001,"[4147, 820, 820, 820, 128]",0.1009,-2.884819269180298,39.04653811454773
random_unstructured_nonfinetune_0.9,70,72,18,4,64,NonCallBack,1.9667057991027832,3631,"[2074, 409, 409, 409, 64]",0.0892,-5.044282913208008,1.262091875076294
random_unstructured_nonfinetune_0.95,70,72,18,4,64,NonCallBack,2.0593507289886475,1949,"[1036, 205, 205, 205, 32]",0.0892,-6.572932243347168,0.08776998519897461
random_structured_finetune_0.3,70,72,18,4,64,NonCallBack,205.14695954322815,23934,"[14580, 2880, 2880, 2880, 448]",0.7803,3.820939064025879,
random_structured_finetune_0.5,70,72,18,4,64,NonCallBack,202.87552189826965,17098,"[10368, 2048, 2048, 2048, 320]",0.5944,-10.578165054321289,32.10635209083557
random_structured_finetune_0.8,70,72,18,4,64,NonCallBack,205.93792629241943,6586,"[3888, 768, 768, 768, 128]",0.2571,1.473003625869751,
random_structured_finetune_0.9,70,72,18,4,64,NonCallBack,206.48572897911072,3426,"[1944, 384, 384, 384, 64]",0.1135,-8.51235580444336,0.021914005279541016
random_structured_finetune_0.95,70,72,18,4,64,NonCallBack,211.98519372940063,1878,"[972, 192, 192, 192, 64]",0.1135,7.109489440917969,
random_structured_nonfinetune_0.3,70,72,18,4,64,NonCallBack,2.025144338607788,23934,"[14580, 2880, 2880, 2880, 448]",0.5182,-16.79755210876465,3.4151339530944824
random_structured_nonfinetune_0.5,70,72,18,4,64,NonCallBack,1.9869306087493896,17098,"[10368, 2048, 2048, 2048, 320]",0.2817,-15.666683197021484,76.45226383209229
random_structured_nonfinetune_0.8,70,72,18,4,64,NonCallBack,2.1017420291900635,6586,"[3888, 768, 768, 768, 128]",0.0892,-10.906476974487305,0.012130975723266602
random_structured_nonfinetune_0.9,70,72,18,4,64,NonCallBack,1.9647471904754639,3426,"[1944, 384, 384, 384, 64]",0.0892,1.1004323959350586,
random_structured_nonfinetune_0.95,70,72,18,4,64,NonCallBack,2.0776407718658447,1878,"[972, 192, 192, 192, 64]",0.0892,0.9025751352310181,0.007297992706298828
dense,80,82,28,2,32,NonCallBack,0,26505,"[25087, 1024, 320]",0.9567,-14.573486328125,0.9907019138336182
unstructured_finetune_0.3,80,82,28,2,32,NonCallBack,184.06435370445251,18574,"[17561, 716, 223]",0.9677,-10.293808937072754,0.2196638584136963
unstructured_finetune_0.5,80,82,28,2,32,NonCallBack,195.07956385612488,13291,"[12544, 512, 161]",0.9659,-14.038436889648438,0.5398821830749512
unstructured_finetune_0.8,80,82,28,2,32,NonCallBack,183.20359659194946,5361,"[5018, 205, 64]",0.9565,-6.047714710235596,0.23891711235046387
unstructured_finetune_0.9,80,82,28,2,32,NonCallBack,178.64100313186646,2717,"[2509, 102, 32]",0.9402,-4.525368690490723,0.08083915710449219
unstructured_finetune_0.95,80,82,28,2,32,NonCallBack,181.5840938091278,1396,"[1255, 51, 16]",0.8935,-5.528693199157715,0.04169511795043945
unstructured_nonfinetune_0.3,80,82,28,2,32,NonCallBack,1.8568289279937744,18574,"[17561, 716, 223]",0.9583,-14.413337707519531,0.6284370422363281
unstructured_nonfinetune_0.5,80,82,28,2,32,NonCallBack,1.8334436416625977,13291,"[12544, 512, 161]",0.9364,-10.00961685180664,0.6332869529724121
unstructured_nonfinetune_0.8,80,82,28,2,32,NonCallBack,1.7565231323242188,5361,"[5018, 205, 64]",0.5271,-9.38663101196289,0.2655301094055176
unstructured_nonfinetune_0.9,80,82,28,2,32,NonCallBack,1.88352632522583,2717,"[2509, 102, 32]",0.2164,-10.693319320678711,0.06400513648986816
unstructured_nonfinetune_0.95,80,82,28,2,32,NonCallBack,1.8575916290283203,1396,"[1255, 51, 16]",0.1838,5.4639668464660645,
structured_finetune_0.3,80,82,28,2,32,NonCallBack,182.10431575775146,18249,"[17247, 704, 224]",0.7635,-2.216205596923828,0.567162036895752
structured_finetune_0.5,80,82,28,2,32,NonCallBack,193.32627725601196,13289,"[12543, 512, 160]",0.5748,-1.6926672458648682,0.4081461429595947
structured_finetune_0.8,80,82,28,2,32,NonCallBack,183.09575057029724,5849,"[5487, 224, 64]",0.2997,-0.6663689613342285,0.023673057556152344
structured_finetune_0.9,80,82,28,2,32,NonCallBack,190.19454383850098,2554,"[2352, 96, 32]",0.1838,-0.1253284215927124,0.01312112808227539
structured_finetune_0.95,80,82,28,2,32,NonCallBack,180.57554507255554,1738,"[1568, 64, 32]",0.1718,0.4408717751502991,0.012092113494873047
structured_nonfinetune_0.3,80,82,28,2,32,NonCallBack,1.850895643234253,18249,"[17247, 704, 224]",0.5416,-11.748335838317871,0.5595970153808594
structured_nonfinetune_0.5,80,82,28,2,32,NonCallBack,1.7719197273254395,13289,"[12543, 512, 160]",0.3029,-4.743319988250732,0.3359360694885254
structured_nonfinetune_0.8,80,82,28,2,32,NonCallBack,1.8056912422180176,5850,"[5488, 224, 64]",0.1387,1.2117486000061035,
structured_nonfinetune_0.9,80,82,28,2,32,NonCallBack,1.901421308517456,2554,"[2352, 96, 32]",0.1043,4.727608680725098,
structured_nonfinetune_0.95,80,82,28,2,32,NonCallBack,1.8649358749389648,1738,"[1568, 64, 32]",0.1035,-8.244091033935547,0.011281967163085938
random_unstructured_finetune_0.3,80,82,28,2,32,NonCallBack,183.07308650016785,18573,"[17560, 716, 223]",0.9532,-11.283223152160645,0.842012882232666
random_unstructured_finetune_0.5,80,82,28,2,32,NonCallBack,191.05323147773743,13291,"[12544, 512, 161]",0.9404,-6.545577049255371,0.41265082359313965
random_unstructured_finetune_0.8,80,82,28,2,32,NonCallBack,194.82086896896362,5361,"[5018, 205, 64]",0.8798,-6.416811943054199,0.20925116539001465
random_unstructured_finetune_0.9,80,82,28,2,32,NonCallBack,179.8404679298401,2717,"[2509, 102, 32]",0.5022,2.294926166534424,
random_unstructured_finetune_0.95,80,82,28,2,32,NonCallBack,181.89722561836243,1396,"[1255, 51, 16]",0.1627,0.3867342472076416,0.018575191497802734
random_unstructured_nonfinetune_0.3,80,82,28,2,32,NonCallBack,1.9343316555023193,18573,"[17560, 716, 223]",0.5833,-11.784330368041992,0.9018418788909912
random_unstructured_nonfinetune_0.5,80,82,28,2,32,NonCallBack,1.9903264045715332,13291,"[12544, 512, 161]",0.3064,-2.9218688011169434,0.6785240173339844
random_unstructured_nonfinetune_0.8,80,82,28,2,32,NonCallBack,1.98757004737854,5361,"[5018, 205, 64]",0.1993,-2.6837868690490723,0.3927121162414551
random_unstructured_nonfinetune_0.9,80,82,28,2,32,NonCallBack,2.0011985301971436,2717,"[2509, 102, 32]",0.1042,0.23874521255493164,0.07938289642333984
random_unstructured_nonfinetune_0.95,80,82,28,2,32,NonCallBack,2.0047528743743896,1396,"[1255, 51, 16]",0.0982,-3.6094560623168945,0.03684401512145996
random_structured_finetune_0.3,80,82,28,2,32,NonCallBack,181.01772236824036,18250,"[17248, 704, 224]",0.7615,-12.276349067687988,0.5239520072937012
random_structured_finetune_0.5,80,82,28,2,32,NonCallBack,181.52059245109558,13289,"[12543, 512, 160]",0.5816,-0.3069794178009033,0.028454065322875977
random_structured_finetune_0.8,80,82,28,2,32,NonCallBack,182.20164132118225,5850,"[5488, 224, 64]",0.3061,-9.12925910949707,0.1483919620513916
random_structured_finetune_0.9,80,82,28,2,32,NonCallBack,181.23427414894104,2554,"[2352, 96, 32]",0.2022,4.274945259094238,
random_structured_finetune_0.95,80,82,28,2,32,NonCallBack,196.32033038139343,1738,"[1568, 64, 32]",0.2056,1.9980114698410034,
random_structured_nonfinetune_0.3,80,82,28,2,32,NonCallBack,2.161280393600464,18249,"[17247, 704, 224]",0.3157,-6.1541523933410645,0.4998600482940674
random_structured_nonfinetune_0.5,80,82,28,2,32,NonCallBack,1.9418327808380127,13289,"[12543, 512, 160]",0.3222,-6.674038887023926,0.7063760757446289
random_structured_nonfinetune_0.8,80,82,28,2,32,NonCallBack,1.932032585144043,5850,"[5488, 224, 64]",0.1028,-0.03150439262390137,0.06314587593078613
random_structured_nonfinetune_0.9,80,82,28,2,32,NonCallBack,2.044288158416748,2553,"[2351, 96, 32]",0.089,0.8242967128753662,0.011834144592285156
random_structured_nonfinetune_0.95,80,82,28,2,32,NonCallBack,1.9999010562896729,1738,"[1568, 64, 32]",0.0982,-4.35550594329834,0.010782957077026367
dense,80,82,28,2,64,NonCallBack,0,55049,"[50175, 4096, 640]",0.9668,-7.69550895690918,72.65124011039734
unstructured_finetune_0.3,80,82,28,2,64,NonCallBack,180.0845024585724,38576,"[35123, 2867, 448]",0.9749,-8.894583702087402,0.38340210914611816
unstructured_finetune_0.5,80,82,28,2,64,NonCallBack,180.14504718780518,27593,"[25088, 2048, 319]",0.9746,-8.668621063232422,2.4754910469055176
unstructured_finetune_0.8,80,82,28,2,64,NonCallBack,181.2684783935547,11121,"[10035, 820, 128]",0.9685,-7.742220878601074,0.7413558959960938
unstructured_finetune_0.9,80,82,28,2,64,NonCallBack,180.29402136802673,5628,"[5017, 409, 64]",0.9542,-3.2275524139404297,0.3141961097717285
unstructured_finetune_0.95,80,82,28,2,64,NonCallBack,181.719407081604,2884,"[2509, 205, 32]",0.9251,-7.117133140563965,0.08672213554382324
unstructured_nonfinetune_0.3,80,82,28,2,64,NonCallBack,1.8697292804718018,38576,"[35123, 2867, 448]",0.9625,-8.025863647460938,3.72735595703125
unstructured_nonfinetune_0.5,80,82,28,2,64,NonCallBack,1.7605299949645996,27593,"[25088, 2048, 319]",0.962,-8.813493728637695,24.18622088432312
unstructured_nonfinetune_0.8,80,82,28,2,64,NonCallBack,1.85489821434021,11121,"[10035, 820, 128]",0.7509,-8.163433074951172,0.8801400661468506
unstructured_nonfinetune_0.9,80,82,28,2,64,NonCallBack,1.8524208068847656,5628,"[5017, 409, 64]",0.4,-5.048732280731201,0.3478860855102539
unstructured_nonfinetune_0.95,80,82,28,2,64,NonCallBack,1.8351705074310303,2884,"[2509, 205, 32]",0.1618,-3.9180870056152344,0.09487700462341309
structured_finetune_0.3,80,82,28,2,64,NonCallBack,179.36456751823425,38745,"[35279, 2880, 448]",0.7765,-7.78173828125,44.26440501213074
structured_finetune_0.5,80,82,28,2,64,NonCallBack,180.29133319854736,27594,"[25088, 2048, 320]",0.5764,-10.865694046020508,1.3914740085601807
structured_finetune_0.8,80,82,28,2,64,NonCallBack,180.03826522827148,10442,"[9408, 768, 128]",0.2956,-1.9439058303833008,0.41054201126098633
structured_finetune_0.9,80,82,28,2,64,NonCallBack,180.25525832176208,5290,"[4704, 384, 64]",0.2087,2.012094497680664,
structured_finetune_0.95,80,82,28,2,64,NonCallBack,181.3718340396881,2746,"[2352, 192, 64]",0.2077,1.8760560750961304,
structured_nonfinetune_0.3,80,82,28,2,64,NonCallBack,1.8569245338439941,38745,"[35279, 2880, 448]",0.6226,-8.6116943359375,43.122795820236206
structured_nonfinetune_0.5,80,82,28,2,64,NonCallBack,1.8475143909454346,27594,"[25088, 2048, 320]",0.3777,-3.856545925140381,25.150449991226196
structured_nonfinetune_0.8,80,82,28,2,64,NonCallBack,1.8851664066314697,10442,"[9408, 768, 128]",0.164,-15.46572494506836,0.020205020904541016
structured_nonfinetune_0.9,80,82,28,2,64,NonCallBack,1.8332955837249756,5290,"[4704, 384, 64]",0.0851,-20.755704879760742,0.014394044876098633
structured_nonfinetune_0.95,80,82,28,2,64,NonCallBack,1.9175050258636475,2746,"[2352, 192, 64]",0.1024,0.15427732467651367,0.042144060134887695
random_unstructured_finetune_0.3,80,82,28,2,64,NonCallBack,184.86830806732178,38576,"[35123, 2867, 448]",0.9647,-4.340533256530762,44.57108998298645
random_unstructured_finetune_0.5,80,82,28,2,64,NonCallBack,182.9863383769989,27593,"[25088, 2048, 319]",0.9527,-11.037616729736328,76.30467295646667
random_unstructured_finetune_0.8,80,82,28,2,64,NonCallBack,180.78224420547485,11121,"[10035, 820, 128]",0.896,-3.943366527557373,0.4682118892669678
random_unstructured_finetune_0.9,80,82,28,2,64,NonCallBack,182.3850929737091,5628,"[5017, 409, 64]",0.705,-4.241034507751465,0.1938769817352295
random_unstructured_finetune_0.95,80,82,28,2,64,NonCallBack,182.57247829437256,2884,"[2509, 205, 32]",0.253,-1.20566987991333,0.06309914588928223
random_unstructured_nonfinetune_0.3,80,82,28,2,64,NonCallBack,1.9444096088409424,38576,"[35123, 2867, 448]",0.7847,-9.525372505187988,85.27172493934631
random_unstructured_nonfinetune_0.5,80,82,28,2,64,NonCallBack,1.9691603183746338,27593,"[25088, 2048, 319]",0.4665,-3.918825149536133,15.80153203010559
random_unstructured_nonfinetune_0.8,80,82,28,2,64,NonCallBack,1.9490845203399658,11121,"[10035, 820, 128]",0.1608,-1.4340980052947998,1.1595759391784668
random_unstructured_nonfinetune_0.9,80,82,28,2,64,NonCallBack,2.000896453857422,5628,"[5017, 409, 64]",0.1034,-3.099520206451416,0.2994198799133301
random_unstructured_nonfinetune_0.95,80,82,28,2,64,NonCallBack,2.0536160469055176,2884,"[2509, 205, 32]",0.1032,0.13908886909484863,0.144057035446167
random_structured_finetune_0.3,80,82,28,2,64,NonCallBack,183.09807109832764,38745,"[35279, 2880, 448]",0.7889,-2.4585633277893066,40.03631281852722
random_structured_finetune_0.5,80,82,28,2,64,NonCallBack,189.20440244674683,27593,"[25087, 2048, 320]",0.5914,-1.4696400165557861,0.0602259635925293
random_structured_finetune_0.8,80,82,28,2,64,NonCallBack,182.9663381576538,10442,"[9408, 768, 128]",0.2954,-12.258678436279297,3.922744035720825
random_structured_finetune_0.9,80,82,28,2,64,NonCallBack,183.40081453323364,5290,"[4704, 384, 64]",0.2055,5.308158874511719,
random_structured_finetune_0.95,80,82,28,2,64,NonCallBack,195.1474413871765,2746,"[2352, 192, 64]",0.1943,1.8501441478729248,
random_structured_nonfinetune_0.3,80,82,28,2,64,NonCallBack,1.951490879058838,38746,"[35280, 2880, 448]",0.6268,-6.366539001464844,30.256253957748413
random_structured_nonfinetune_0.5,80,82,28,2,64,NonCallBack,1.9797015190124512,27594,"[25088, 2048, 320]",0.436,-4.751499176025391,2.3069357872009277
random_structured_nonfinetune_0.8,80,82,28,2,64,NonCallBack,1.9949414730072021,10442,"[9408, 768, 128]",0.1033,-0.0029238462448120117,0.024981021881103516
random_structured_nonfinetune_0.9,80,82,28,2,64,NonCallBack,2.0251266956329346,5289,"[4703, 384, 64]",0.1032,1.8191664218902588,
random_structured_nonfinetune_0.95,80,82,28,2,64,NonCallBack,2.087740659713745,2746,"[2352, 192, 64]",0.1032,0.5715762376785278,0.01854705810546875
dense,80,82,28,4,32,NonCallBack,0,28617,"[25087, 1024, 1024, 1024, 320]",0.956,-12.37976360321045,17.562560081481934
unstructured_finetune_0.3,80,82,28,4,32,NonCallBack,200.76612162590027,20070,"[17561, 716, 716, 716, 223]",0.968,-11.760367393493652,27.9721200466156
unstructured_finetune_0.5,80,82,28,4,32,NonCallBack,200.62896299362183,14379,"[12544, 512, 512, 512, 161]",0.9655,-13.776045799255371,98.21770095825195
unstructured_finetune_0.8,80,82,28,4,32,NonCallBack,206.8515875339508,5835,"[5018, 205, 205, 205, 64]",0.9559,-9.76384162902832,18.718127012252808
unstructured_finetune_0.9,80,82,28,4,32,NonCallBack,204.67468547821045,2985,"[2509, 102, 102, 102, 32]",0.9327,-6.754722595214844,0.4163060188293457
unstructured_finetune_0.95,80,82,28,4,32,NonCallBack,206.08859944343567,1562,"[1255, 51, 51, 51, 16]",0.906,-2.038736343383789,0.12730908393859863
unstructured_nonfinetune_0.3,80,82,28,4,32,NonCallBack,1.8822360038757324,20070,"[17561, 716, 716, 716, 223]",0.9492,-12.120722770690918,18.017000913619995
unstructured_nonfinetune_0.5,80,82,28,4,32,NonCallBack,1.904123067855835,14379,"[12544, 512, 512, 512, 161]",0.9187,-13.236385345458984,1.7794609069824219
unstructured_nonfinetune_0.8,80,82,28,4,32,NonCallBack,1.938657283782959,5835,"[5018, 205, 205, 205, 64]",0.3483,-9.545256614685059,0.8517539501190186
unstructured_nonfinetune_0.9,80,82,28,4,32,NonCallBack,1.8878257274627686,2985,"[2509, 102, 102, 102, 32]",0.2015,-11.447530746459961,0.41091203689575195
unstructured_nonfinetune_0.95,80,82,28,4,32,NonCallBack,1.991840124130249,1562,"[1255, 51, 51, 51, 16]",0.1748,-9.341316223144531,0.036489009857177734
structured_finetune_0.3,80,82,28,4,32,NonCallBack,200.80006670951843,19721,"[17247, 704, 704, 704, 224]",0.7788,2.2794203758239746,
structured_finetune_0.5,80,82,28,4,32,NonCallBack,205.44462275505066,14377,"[12543, 512, 512, 512, 160]",0.5911,3.7050435543060303,
structured_finetune_0.8,80,82,28,4,32,NonCallBack,201.37136673927307,6362,"[5488, 224, 224, 224, 64]",0.305,3.3105287551879883,
structured_finetune_0.9,80,82,28,4,32,NonCallBack,200.31879901885986,2810,"[2352, 96, 96, 96, 32]",0.2106,-1.3143022060394287,0.013818979263305664
structured_finetune_0.95,80,82,28,4,32,NonCallBack,200.02712535858154,1930,"[1568, 64, 64, 64, 32]",0.2088,-0.30219125747680664,0.010897159576416016
structured_nonfinetune_0.3,80,82,28,4,32,NonCallBack,1.9156792163848877,19721,"[17247, 704, 704, 704, 224]",0.5201,-9.184331893920898,1.1431629657745361
structured_nonfinetune_0.5,80,82,28,4,32,NonCallBack,1.8309288024902344,14377,"[12543, 512, 512, 512, 160]",0.2508,-2.5904130935668945,42.716498136520386
structured_nonfinetune_0.8,80,82,28,4,32,NonCallBack,1.8785731792449951,6362,"[5488, 224, 224, 224, 64]",0.1136,2.088256359100342,
structured_nonfinetune_0.9,80,82,28,4,32,NonCallBack,1.8022730350494385,2810,"[2352, 96, 96, 96, 32]",0.1135,3.856991767883301,
structured_nonfinetune_0.95,80,82,28,4,32,NonCallBack,1.9235508441925049,1930,"[1568, 64, 64, 64, 32]",0.1135,5.742325305938721,
random_unstructured_finetune_0.3,80,82,28,4,32,NonCallBack,204.41698575019836,20070,"[17561, 716, 716, 716, 223]",0.9564,-10.174248695373535,62.125746965408325
random_unstructured_finetune_0.5,80,82,28,4,32,NonCallBack,209.74372601509094,14378,"[12543, 512, 512, 512, 161]",0.9417,-6.558506011962891,112.72143912315369
random_unstructured_finetune_0.8,80,82,28,4,32,NonCallBack,207.70234608650208,5835,"[5018, 205, 205, 205, 64]",0.3797,-4.666745185852051,0.5332679748535156
random_unstructured_finetune_0.9,80,82,28,4,32,NonCallBack,206.3815050125122,2985,"[2509, 102, 102, 102, 32]",0.1135,-0.6175858974456787,0.17114591598510742
random_unstructured_finetune_0.95,80,82,28,4,32,NonCallBack,211.19772672653198,1562,"[1255, 51, 51, 51, 16]",0.1135,4.254132270812988,
random_unstructured_nonfinetune_0.3,80,82,28,4,32,NonCallBack,1.9954369068145752,20070,"[17561, 716, 716, 716, 223]",0.5493,-7.680391311645508,178.03594779968262
random_unstructured_nonfinetune_0.5,80,82,28,4,32,NonCallBack,1.9785387516021729,14378,"[12543, 512, 512, 512, 161]",0.3034,-7.796758651733398,2.3456530570983887
random_unstructured_nonfinetune_0.8,80,82,28,4,32,NonCallBack,1.9728949069976807,5835,"[5018, 205, 205, 205, 64]",0.1135,-12.089353561401367,1.6293518543243408
random_unstructured_nonfinetune_0.9,80,82,28,4,32,NonCallBack,2.0511415004730225,2985,"[2509, 102, 102, 102, 32]",0.1135,-6.871511459350586,0.20426011085510254
random_unstructured_nonfinetune_0.95,80,82,28,4,32,NonCallBack,2.0247743129730225,1562,"[1255, 51, 51, 51, 16]",0.1009,0.9056751728057861,0.03132486343383789
random_structured_finetune_0.3,80,82,28,4,32,NonCallBack,205.83696627616882,19721,"[17247, 704, 704, 704, 224]",0.7657,-1.3924016952514648,102.1842041015625
random_structured_finetune_0.5,80,82,28,4,32,NonCallBack,208.29944157600403,14377,"[12543, 512, 512, 512, 160]",0.5871,2.18013858795166,
random_structured_finetune_0.8,80,82,28,4,32,NonCallBack,203.64518475532532,6362,"[5488, 224, 224, 224, 64]",0.2814,4.049120903015137,
random_structured_finetune_0.9,80,82,28,4,32,NonCallBack,203.63295602798462,2810,"[2352, 96, 96, 96, 32]",0.1873,4.220769882202148,
random_structured_finetune_0.95,80,82,28,4,32,NonCallBack,205.020441532135,1930,"[1568, 64, 64, 64, 32]",0.1135,0.7412993311882019,0.010071992874145508
random_structured_nonfinetune_0.3,80,82,28,4,32,NonCallBack,2.024214267730713,19721,"[17247, 704, 704, 704, 224]",0.4348,-16.56014633178711,1.2169699668884277
random_structured_nonfinetune_0.5,80,82,28,4,32,NonCallBack,2.088911294937134,14377,"[12543, 512, 512, 512, 160]",0.1785,3.122262716293335,
random_structured_nonfinetune_0.8,80,82,28,4,32,NonCallBack,2.056180000305176,6362,"[5488, 224, 224, 224, 64]",0.1009,-2.592738628387451,0.018292903900146484
random_structured_nonfinetune_0.9,80,82,28,4,32,NonCallBack,2.020115613937378,2810,"[2352, 96, 96, 96, 32]",0.0892,3.8738934993743896,
random_structured_nonfinetune_0.95,80,82,28,4,32,NonCallBack,2.2560040950775146,1930,"[1568, 64, 64, 64, 32]",0.1135,4.275847434997559,
dense,80,82,28,4,64,NonCallBack,0,63369,"[50175, 4096, 4096, 4096, 640]",0.9699,1.4472949504852295,
unstructured_finetune_0.3,80,82,28,4,64,NonCallBack,200.57252764701843,44438,"[35123, 2867, 2867, 2867, 448]",0.9764,3.7979602813720703,
unstructured_finetune_0.5,80,82,28,4,64,NonCallBack,204.75949454307556,31817,"[25088, 2048, 2048, 2048, 319]",0.975,-1.3218929767608643,101.1806800365448
unstructured_finetune_0.8,80,82,28,4,64,NonCallBack,207.99998378753662,12889,"[10035, 820, 820, 820, 128]",0.9725,-6.535919666290283,57.046022176742554
unstructured_finetune_0.9,80,82,28,4,64,NonCallBack,202.04862117767334,6574,"[5017, 409, 409, 409, 64]",0.9649,-7.11538028717041,32.1064019203186
unstructured_finetune_0.95,80,82,28,4,64,NonCallBack,201.1640338897705,3422,"[2509, 205, 205, 205, 32]",0.9495,-5.620021820068359,0.7625961303710938
unstructured_nonfinetune_0.3,80,82,28,4,64,NonCallBack,1.964378833770752,44438,"[35123, 2867, 2867, 2867, 448]",0.9679,-2.034909725189209,121.758229970932
unstructured_nonfinetune_0.5,80,82,28,4,64,NonCallBack,1.9363336563110352,31817,"[25088, 2048, 2048, 2048, 319]",0.9612,1.2011390924453735,
unstructured_nonfinetune_0.8,80,82,28,4,64,NonCallBack,1.7884016036987305,12889,"[10035, 820, 820, 820, 128]",0.7431,-3.5319466590881348,53.828124046325684
unstructured_nonfinetune_0.9,80,82,28,4,64,NonCallBack,1.9610042572021484,6574,"[5017, 409, 409, 409, 64]",0.2471,-6.666657447814941,54.622188091278076
unstructured_nonfinetune_0.95,80,82,28,4,64,NonCallBack,1.8164665699005127,3422,"[2509, 205, 205, 205, 32]",0.1046,-1.307382583618164,7.101267099380493
structured_finetune_0.3,80,82,28,4,64,NonCallBack,202.04714107513428,44634,"[35280, 2880, 2880, 2880, 448]",0.7885,-0.3037644624710083,0.15970993041992188
structured_finetune_0.5,80,82,28,4,64,NonCallBack,202.58497953414917,31818,"[25088, 2048, 2048, 2048, 320]",0.5951,1.1431927680969238,
structured_finetune_0.8,80,82,28,4,64,NonCallBack,201.69565224647522,12106,"[9408, 768, 768, 768, 128]",0.2941,2.10917592048645,
structured_finetune_0.9,80,82,28,4,64,NonCallBack,208.40339398384094,6186,"[4704, 384, 384, 384, 64]",0.206,2.905317544937134,
structured_finetune_0.95,80,82,28,4,64,NonCallBack,207.78224205970764,3258,"[2352, 192, 192, 192, 64]",0.2053,-3.196956157684326,0.02518486976623535
structured_nonfinetune_0.3,80,82,28,4,64,NonCallBack,1.7999470233917236,44634,"[35280, 2880, 2880, 2880, 448]",0.6808,-2.111023426055908,72.71193289756775
structured_nonfinetune_0.5,80,82,28,4,64,NonCallBack,1.9162936210632324,31818,"[25088, 2048, 2048, 2048, 320]",0.3841,-9.461967468261719,139.66626906394958
structured_nonfinetune_0.8,80,82,28,4,64,NonCallBack,1.795314073562622,12106,"[9408, 768, 768, 768, 128]",0.1009,-1.6634068489074707,0.024882078170776367
structured_nonfinetune_0.9,80,82,28,4,64,NonCallBack,1.8909835815429688,6186,"[4704, 384, 384, 384, 64]",0.1009,-3.502107620239258,0.017679929733276367
structured_nonfinetune_0.95,80,82,28,4,64,NonCallBack,1.8426475524902344,3258,"[2352, 192, 192, 192, 64]",0.1009,-4.650974273681641,0.01538705825805664
random_unstructured_finetune_0.3,80,82,28,4,64,NonCallBack,204.78644943237305,44437,"[35122, 2867, 2867, 2867, 448]",0.9698,3.2985587120056152,
random_unstructured_finetune_0.5,80,82,28,4,64,NonCallBack,211.38164854049683,31816,"[25087, 2048, 2048, 2048, 319]",0.9578,-2.500883102416992,184.15676093101501
random_unstructured_finetune_0.8,80,82,28,4,64,NonCallBack,210.82886457443237,12889,"[10035, 820, 820, 820, 128]",0.335,-1.4917545318603516,73.38477277755737
random_unstructured_finetune_0.9,80,82,28,4,64,NonCallBack,204.57383060455322,6574,"[5017, 409, 409, 409, 64]",0.1135,1.348421573638916,
random_unstructured_finetune_0.95,80,82,28,4,64,NonCallBack,203.72055411338806,3422,"[2509, 205, 205, 205, 32]",0.1135,-0.03601837158203125,0.1536860466003418
random_unstructured_nonfinetune_0.3,80,82,28,4,64,NonCallBack,2.0085153579711914,44437,"[35122, 2867, 2867, 2867, 448]",0.7704,5.436733245849609,
random_unstructured_nonfinetune_0.5,80,82,28,4,64,NonCallBack,2.021796703338623,31816,"[25087, 2048, 2048, 2048, 319]",0.3167,10.676173210144043,
random_unstructured_nonfinetune_0.8,80,82,28,4,64,NonCallBack,2.0435361862182617,12889,"[10035, 820, 820, 820, 128]",0.0892,3.445758581161499,
random_unstructured_nonfinetune_0.9,80,82,28,4,64,NonCallBack,2.0358991622924805,6574,"[5017, 409, 409, 409, 64]",0.1009,-1.1595139503479004,15.406440019607544
random_unstructured_nonfinetune_0.95,80,82,28,4,64,NonCallBack,2.0437538623809814,3422,"[2509, 205, 205, 205, 32]",0.0959,-2.7866311073303223,0.29648303985595703
random_structured_finetune_0.3,80,82,28,4,64,NonCallBack,206.06071138381958,44633,"[35279, 2880, 2880, 2880, 448]",0.7754,3.0357658863067627,
random_structured_finetune_0.5,80,82,28,4,64,NonCallBack,208.81895971298218,31817,"[25087, 2048, 2048, 2048, 320]",0.5788,-9.803236961364746,58.264554023742676
random_structured_finetune_0.8,80,82,28,4,64,NonCallBack,208.94765496253967,12106,"[9408, 768, 768, 768, 128]",0.2891,2.162061929702759,
random_structured_finetune_0.9,80,82,28,4,64,NonCallBack,211.85539031028748,6186,"[4704, 384, 384, 384, 64]",0.1135,1.4949424266815186,
random_structured_finetune_0.95,80,82,28,4,64,NonCallBack,209.37974667549133,3258,"[2352, 192, 192, 192, 64]",0.1135,2.4235246181488037,
random_structured_nonfinetune_0.3,80,82,28,4,64,NonCallBack,2.0382916927337646,44633,"[35279, 2880, 2880, 2880, 448]",0.4255,-2.099773406982422,3.962214946746826
random_structured_nonfinetune_0.5,80,82,28,4,64,NonCallBack,2.0156972408294678,31817,"[25087, 2048, 2048, 2048, 320]",0.2464,-2.281831741333008,150.66004014015198
random_structured_nonfinetune_0.8,80,82,28,4,64,NonCallBack,1.9850311279296875,12106,"[9408, 768, 768, 768, 128]",0.0892,-0.1391667127609253,17.476737022399902
random_structured_nonfinetune_0.9,80,82,28,4,64,NonCallBack,1.9459187984466553,6186,"[4704, 384, 384, 384, 64]",0.1009,-4.296926498413086,0.04874897003173828
random_structured_nonfinetune_0.95,80,82,28,4,64,NonCallBack,1.9921107292175293,3258,"[2352, 192, 192, 192, 64]",0.1009,-5.2053022384643555,0.021457910537719727
dense,80,82,18,2,32,NonCallBack,0,11786,"[10368, 1024, 320]",0.9504,-18.165674209594727,0.5408298969268799
unstructured_finetune_0.3,80,82,18,2,32,NonCallBack,186.94402647018433,8270,"[7257, 716, 223]",0.9599,-17.71287727355957,0.3903839588165283
unstructured_finetune_0.5,80,82,18,2,32,NonCallBack,184.06874108314514,5931,"[5184, 512, 161]",0.9582,-17.72306251525879,0.30465078353881836
unstructured_finetune_0.8,80,82,18,2,32,NonCallBack,180.4983787536621,2417,"[2074, 205, 64]",0.9429,-13.255998611450195,0.1608281135559082
unstructured_finetune_0.9,80,82,18,2,32,NonCallBack,186.75586986541748,1245,"[1037, 102, 32]",0.9107,-2.6211020946502686,0.03972291946411133
unstructured_finetune_0.95,80,82,18,2,32,NonCallBack,180.9570381641388,660,"[519, 51, 16]",0.8436,-11.189014434814453,0.024302005767822266
unstructured_nonfinetune_0.3,80,82,18,2,32,NonCallBack,1.8764233589172363,8270,"[7257, 716, 223]",0.948,-18.073896408081055,0.42730188369750977
unstructured_nonfinetune_0.5,80,82,18,2,32,NonCallBack,1.8876538276672363,5931,"[5184, 512, 161]",0.8661,-16.99839973449707,0.2860839366912842
unstructured_nonfinetune_0.8,80,82,18,2,32,NonCallBack,1.8410885334014893,2417,"[2074, 205, 64]",0.3498,-19.731306076049805,0.10120296478271484
unstructured_nonfinetune_0.9,80,82,18,2,32,NonCallBack,1.935206651687622,1245,"[1037, 102, 32]",0.1341,-1.8086047172546387,0.02473616600036621
unstructured_nonfinetune_0.95,80,82,18,2,32,NonCallBack,1.8683981895446777,660,"[519, 51, 16]",0.1947,-4.904914855957031,0.013859033584594727
structured_finetune_0.3,80,82,18,2,32,NonCallBack,180.14599061012268,8130,"[7128, 704, 224]",0.7588,-17.280515670776367,0.3937230110168457
structured_finetune_0.5,80,82,18,2,32,NonCallBack,182.92402124404907,5930,"[5184, 512, 160]",0.5647,-8.300061225891113,0.0466310977935791
structured_finetune_0.8,80,82,18,2,32,NonCallBack,182.61088824272156,2630,"[2268, 224, 64]",0.2966,-2.1079773902893066,0.00727391242980957
structured_finetune_0.9,80,82,18,2,32,NonCallBack,180.24032282829285,1174,"[972, 96, 32]",0.2088,1.548710823059082,
structured_finetune_0.95,80,82,18,2,32,NonCallBack,181.563134431839,818,"[648, 64, 32]",0.2089,-0.26673078536987305,0.005774021148681641
structured_nonfinetune_0.3,80,82,18,2,32,NonCallBack,1.8790302276611328,8130,"[7128, 704, 224]",0.4621,-16.914630889892578,0.28423309326171875
structured_nonfinetune_0.5,80,82,18,2,32,NonCallBack,1.876833200454712,5930,"[5184, 512, 160]",0.3864,-7.533360481262207,0.04124808311462402
structured_nonfinetune_0.8,80,82,18,2,32,NonCallBack,1.8449859619140625,2630,"[2268, 224, 64]",0.1191,-6.153466701507568,0.030709028244018555
structured_nonfinetune_0.9,80,82,18,2,32,NonCallBack,1.8756721019744873,1174,"[972, 96, 32]",0.1135,-1.770927906036377,0.0057239532470703125
structured_nonfinetune_0.95,80,82,18,2,32,NonCallBack,1.8928825855255127,818,"[648, 64, 32]",0.1135,-3.6372318267822266,0.005075931549072266
random_unstructured_finetune_0.3,80,82,18,2,32,NonCallBack,183.3533957004547,8270,"[7257, 716, 223]",0.949,-11.02841567993164,0.33373188972473145
random_unstructured_finetune_0.5,80,82,18,2,32,NonCallBack,183.3200080394745,5931,"[5184, 512, 161]",0.9267,-13.849096298217773,0.2398829460144043
random_unstructured_finetune_0.8,80,82,18,2,32,NonCallBack,189.82168769836426,2417,"[2074, 205, 64]",0.8335,-11.924356460571289,0.10454511642456055
random_unstructured_finetune_0.9,80,82,18,2,32,NonCallBack,183.40443968772888,1245,"[1037, 102, 32]",0.4407,-8.328912734985352,0.021765947341918945
random_unstructured_finetune_0.95,80,82,18,2,32,NonCallBack,192.00469708442688,660,"[519, 51, 16]",0.1193,-1.8808469772338867,0.015892982482910156
random_unstructured_nonfinetune_0.3,80,82,18,2,32,NonCallBack,2.0231854915618896,8270,"[7257, 716, 223]",0.3734,-10.977537155151367,0.5865030288696289
random_unstructured_nonfinetune_0.5,80,82,18,2,32,NonCallBack,2.035372018814087,5931,"[5184, 512, 161]",0.3686,-11.966825485229492,0.33997416496276855
random_unstructured_nonfinetune_0.8,80,82,18,2,32,NonCallBack,2.0114645957946777,2417,"[2074, 205, 64]",0.1632,-1.1916799545288086,0.1313188076019287
random_unstructured_nonfinetune_0.9,80,82,18,2,32,NonCallBack,1.9896717071533203,1245,"[1037, 102, 32]",0.1137,-13.346673011779785,0.012181997299194336
random_unstructured_nonfinetune_0.95,80,82,18,2,32,NonCallBack,1.9762945175170898,660,"[519, 51, 16]",0.1135,-2.100266456604004,0.023292064666748047
random_structured_finetune_0.3,80,82,18,2,32,NonCallBack,195.4579951763153,8130,"[7128, 704, 224]",0.7738,-16.111997604370117,0.21310710906982422
random_structured_finetune_0.5,80,82,18,2,32,NonCallBack,182.86276030540466,5930,"[5184, 512, 160]",0.5705,-16.06231689453125,0.053143978118896484
random_structured_finetune_0.8,80,82,18,2,32,NonCallBack,182.75948238372803,2630,"[2268, 224, 64]",0.2741,-26.638111114501953,0.017546892166137695
random_structured_finetune_0.9,80,82,18,2,32,NonCallBack,189.17178106307983,1174,"[972, 96, 32]",0.2105,-0.13735973834991455,0.005925893783569336
random_structured_finetune_0.95,80,82,18,2,32,NonCallBack,183.8837296962738,818,"[648, 64, 32]",0.2041,-0.4426330327987671,0.004723072052001953
random_structured_nonfinetune_0.3,80,82,18,2,32,NonCallBack,1.9963712692260742,8130,"[7128, 704, 224]",0.5134,-19.18803596496582,0.40386390686035156
random_structured_nonfinetune_0.5,80,82,18,2,32,NonCallBack,1.9345290660858154,5930,"[5184, 512, 160]",0.3808,-15.079486846923828,0.0858919620513916
random_structured_nonfinetune_0.8,80,82,18,2,32,NonCallBack,2.0586562156677246,2630,"[2268, 224, 64]",0.1135,1.9859685897827148,
random_structured_nonfinetune_0.9,80,82,18,2,32,NonCallBack,2.0090579986572266,1174,"[972, 96, 32]",0.1135,-2.8685688972473145,0.005076885223388672
random_structured_nonfinetune_0.95,80,82,18,2,32,NonCallBack,2.094597339630127,818,"[648, 64, 32]",0.1154,-3.7038869857788086,0.004591941833496094
dense,80,82,18,2,64,NonCallBack,0,25610,"[20736, 4096, 640]",0.9615,-21.332439422607422,1.9710559844970703
unstructured_finetune_0.3,80,82,18,2,64,NonCallBack,181.9576699733734,17968,"[14515, 2867, 448]",0.9718,-14.175332069396973,1.516239881515503
unstructured_finetune_0.5,80,82,18,2,64,NonCallBack,182.03324508666992,12873,"[10368, 2048, 319]",0.9711,-13.813749313354492,0.18453192710876465
unstructured_finetune_0.8,80,82,18,2,64,NonCallBack,181.7456705570221,5233,"[4147, 820, 128]",0.9626,-18.814743041992188,0.35828304290771484
unstructured_finetune_0.9,80,82,18,2,64,NonCallBack,182.48225951194763,2685,"[2074, 409, 64]",0.9438,-16.94158935546875,0.2028200626373291
unstructured_finetune_0.95,80,82,18,2,64,NonCallBack,181.45513248443604,1411,"[1036, 205, 32]",0.9117,-9.535406112670898,0.0420989990234375
unstructured_nonfinetune_0.3,80,82,18,2,64,NonCallBack,1.7559523582458496,17968,"[14515, 2867, 448]",0.9601,-21.1702880859375,1.4936320781707764
unstructured_nonfinetune_0.5,80,82,18,2,64,NonCallBack,1.8934056758880615,12873,"[10368, 2048, 319]",0.956,-20.91803550720215,0.19528603553771973
unstructured_nonfinetune_0.8,80,82,18,2,64,NonCallBack,1.8645451068878174,5233,"[4147, 820, 128]",0.7279,-13.545013427734375,0.28376102447509766
unstructured_nonfinetune_0.9,80,82,18,2,64,NonCallBack,1.8547868728637695,2685,"[2074, 409, 64]",0.3054,-16.269023895263672,0.060667991638183594
unstructured_nonfinetune_0.95,80,82,18,2,64,NonCallBack,1.829639196395874,1411,"[1036, 205, 32]",0.2979,-10.877285957336426,0.016010046005249023
structured_finetune_0.3,80,82,18,2,64,NonCallBack,180.8575360774994,18046,"[14580, 2880, 448]",0.7785,-7.988856315612793,0.9140961170196533
structured_finetune_0.5,80,82,18,2,64,NonCallBack,189.75449681282043,12874,"[10368, 2048, 320]",0.5865,-8.746195793151855,0.4981060028076172
structured_finetune_0.8,80,82,18,2,64,NonCallBack,183.34883832931519,4922,"[3888, 768, 128]",0.2953,-3.061099052429199,0.03411102294921875
structured_finetune_0.9,80,82,18,2,64,NonCallBack,186.9263083934784,2530,"[1944, 384, 64]",0.1968,-2.2553024291992188,0.018751859664916992
structured_finetune_0.95,80,82,18,2,64,NonCallBack,181.3208453655243,1366,"[972, 192, 64]",0.2089,-1.5291204452514648,0.0063169002532958984
structured_nonfinetune_0.3,80,82,18,2,64,NonCallBack,1.8133106231689453,18046,"[14580, 2880, 448]",0.6658,-9.858874320983887,0.8522148132324219
structured_nonfinetune_0.5,80,82,18,2,64,NonCallBack,1.893481731414795,12874,"[10368, 2048, 320]",0.4195,-8.828206062316895,0.022841930389404297
structured_nonfinetune_0.8,80,82,18,2,64,NonCallBack,1.8559017181396484,4922,"[3888, 768, 128]",0.1102,1.3447213172912598,
structured_nonfinetune_0.9,80,82,18,2,64,NonCallBack,1.890467643737793,2530,"[1944, 384, 64]",0.0892,3.503305435180664,
structured_nonfinetune_0.95,80,82,18,2,64,NonCallBack,1.9022479057312012,1366,"[972, 192, 64]",0.0892,4.761385440826416,
random_unstructured_finetune_0.3,80,82,18,2,64,NonCallBack,184.4565074443817,17968,"[14515, 2867, 448]",0.9576,-19.78483009338379,2.0516788959503174
random_unstructured_finetune_0.5,80,82,18,2,64,NonCallBack,189.69811010360718,12873,"[10368, 2048, 319]",0.9434,-16.107826232910156,0.8388528823852539
random_unstructured_finetune_0.8,80,82,18,2,64,NonCallBack,187.76771450042725,5233,"[4147, 820, 128]",0.8718,-9.933977127075195,0.24750089645385742
random_unstructured_finetune_0.9,80,82,18,2,64,NonCallBack,183.14703631401062,2685,"[2074, 409, 64]",0.516,-3.2667007446289062,0.0957491397857666
random_unstructured_finetune_0.95,80,82,18,2,64,NonCallBack,183.2354860305786,1411,"[1036, 205, 32]",0.1305,-1.0317416191101074,0.03153085708618164
random_unstructured_nonfinetune_0.3,80,82,18,2,64,NonCallBack,2.0475971698760986,17968,"[14515, 2867, 448]",0.7896,-10.248537063598633,1.4023640155792236
random_unstructured_nonfinetune_0.5,80,82,18,2,64,NonCallBack,2.0433895587921143,12873,"[10368, 2048, 319]",0.457,-4.636507034301758,0.8803269863128662
random_unstructured_nonfinetune_0.8,80,82,18,2,64,NonCallBack,2.051025867462158,5233,"[4147, 820, 128]",0.2283,5.827917098999023,
random_unstructured_nonfinetune_0.9,80,82,18,2,64,NonCallBack,2.0286636352539062,2685,"[2074, 409, 64]",0.1025,2.396751642227173,
random_unstructured_nonfinetune_0.95,80,82,18,2,64,NonCallBack,2.0323381423950195,1411,"[1036, 205, 32]",0.0638,-3.907893180847168,0.04269814491271973
random_structured_finetune_0.3,80,82,18,2,64,NonCallBack,198.77079033851624,18046,"[14580, 2880, 448]",0.7777,-0.01513826847076416,0.034620046615600586
random_structured_finetune_0.5,80,82,18,2,64,NonCallBack,187.4207468032837,12874,"[10368, 2048, 320]",0.5843,-0.10178160667419434,0.025140047073364258
random_structured_finetune_0.8,80,82,18,2,64,NonCallBack,185.94310021400452,4922,"[3888, 768, 128]",0.2981,-2.529989242553711,0.010013818740844727
random_structured_finetune_0.9,80,82,18,2,64,NonCallBack,183.58983850479126,2530,"[1944, 384, 64]",0.2103,0.3175050616264343,0.008807897567749023
random_structured_finetune_0.95,80,82,18,2,64,NonCallBack,188.75993299484253,1366,"[972, 192, 64]",0.2051,2.982926368713379,
random_structured_nonfinetune_0.3,80,82,18,2,64,NonCallBack,2.0579211711883545,18046,"[14580, 2880, 448]",0.5644,-4.929483890533447,0.2609219551086426
random_structured_nonfinetune_0.5,80,82,18,2,64,NonCallBack,1.9898614883422852,12874,"[10368, 2048, 320]",0.3605,-14.548822402954102,0.6927587985992432
random_structured_nonfinetune_0.8,80,82,18,2,64,NonCallBack,2.0959715843200684,4922,"[3888, 768, 128]",0.0911,0.3582937717437744,0.2217879295349121
random_structured_nonfinetune_0.9,80,82,18,2,64,NonCallBack,1.9648497104644775,2530,"[1944, 384, 64]",0.0892,3.718197822570801,
random_structured_nonfinetune_0.95,80,82,18,2,64,NonCallBack,2.0051589012145996,1366,"[972, 192, 64]",0.0892,-1.4389467239379883,0.026014089584350586
dense,80,82,18,4,32,NonCallBack,0,13898,"[10368, 1024, 1024, 1024, 320]",0.9547,-18.0157527923584,1.8555269241333008
unstructured_finetune_0.3,80,82,18,4,32,NonCallBack,202.9914493560791,9766,"[7257, 716, 716, 716, 223]",0.9626,-23.092533111572266,1.3970398902893066
unstructured_finetune_0.5,80,82,18,4,32,NonCallBack,200.58310770988464,7019,"[5184, 512, 512, 512, 161]",0.9633,-22.488109588623047,16.212162017822266
unstructured_finetune_0.8,80,82,18,4,32,NonCallBack,207.4627227783203,2891,"[2074, 205, 205, 205, 64]",0.9542,-13.841754913330078,0.5591211318969727
unstructured_finetune_0.9,80,82,18,4,32,NonCallBack,202.13250517845154,1513,"[1037, 102, 102, 102, 32]",0.9311,-8.600356101989746,0.2732110023498535
unstructured_finetune_0.95,80,82,18,4,32,NonCallBack,201.36496233940125,826,"[519, 51, 51, 51, 16]",0.8355,-15.024797439575195,0.042407989501953125
unstructured_nonfinetune_0.3,80,82,18,4,32,NonCallBack,1.9071674346923828,9766,"[7257, 716, 716, 716, 223]",0.9546,-23.357341766357422,19.738315105438232
unstructured_nonfinetune_0.5,80,82,18,4,32,NonCallBack,1.97249174118042,7019,"[5184, 512, 512, 512, 161]",0.9406,-17.66478729248047,17.8442280292511
unstructured_nonfinetune_0.8,80,82,18,4,32,NonCallBack,1.899933099746704,2891,"[2074, 205, 205, 205, 64]",0.4735,-10.245655059814453,0.4687948226928711
unstructured_nonfinetune_0.9,80,82,18,4,32,NonCallBack,1.9311859607696533,1513,"[1037, 102, 102, 102, 32]",0.1997,-8.346410751342773,0.19384384155273438
unstructured_nonfinetune_0.95,80,82,18,4,32,NonCallBack,1.952711582183838,826,"[519, 51, 51, 51, 16]",0.0892,3.289306640625,
structured_finetune_0.3,80,82,18,4,32,NonCallBack,201.46851301193237,9602,"[7128, 704, 704, 704, 224]",0.7627,-21.040739059448242,23.674090147018433
structured_finetune_0.5,80,82,18,4,32,NonCallBack,201.89769625663757,7018,"[5184, 512, 512, 512, 160]",0.5794,-3.684145927429199,0.01575613021850586
structured_finetune_0.8,80,82,18,4,32,NonCallBack,202.15026569366455,3142,"[2268, 224, 224, 224, 64]",0.307,0.005739927291870117,0.009490966796875
structured_finetune_0.9,80,82,18,4,32,NonCallBack,200.48645329475403,1430,"[972, 96, 96, 96, 32]",0.209,0.6861912608146667,0.008447885513305664
structured_finetune_0.95,80,82,18,4,32,NonCallBack,201.26462364196777,1010,"[648, 64, 64, 64, 32]",0.2089,0.8393117189407349,0.00645899772644043
structured_nonfinetune_0.3,80,82,18,4,32,NonCallBack,1.831855297088623,9602,"[7128, 704, 704, 704, 224]",0.4644,-20.646146774291992,15.461066007614136
structured_nonfinetune_0.5,80,82,18,4,32,NonCallBack,1.8072128295898438,7018,"[5184, 512, 512, 512, 160]",0.1908,-18.598529815673828,0.01453089714050293
structured_nonfinetune_0.8,80,82,18,4,32,NonCallBack,1.8270153999328613,3142,"[2268, 224, 224, 224, 64]",0.0948,5.046960830688477,
structured_nonfinetune_0.9,80,82,18,4,32,NonCallBack,2.012911796569824,1430,"[972, 96, 96, 96, 32]",0.0892,7.396105766296387,
structured_nonfinetune_0.95,80,82,18,4,32,NonCallBack,1.8631341457366943,1010,"[648, 64, 64, 64, 32]",0.0892,-0.6329301595687866,0.015290975570678711
random_unstructured_finetune_0.3,80,82,18,4,32,NonCallBack,203.4543924331665,9766,"[7257, 716, 716, 716, 223]",0.9513,-19.756893157958984,1.197045087814331
random_unstructured_finetune_0.5,80,82,18,4,32,NonCallBack,210.79333806037903,7019,"[5184, 512, 512, 512, 161]",0.9293,-5.372817039489746,1.084968090057373
random_unstructured_finetune_0.8,80,82,18,4,32,NonCallBack,210.99409747123718,2891,"[2074, 205, 205, 205, 64]",0.1962,-6.635475158691406,0.40064096450805664
random_unstructured_finetune_0.9,80,82,18,4,32,NonCallBack,209.4371554851532,1513,"[1037, 102, 102, 102, 32]",0.1135,1.0791945457458496,
random_unstructured_finetune_0.95,80,82,18,4,32,NonCallBack,204.91028141975403,826,"[519, 51, 51, 51, 16]",0.1135,-2.261467456817627,0.015069961547851562
random_unstructured_nonfinetune_0.3,80,82,18,4,32,NonCallBack,2.0375804901123047,9766,"[7257, 716, 716, 716, 223]",0.4322,-8.507781982421875,0.9644858837127686
random_unstructured_nonfinetune_0.5,80,82,18,4,32,NonCallBack,2.0390584468841553,7019,"[5184, 512, 512, 512, 161]",0.2509,-8.30391788482666,0.024631977081298828
random_unstructured_nonfinetune_0.8,80,82,18,4,32,NonCallBack,2.08135986328125,2891,"[2074, 205, 205, 205, 64]",0.0868,0.25675487518310547,0.03036808967590332
random_unstructured_nonfinetune_0.9,80,82,18,4,32,NonCallBack,1.9863181114196777,1513,"[1037, 102, 102, 102, 32]",0.0892,2.8860254287719727,
random_unstructured_nonfinetune_0.95,80,82,18,4,32,NonCallBack,1.9753601551055908,826,"[519, 51, 51, 51, 16]",0.0892,5.491425037384033,
random_structured_finetune_0.3,80,82,18,4,32,NonCallBack,210.45165824890137,9602,"[7128, 704, 704, 704, 224]",0.7598,-12.259160041809082,0.7864179611206055
random_structured_finetune_0.5,80,82,18,4,32,NonCallBack,208.92468070983887,7018,"[5184, 512, 512, 512, 160]",0.5616,-16.187707901000977,0.5751540660858154
random_structured_finetune_0.8,80,82,18,4,32,NonCallBack,204.23204016685486,3142,"[2268, 224, 224, 224, 64]",0.2726,3.4569661617279053,
random_structured_finetune_0.9,80,82,18,4,32,NonCallBack,202.20357704162598,1430,"[972, 96, 96, 96, 32]",0.1135,3.0616683959960938,
random_structured_finetune_0.95,80,82,18,4,32,NonCallBack,210.76018381118774,1010,"[648, 64, 64, 64, 32]",0.1135,7.601822376251221,
random_structured_nonfinetune_0.3,80,82,18,4,32,NonCallBack,2.0714240074157715,9602,"[7128, 704, 704, 704, 224]",0.35,-21.909406661987305,1.0687711238861084
random_structured_nonfinetune_0.5,80,82,18,4,32,NonCallBack,1.9550683498382568,7018,"[5184, 512, 512, 512, 160]",0.1181,-12.95850944519043,14.83889889717102
random_structured_nonfinetune_0.8,80,82,18,4,32,NonCallBack,1.9695172309875488,3142,"[2268, 224, 224, 224, 64]",0.0858,2.8985652923583984,
random_structured_nonfinetune_0.9,80,82,18,4,32,NonCallBack,2.0514817237854004,1430,"[972, 96, 96, 96, 32]",0.0957,-11.871515274047852,0.010123968124389648
random_structured_nonfinetune_0.95,80,82,18,4,32,NonCallBack,2.0488998889923096,1010,"[648, 64, 64, 64, 32]",0.1032,-1.7315106391906738,0.005920886993408203
dense,80,82,18,4,64,NonCallBack,0,33930,"[20736, 4096, 4096, 4096, 640]",0.9646,-4.7294158935546875,150.57092785835266
unstructured_finetune_0.3,80,82,18,4,64,NonCallBack,207.30610132217407,23830,"[14515, 2867, 2867, 2867, 448]",0.9756,-15.239166259765625,59.08821415901184
unstructured_finetune_0.5,80,82,18,4,64,NonCallBack,207.773592710495,17097,"[10368, 2048, 2048, 2048, 319]",0.975,-13.867831230163574,94.32971501350403
unstructured_finetune_0.8,80,82,18,4,64,NonCallBack,206.69612312316895,7001,"[4147, 820, 820, 820, 128]",0.9698,-15.313159942626953,51.525182008743286
unstructured_finetune_0.9,80,82,18,4,64,NonCallBack,203.41232204437256,3631,"[2074, 409, 409, 409, 64]",0.9585,-12.344514846801758,0.989987850189209
unstructured_finetune_0.95,80,82,18,4,64,NonCallBack,200.93015837669373,1949,"[1036, 205, 205, 205, 32]",0.9341,-6.878354072570801,0.3405439853668213
unstructured_nonfinetune_0.3,80,82,18,4,64,NonCallBack,1.914916753768921,23830,"[14515, 2867, 2867, 2867, 448]",0.9639,-17.66779327392578,165.9018349647522
unstructured_nonfinetune_0.5,80,82,18,4,64,NonCallBack,1.8322069644927979,17097,"[10368, 2048, 2048, 2048, 319]",0.9508,-14.593236923217773,200.68180298805237
unstructured_nonfinetune_0.8,80,82,18,4,64,NonCallBack,1.8696115016937256,7001,"[4147, 820, 820, 820, 128]",0.6204,-12.406317710876465,44.92515587806702
unstructured_nonfinetune_0.9,80,82,18,4,64,NonCallBack,1.8822917938232422,3631,"[2074, 409, 409, 409, 64]",0.3191,-11.68069076538086,77.83232188224792
unstructured_nonfinetune_0.95,80,82,18,4,64,NonCallBack,1.9279162883758545,1949,"[1036, 205, 205, 205, 32]",0.1714,-10.688558578491211,0.26175904273986816
structured_finetune_0.3,80,82,18,4,64,NonCallBack,201.8787989616394,23934,"[14580, 2880, 2880, 2880, 448]",0.7791,-16.102279663085938,94.00832891464233
structured_finetune_0.5,80,82,18,4,64,NonCallBack,206.26234698295593,17098,"[10368, 2048, 2048, 2048, 320]",0.586,-15.999923706054688,30.571313858032227
structured_finetune_0.8,80,82,18,4,64,NonCallBack,200.43334913253784,6586,"[3888, 768, 768, 768, 128]",0.3077,1.2995970249176025,
structured_finetune_0.9,80,82,18,4,64,NonCallBack,202.1291446685791,3426,"[1944, 384, 384, 384, 64]",0.211,-0.9183096885681152,0.009737014770507812
structured_finetune_0.95,80,82,18,4,64,NonCallBack,200.73991584777832,1878,"[972, 192, 192, 192, 64]",0.2092,-0.11286234855651855,0.008018016815185547
structured_nonfinetune_0.3,80,82,18,4,64,NonCallBack,1.8132445812225342,23934,"[14580, 2880, 2880, 2880, 448]",0.6614,-13.245292663574219,124.13536596298218
structured_nonfinetune_0.5,80,82,18,4,64,NonCallBack,1.9732978343963623,17098,"[10368, 2048, 2048, 2048, 320]",0.3894,-10.113900184631348,75.13693404197693
structured_nonfinetune_0.8,80,82,18,4,64,NonCallBack,1.922898769378662,6586,"[3888, 768, 768, 768, 128]",0.2019,-15.068626403808594,4.333204984664917
structured_nonfinetune_0.9,80,82,18,4,64,NonCallBack,1.8431048393249512,3426,"[1944, 384, 384, 384, 64]",0.1135,-0.5499570369720459,0.011487007141113281
structured_nonfinetune_0.95,80,82,18,4,64,NonCallBack,1.875535249710083,1878,"[972, 192, 192, 192, 64]",0.1135,1.0162161588668823,
random_unstructured_finetune_0.3,80,82,18,4,64,NonCallBack,210.5718011856079,23830,"[14515, 2867, 2867, 2867, 448]",0.9669,-13.001977920532227,129.99126887321472
random_unstructured_finetune_0.5,80,82,18,4,64,NonCallBack,211.37172865867615,17097,"[10368, 2048, 2048, 2048, 319]",0.9488,-13.84809684753418,73.66477394104004
random_unstructured_finetune_0.8,80,82,18,4,64,NonCallBack,211.5172140598297,7001,"[4147, 820, 820, 820, 128]",0.3746,-6.940971851348877,1.8936240673065186
random_unstructured_finetune_0.9,80,82,18,4,64,NonCallBack,203.2571280002594,3631,"[2074, 409, 409, 409, 64]",0.1135,-4.069274425506592,16.726983070373535
random_unstructured_finetune_0.95,80,82,18,4,64,NonCallBack,211.09441494941711,1949,"[1036, 205, 205, 205, 32]",0.1135,0.6775383949279785,0.08309316635131836
random_unstructured_nonfinetune_0.3,80,82,18,4,64,NonCallBack,2.032179355621338,23830,"[14515, 2867, 2867, 2867, 448]",0.6451,8.7785005569458,
random_unstructured_nonfinetune_0.5,80,82,18,4,64,NonCallBack,2.0108776092529297,17097,"[10368, 2048, 2048, 2048, 319]",0.2889,-5.473628520965576,300.07939410209656
random_unstructured_nonfinetune_0.8,80,82,18,4,64,NonCallBack,2.0606048107147217,7001,"[4147, 820, 820, 820, 128]",0.1135,-9.323078155517578,3.6072700023651123
random_unstructured_nonfinetune_0.9,80,82,18,4,64,NonCallBack,2.0198264122009277,3631,"[2074, 409, 409, 409, 64]",0.1135,-1.620509386062622,1.0054659843444824
random_unstructured_nonfinetune_0.95,80,82,18,4,64,NonCallBack,1.9822289943695068,1949,"[1036, 205, 205, 205, 32]",0.1135,-0.06738126277923584,0.13296890258789062
random_structured_finetune_0.3,80,82,18,4,64,NonCallBack,210.94615483283997,23934,"[14580, 2880, 2880, 2880, 448]",0.782,-12.167057037353516,3.1439998149871826
random_structured_finetune_0.5,80,82,18,4,64,NonCallBack,203.23865818977356,17098,"[10368, 2048, 2048, 2048, 320]",0.5931,-18.3082218170166,1.5625560283660889
random_structured_finetune_0.8,80,82,18,4,64,NonCallBack,204.18352460861206,6586,"[3888, 768, 768, 768, 128]",0.3001,-1.1895506381988525,0.015238046646118164
random_structured_finetune_0.9,80,82,18,4,64,NonCallBack,210.48296689987183,3426,"[1944, 384, 384, 384, 64]",0.1135,0.6697739362716675,0.008818864822387695
random_structured_finetune_0.95,80,82,18,4,64,NonCallBack,205.70063018798828,1878,"[972, 192, 192, 192, 64]",0.1135,1.3580973148345947,
random_structured_nonfinetune_0.3,80,82,18,4,64,NonCallBack,2.008310317993164,23934,"[14580, 2880, 2880, 2880, 448]",0.5864,5.484264373779297,
random_structured_nonfinetune_0.5,80,82,18,4,64,NonCallBack,2.041463613510132,17098,"[10368, 2048, 2048, 2048, 320]",0.3406,-5.857482433319092,0.039254188537597656
random_structured_nonfinetune_0.8,80,82,18,4,64,NonCallBack,2.071364164352417,6586,"[3888, 768, 768, 768, 128]",0.1135,2.1553103923797607,
random_structured_nonfinetune_0.9,80,82,18,4,64,NonCallBack,2.024000883102417,3426,"[1944, 384, 384, 384, 64]",0.1135,0.5725537538528442,0.009052038192749023
random_structured_nonfinetune_0.95,80,82,18,4,64,NonCallBack,2.02152681350708,1878,"[972, 192, 192, 192, 64]",0.1135,2.000335931777954,
dense,90,92,28,2,32,NonCallBack,0,26505,"[25087, 1024, 320]",0.9586,-18.877975463867188,1.3976221084594727
unstructured_finetune_0.3,90,92,28,2,32,NonCallBack,186.4492392539978,18574,"[17561, 716, 223]",0.9662,-18.599754333496094,1.0159940719604492
unstructured_finetune_0.5,90,92,28,2,32,NonCallBack,180.30786418914795,13291,"[12544, 512, 161]",0.9652,-18.2374324798584,0.6877400875091553
unstructured_finetune_0.8,90,92,28,2,32,NonCallBack,178.8764352798462,5361,"[5018, 205, 64]",0.9527,-15.213050842285156,0.2017230987548828
unstructured_finetune_0.9,90,92,28,2,32,NonCallBack,179.71387338638306,2717,"[2509, 102, 32]",0.925,-6.824406623840332,0.05877399444580078
unstructured_finetune_0.95,90,92,28,2,32,NonCallBack,179.30449676513672,1396,"[1255, 51, 16]",0.8622,-9.900678634643555,0.026618003845214844
unstructured_nonfinetune_0.3,90,92,28,2,32,NonCallBack,1.8934907913208008,18574,"[17561, 716, 223]",0.9528,-20.185029983520508,1.098362922668457
unstructured_nonfinetune_0.5,90,92,28,2,32,NonCallBack,1.8247246742248535,13291,"[12544, 512, 161]",0.9236,-16.211872100830078,0.5355961322784424
unstructured_nonfinetune_0.8,90,92,28,2,32,NonCallBack,1.8476011753082275,5361,"[5018, 205, 64]",0.3031,-10.489410400390625,0.30693507194519043
unstructured_nonfinetune_0.9,90,92,28,2,32,NonCallBack,1.8584578037261963,2717,"[2509, 102, 32]",0.2239,-7.889455795288086,0.0564730167388916
unstructured_nonfinetune_0.95,90,92,28,2,32,NonCallBack,1.785952091217041,1396,"[1255, 51, 16]",0.1859,0.5341063737869263,0.02110910415649414
structured_finetune_0.3,90,92,28,2,32,NonCallBack,178.81802821159363,18250,"[17248, 704, 224]",0.7669,-18.000221252441406,0.560399055480957
structured_finetune_0.5,90,92,28,2,32,NonCallBack,179.84956741333008,13290,"[12544, 512, 160]",0.576,-9.911920547485352,0.4565908908843994
structured_finetune_0.8,90,92,28,2,32,NonCallBack,178.91321778297424,5850,"[5488, 224, 64]",0.2974,-4.234148025512695,0.08179616928100586
structured_finetune_0.9,90,92,28,2,32,NonCallBack,180.27836561203003,2554,"[2352, 96, 32]",0.1864,-1.2317612171173096,0.023775100708007812
structured_finetune_0.95,90,92,28,2,32,NonCallBack,179.11635661125183,1738,"[1568, 64, 32]",0.1798,0.9803932309150696,0.010565996170043945
structured_nonfinetune_0.3,90,92,28,2,32,NonCallBack,1.8556187152862549,18250,"[17248, 704, 224]",0.5954,-18.2453556060791,0.8175580501556396
structured_nonfinetune_0.5,90,92,28,2,32,NonCallBack,1.8189775943756104,13290,"[12544, 512, 160]",0.3596,-22.62738037109375,0.5204510688781738
structured_nonfinetune_0.8,90,92,28,2,32,NonCallBack,1.8416132926940918,5850,"[5488, 224, 64]",0.097,4.169996738433838,
structured_nonfinetune_0.9,90,92,28,2,32,NonCallBack,1.8200945854187012,2554,"[2352, 96, 32]",0.0855,2.7782249450683594,
structured_nonfinetune_0.95,90,92,28,2,32,NonCallBack,1.8419535160064697,1738,"[1568, 64, 32]",0.0818,-0.0008697509765625,0.011818170547485352
random_unstructured_finetune_0.3,90,92,28,2,32,NonCallBack,192.2313334941864,18573,"[17560, 716, 223]",0.9543,-14.687217712402344,0.7565000057220459
random_unstructured_finetune_0.5,90,92,28,2,32,NonCallBack,190.39130783081055,13290,"[12543, 512, 161]",0.9383,-5.6721086502075195,0.6631128787994385
random_unstructured_finetune_0.8,90,92,28,2,32,NonCallBack,181.40816831588745,5361,"[5018, 205, 64]",0.8565,-7.033110618591309,0.20996308326721191
random_unstructured_finetune_0.9,90,92,28,2,32,NonCallBack,180.5310697555542,2717,"[2509, 102, 32]",0.536,0.2832450866699219,0.05390000343322754
random_unstructured_finetune_0.95,90,92,28,2,32,NonCallBack,180.4732849597931,1396,"[1255, 51, 16]",0.2416,-0.3722250461578369,0.02336287498474121
random_unstructured_nonfinetune_0.3,90,92,28,2,32,NonCallBack,1.9584617614746094,18573,"[17560, 716, 223]",0.5175,-18.458492279052734,1.420531988143921
random_unstructured_nonfinetune_0.5,90,92,28,2,32,NonCallBack,1.9881572723388672,13290,"[12543, 512, 161]",0.4982,-8.14227294921875,0.9950809478759766
random_unstructured_nonfinetune_0.8,90,92,28,2,32,NonCallBack,1.9511561393737793,5361,"[5018, 205, 64]",0.1463,-3.461599826812744,0.38904786109924316
random_unstructured_nonfinetune_0.9,90,92,28,2,32,NonCallBack,2.0102248191833496,2717,"[2509, 102, 32]",0.0892,0.28268420696258545,0.08882808685302734
random_unstructured_nonfinetune_0.95,90,92,28,2,32,NonCallBack,1.9929625988006592,1396,"[1255, 51, 16]",0.0903,4.759855270385742,
random_structured_finetune_0.3,90,92,28,2,32,NonCallBack,181.6433515548706,18250,"[17248, 704, 224]",0.7608,-5.707420349121094,6.2176878452301025
random_structured_finetune_0.5,90,92,28,2,32,NonCallBack,180.43785953521729,13289,"[12543, 512, 160]",0.5666,0.2832930088043213,0.03181099891662598
random_structured_finetune_0.8,90,92,28,2,32,NonCallBack,182.85214161872864,5850,"[5488, 224, 64]",0.303,1.9183919429779053,
random_structured_finetune_0.9,90,92,28,2,32,NonCallBack,187.1354341506958,2554,"[2352, 96, 32]",0.2101,1.0002890825271606,
random_structured_finetune_0.95,90,92,28,2,32,NonCallBack,180.52493119239807,1738,"[1568, 64, 32]",0.178,4.391057968139648,
random_structured_nonfinetune_0.3,90,92,28,2,32,NonCallBack,1.96583890914917,18249,"[17247, 704, 224]",0.5452,-15.088289260864258,1.1581249237060547
random_structured_nonfinetune_0.5,90,92,28,2,32,NonCallBack,2.0317513942718506,13289,"[12543, 512, 160]",0.3242,-20.44797134399414,0.5586249828338623
random_structured_nonfinetune_0.8,90,92,28,2,32,NonCallBack,1.961400032043457,5850,"[5488, 224, 64]",0.1151,-7.398444175720215,0.01627492904663086
random_structured_nonfinetune_0.9,90,92,28,2,32,NonCallBack,2.0058135986328125,2554,"[2352, 96, 32]",0.0892,2.319561243057251,
random_structured_nonfinetune_0.95,90,92,28,2,32,NonCallBack,1.988309383392334,1738,"[1568, 64, 32]",0.0892,-1.7917680740356445,0.010022163391113281
dense,90,92,28,2,64,NonCallBack,0,55050,"[50176, 4096, 640]",0.9598,-19.403724670410156,52.63829493522644
unstructured_finetune_0.3,90,92,28,2,64,NonCallBack,180.85409331321716,38576,"[35123, 2867, 448]",0.9756,-19.077180862426758,17.146183967590332
unstructured_finetune_0.5,90,92,28,2,64,NonCallBack,184.15772414207458,27593,"[25088, 2048, 319]",0.9743,-19.185211181640625,29.187045097351074
unstructured_finetune_0.8,90,92,28,2,64,NonCallBack,180.04507660865784,11121,"[10035, 820, 128]",0.9676,-16.671628952026367,0.8715541362762451
unstructured_finetune_0.9,90,92,28,2,64,NonCallBack,180.1844072341919,5628,"[5017, 409, 64]",0.9566,-9.08888053894043,0.28539609909057617
unstructured_finetune_0.95,90,92,28,2,64,NonCallBack,180.61026167869568,2884,"[2509, 205, 32]",0.937,-7.095667839050293,0.11745309829711914
unstructured_nonfinetune_0.3,90,92,28,2,64,NonCallBack,1.737978458404541,38576,"[35123, 2867, 448]",0.9589,-19.340267181396484,50.6942617893219
unstructured_nonfinetune_0.5,90,92,28,2,64,NonCallBack,1.8709876537322998,27593,"[25088, 2048, 319]",0.9547,-19.297555923461914,0.35030293464660645
unstructured_nonfinetune_0.8,90,92,28,2,64,NonCallBack,1.8074111938476562,11121,"[10035, 820, 128]",0.5687,-15.76350212097168,0.8372070789337158
unstructured_nonfinetune_0.9,90,92,28,2,64,NonCallBack,1.9046094417572021,5628,"[5017, 409, 64]",0.2573,-17.384252548217773,0.20515799522399902
unstructured_nonfinetune_0.95,90,92,28,2,64,NonCallBack,1.796466588973999,2884,"[2509, 205, 32]",0.24,-8.50278377532959,0.16420698165893555
structured_finetune_0.3,90,92,28,2,64,NonCallBack,185.86267566680908,38746,"[35280, 2880, 448]",0.7783,-18.78838348388672,2.562457799911499
structured_finetune_0.5,90,92,28,2,64,NonCallBack,186.14823174476624,27594,"[25088, 2048, 320]",0.5832,-18.29833221435547,1.801058053970337
structured_finetune_0.8,90,92,28,2,64,NonCallBack,186.39861273765564,10442,"[9408, 768, 128]",0.2955,3.044234275817871,
structured_finetune_0.9,90,92,28,2,64,NonCallBack,179.15482091903687,5290,"[4704, 384, 64]",0.2076,2.3517937660217285,
structured_finetune_0.95,90,92,28,2,64,NonCallBack,179.6439187526703,2746,"[2352, 192, 64]",0.2073,3.665174961090088,
structured_nonfinetune_0.3,90,92,28,2,64,NonCallBack,1.843672513961792,38746,"[35280, 2880, 448]",0.6116,-25.046415328979492,2.6697771549224854
structured_nonfinetune_0.5,90,92,28,2,64,NonCallBack,1.8704354763031006,27594,"[25088, 2048, 320]",0.2585,-1.9723081588745117,11.457864999771118
structured_nonfinetune_0.8,90,92,28,2,64,NonCallBack,1.8256518840789795,10442,"[9408, 768, 128]",0.2104,-4.68646764755249,0.3476850986480713
structured_nonfinetune_0.9,90,92,28,2,64,NonCallBack,1.8726105690002441,5290,"[4704, 384, 64]",0.1629,-1.4609222412109375,0.014337778091430664
structured_nonfinetune_0.95,90,92,28,2,64,NonCallBack,1.8495118618011475,2746,"[2352, 192, 64]",0.1031,-4.44684362411499,0.011332988739013672
random_unstructured_finetune_0.3,90,92,28,2,64,NonCallBack,186.19078874588013,38576,"[35123, 2867, 448]",0.9656,-17.73411750793457,6.025668144226074
random_unstructured_finetune_0.5,90,92,28,2,64,NonCallBack,182.1010868549347,27593,"[25088, 2048, 319]",0.9548,-16.031251907348633,2.778427839279175
random_unstructured_finetune_0.8,90,92,28,2,64,NonCallBack,182.02852058410645,11121,"[10035, 820, 128]",0.8943,-7.187236785888672,0.6256051063537598
random_unstructured_finetune_0.9,90,92,28,2,64,NonCallBack,181.96993255615234,5628,"[5017, 409, 64]",0.6333,-7.8338623046875,0.21262311935424805
random_unstructured_finetune_0.95,90,92,28,2,64,NonCallBack,182.46780109405518,2884,"[2509, 205, 32]",0.1705,-3.028684139251709,0.0694730281829834
random_unstructured_nonfinetune_0.3,90,92,28,2,64,NonCallBack,1.9808156490325928,38576,"[35123, 2867, 448]",0.6739,-14.152388572692871,35.989161014556885
random_unstructured_nonfinetune_0.5,90,92,28,2,64,NonCallBack,2.009782314300537,27593,"[25088, 2048, 319]",0.4371,-10.752031326293945,27.232375144958496
random_unstructured_nonfinetune_0.8,90,92,28,2,64,NonCallBack,1.954538106918335,11121,"[10035, 820, 128]",0.135,-5.020498752593994,0.9551911354064941
random_unstructured_nonfinetune_0.9,90,92,28,2,64,NonCallBack,1.9860022068023682,5628,"[5017, 409, 64]",0.1815,0.9973396062850952,0.4776761531829834
random_unstructured_nonfinetune_0.95,90,92,28,2,64,NonCallBack,1.957747220993042,2884,"[2509, 205, 32]",0.0892,-0.9348143339157104,0.08753800392150879
random_structured_finetune_0.3,90,92,28,2,64,NonCallBack,180.32834219932556,38746,"[35280, 2880, 448]",0.773,-18.716381072998047,2.0274510383605957
random_structured_finetune_0.5,90,92,28,2,64,NonCallBack,183.17051005363464,27594,"[25088, 2048, 320]",0.5841,2.535677194595337,
random_structured_finetune_0.8,90,92,28,2,64,NonCallBack,191.48000860214233,10442,"[9408, 768, 128]",0.3036,0.7933744192123413,0.030124902725219727
random_structured_finetune_0.9,90,92,28,2,64,NonCallBack,185.72582077980042,5290,"[4704, 384, 64]",0.1909,2.127058506011963,
random_structured_finetune_0.95,90,92,28,2,64,NonCallBack,182.30480408668518,2746,"[2352, 192, 64]",0.21,0.602483868598938,0.0870969295501709
random_structured_nonfinetune_0.3,90,92,28,2,64,NonCallBack,1.9305050373077393,38746,"[35280, 2880, 448]",0.659,-14.363395690917969,50.08769702911377
random_structured_nonfinetune_0.5,90,92,28,2,64,NonCallBack,1.950662612915039,27594,"[25088, 2048, 320]",0.4577,-22.35821533203125,2.151002883911133
random_structured_nonfinetune_0.8,90,92,28,2,64,NonCallBack,2.255589246749878,10442,"[9408, 768, 128]",0.1149,-4.084962368011475,0.026257038116455078
random_structured_nonfinetune_0.9,90,92,28,2,64,NonCallBack,1.9909241199493408,5290,"[4704, 384, 64]",0.149,-12.314217567443848,0.019070863723754883
random_structured_nonfinetune_0.95,90,92,28,2,64,NonCallBack,1.9667503833770752,2746,"[2352, 192, 64]",0.0892,2.3811564445495605,
dense,90,92,28,4,32,NonCallBack,0,28618,"[25088, 1024, 1024, 1024, 320]",0.9609,-16.627452850341797,39.20090198516846
unstructured_finetune_0.3,90,92,28,4,32,NonCallBack,200.39033699035645,20070,"[17561, 716, 716, 716, 223]",0.9701,-16.380891799926758,2.1555891036987305
unstructured_finetune_0.5,90,92,28,4,32,NonCallBack,199.6271150112152,14379,"[12544, 512, 512, 512, 161]",0.9695,-16.036834716796875,29.650222063064575
unstructured_finetune_0.8,90,92,28,4,32,NonCallBack,208.27699613571167,5835,"[5018, 205, 205, 205, 64]",0.9615,-11.628437995910645,18.690737009048462
unstructured_finetune_0.9,90,92,28,4,32,NonCallBack,200.9949290752411,2985,"[2509, 102, 102, 102, 32]",0.9422,-13.827503204345703,0.4803140163421631
unstructured_finetune_0.95,90,92,28,4,32,NonCallBack,201.26822876930237,1562,"[1255, 51, 51, 51, 16]",0.8741,-9.823786735534668,0.0928349494934082
unstructured_nonfinetune_0.3,90,92,28,4,32,NonCallBack,1.9749550819396973,20070,"[17561, 716, 716, 716, 223]",0.9571,-16.7052059173584,51.14666700363159
unstructured_nonfinetune_0.5,90,92,28,4,32,NonCallBack,1.8361420631408691,14379,"[12544, 512, 512, 512, 161]",0.8801,-25.426773071289062,25.348815202713013
unstructured_nonfinetune_0.8,90,92,28,4,32,NonCallBack,1.915424108505249,5835,"[5018, 205, 205, 205, 64]",0.1963,-15.794731140136719,0.9984989166259766
unstructured_nonfinetune_0.9,90,92,28,4,32,NonCallBack,1.8313062191009521,2985,"[2509, 102, 102, 102, 32]",0.1304,-4.0352373123168945,0.06346702575683594
unstructured_nonfinetune_0.95,90,92,28,4,32,NonCallBack,1.8618006706237793,1562,"[1255, 51, 51, 51, 16]",0.0728,-5.101972579956055,0.02637004852294922
structured_finetune_0.3,90,92,28,4,32,NonCallBack,202.04136323928833,19722,"[17248, 704, 704, 704, 224]",0.7771,2.0578701496124268,
structured_finetune_0.5,90,92,28,4,32,NonCallBack,204.61484575271606,14378,"[12544, 512, 512, 512, 160]",0.5849,3.5281288623809814,
structured_finetune_0.8,90,92,28,4,32,NonCallBack,200.12682342529297,6362,"[5488, 224, 224, 224, 64]",0.2901,7.857545852661133,
structured_finetune_0.9,90,92,28,4,32,NonCallBack,205.18430876731873,2810,"[2352, 96, 96, 96, 32]",0.2044,5.151074409484863,
structured_finetune_0.95,90,92,28,4,32,NonCallBack,204.68051600456238,1930,"[1568, 64, 64, 64, 32]",0.2042,5.437385082244873,
structured_nonfinetune_0.3,90,92,28,4,32,NonCallBack,1.8983960151672363,19722,"[17248, 704, 704, 704, 224]",0.6411,-19.354209899902344,1.5952210426330566
structured_nonfinetune_0.5,90,92,28,4,32,NonCallBack,1.892317295074463,14378,"[12544, 512, 512, 512, 160]",0.3835,-20.566402435302734,21.543195962905884
structured_nonfinetune_0.8,90,92,28,4,32,NonCallBack,1.9011530876159668,6362,"[5488, 224, 224, 224, 64]",0.1041,-3.3764491081237793,0.016682147979736328
structured_nonfinetune_0.9,90,92,28,4,32,NonCallBack,1.806420087814331,2810,"[2352, 96, 96, 96, 32]",0.0892,2.240936756134033,
structured_nonfinetune_0.95,90,92,28,4,32,NonCallBack,1.826864242553711,1930,"[1568, 64, 64, 64, 32]",0.0892,3.9445035457611084,
random_unstructured_finetune_0.3,90,92,28,4,32,NonCallBack,205.21998953819275,20070,"[17561, 716, 716, 716, 223]",0.9613,-13.677903175354004,2.414773941040039
random_unstructured_finetune_0.5,90,92,28,4,32,NonCallBack,204.44141602516174,14379,"[12544, 512, 512, 512, 161]",0.9445,-11.683834075927734,18.793715953826904
random_unstructured_finetune_0.8,90,92,28,4,32,NonCallBack,210.21020340919495,5835,"[5018, 205, 205, 205, 64]",0.5349,-5.481253623962402,23.843432188034058
random_unstructured_finetune_0.9,90,92,28,4,32,NonCallBack,209.33749747276306,2985,"[2509, 102, 102, 102, 32]",0.1135,-0.9979206323623657,0.08108711242675781
random_unstructured_finetune_0.95,90,92,28,4,32,NonCallBack,204.23834085464478,1562,"[1255, 51, 51, 51, 16]",0.1135,3.5110158920288086,
random_unstructured_nonfinetune_0.3,90,92,28,4,32,NonCallBack,2.0007097721099854,20070,"[17561, 716, 716, 716, 223]",0.374,-8.513278007507324,1.6238789558410645
random_unstructured_nonfinetune_0.5,90,92,28,4,32,NonCallBack,2.0369951725006104,14379,"[12544, 512, 512, 512, 161]",0.2473,-9.286388397216797,76.8243818283081
random_unstructured_nonfinetune_0.8,90,92,28,4,32,NonCallBack,1.9772510528564453,5835,"[5018, 205, 205, 205, 64]",0.0958,-11.441761016845703,0.7777390480041504
random_unstructured_nonfinetune_0.9,90,92,28,4,32,NonCallBack,1.9733974933624268,2985,"[2509, 102, 102, 102, 32]",0.0892,-0.1794065237045288,0.20776891708374023
random_unstructured_nonfinetune_0.95,90,92,28,4,32,NonCallBack,1.9739115238189697,1562,"[1255, 51, 51, 51, 16]",0.1032,-5.400643348693848,0.02634882926940918
random_structured_finetune_0.3,90,92,28,4,32,NonCallBack,204.34402799606323,19722,"[17248, 704, 704, 704, 224]",0.7742,-15.438194274902344,27.87973403930664
random_structured_finetune_0.5,90,92,28,4,32,NonCallBack,205.08102440834045,14378,"[12544, 512, 512, 512, 160]",0.5671,-10.807668685913086,0.027055025100708008
random_structured_finetune_0.8,90,92,28,4,32,NonCallBack,209.5971601009369,6362,"[5488, 224, 224, 224, 64]",0.2798,6.065810203552246,
random_structured_finetune_0.9,90,92,28,4,32,NonCallBack,200.8285617828369,2810,"[2352, 96, 96, 96, 32]",0.1135,-0.02621746063232422,0.009922027587890625
random_structured_finetune_0.95,90,92,28,4,32,NonCallBack,208.0661940574646,1930,"[1568, 64, 64, 64, 32]",0.1135,-1.494612693786621,0.010273933410644531
random_structured_nonfinetune_0.3,90,92,28,4,32,NonCallBack,1.9834020137786865,19722,"[17248, 704, 704, 704, 224]",0.2801,-17.143840789794922,1.8516089916229248
random_structured_nonfinetune_0.5,90,92,28,4,32,NonCallBack,2.048671245574951,14378,"[12544, 512, 512, 512, 160]",0.2099,-12.53893756866455,1.2920489311218262
random_structured_nonfinetune_0.8,90,92,28,4,32,NonCallBack,1.995532512664795,6362,"[5488, 224, 224, 224, 64]",0.0892,5.632122993469238,
random_structured_nonfinetune_0.9,90,92,28,4,32,NonCallBack,1.9891271591186523,2810,"[2352, 96, 96, 96, 32]",0.0892,0.411172091960907,0.01270604133605957
random_structured_nonfinetune_0.95,90,92,28,4,32,NonCallBack,2.0295560359954834,1930,"[1568, 64, 64, 64, 32]",0.0892,7.727931976318359,
dense,90,92,28,4,64,NonCallBack,0,63370,"[50176, 4096, 4096, 4096, 640]",0.9651,5.9752044677734375,
unstructured_finetune_0.3,90,92,28,4,64,NonCallBack,206.03862762451172,44438,"[35123, 2867, 2867, 2867, 448]",0.9794,-5.031367778778076,7.102143049240112
unstructured_finetune_0.5,90,92,28,4,64,NonCallBack,201.35067677497864,31817,"[25088, 2048, 2048, 2048, 319]",0.9782,-1.6717898845672607,148.0369210243225
unstructured_finetune_0.8,90,92,28,4,64,NonCallBack,204.81383562088013,12889,"[10035, 820, 820, 820, 128]",0.9726,-13.719529151916504,58.94419503211975
unstructured_finetune_0.9,90,92,28,4,64,NonCallBack,201.14904618263245,6574,"[5017, 409, 409, 409, 64]",0.9636,-12.55416202545166,1.5456140041351318
unstructured_finetune_0.95,90,92,28,4,64,NonCallBack,202.16184091567993,3422,"[2509, 205, 205, 205, 32]",0.9505,-10.042728424072266,0.7601048946380615
unstructured_nonfinetune_0.3,90,92,28,4,64,NonCallBack,1.8857829570770264,44438,"[35123, 2867, 2867, 2867, 448]",0.964,-3.7235360145568848,278.862872838974
unstructured_nonfinetune_0.5,90,92,28,4,64,NonCallBack,1.9158992767333984,31817,"[25088, 2048, 2048, 2048, 319]",0.9615,-7.529807090759277,5.075854063034058
unstructured_nonfinetune_0.8,90,92,28,4,64,NonCallBack,1.8065500259399414,12889,"[10035, 820, 820, 820, 128]",0.8297,-12.657346725463867,53.02588987350464
unstructured_nonfinetune_0.9,90,92,28,4,64,NonCallBack,1.8881993293762207,6574,"[5017, 409, 409, 409, 64]",0.3605,-7.826696395874023,1.8947360515594482
unstructured_nonfinetune_0.95,90,92,28,4,64,NonCallBack,1.7856862545013428,3422,"[2509, 205, 205, 205, 32]",0.1421,-7.949458122253418,0.7935569286346436
structured_finetune_0.3,90,92,28,4,64,NonCallBack,202.1897177696228,44634,"[35280, 2880, 2880, 2880, 448]",0.7835,-2.7844791412353516,4.89030909538269
structured_finetune_0.5,90,92,28,4,64,NonCallBack,205.07443642616272,31818,"[25088, 2048, 2048, 2048, 320]",0.5954,0.2262948751449585,0.09161090850830078
structured_finetune_0.8,90,92,28,4,64,NonCallBack,201.19536757469177,12106,"[9408, 768, 768, 768, 128]",0.3033,3.7000670433044434,
structured_finetune_0.9,90,92,28,4,64,NonCallBack,202.2594439983368,6186,"[4704, 384, 384, 384, 64]",0.208,1.3176430463790894,
structured_finetune_0.95,90,92,28,4,64,NonCallBack,202.80465388298035,3258,"[2352, 192, 192, 192, 64]",0.2046,-0.5114613771438599,0.013782024383544922
structured_nonfinetune_0.3,90,92,28,4,64,NonCallBack,1.9555444717407227,44634,"[35280, 2880, 2880, 2880, 448]",0.6781,-9.7176513671875,4.667679071426392
structured_nonfinetune_0.5,90,92,28,4,64,NonCallBack,1.84946870803833,31818,"[25088, 2048, 2048, 2048, 320]",0.4263,-17.140644073486328,116.7493109703064
structured_nonfinetune_0.8,90,92,28,4,64,NonCallBack,1.9472873210906982,12106,"[9408, 768, 768, 768, 128]",0.1837,-3.4518275260925293,0.028505802154541016
structured_nonfinetune_0.9,90,92,28,4,64,NonCallBack,1.826111078262329,6186,"[4704, 384, 384, 384, 64]",0.1009,-16.39693260192871,0.02664804458618164
structured_nonfinetune_0.95,90,92,28,4,64,NonCallBack,1.8113555908203125,3258,"[2352, 192, 192, 192, 64]",0.1032,-3.3651208877563477,0.015661954879760742
random_unstructured_finetune_0.3,90,92,28,4,64,NonCallBack,209.68875741958618,44438,"[35123, 2867, 2867, 2867, 448]",0.9712,-12.463040351867676,186.6132309436798
random_unstructured_finetune_0.5,90,92,28,4,64,NonCallBack,204.63147926330566,31817,"[25088, 2048, 2048, 2048, 319]",0.9598,-6.884819030761719,3.492720127105713
random_unstructured_finetune_0.8,90,92,28,4,64,NonCallBack,211.26550245285034,12889,"[10035, 820, 820, 820, 128]",0.5602,1.871805191040039,
random_unstructured_finetune_0.9,90,92,28,4,64,NonCallBack,211.17191362380981,6574,"[5017, 409, 409, 409, 64]",0.1135,-1.0808401107788086,51.16714406013489
random_unstructured_finetune_0.95,90,92,28,4,64,NonCallBack,205.83829402923584,3422,"[2509, 205, 205, 205, 32]",0.1135,1.6807317733764648,
random_unstructured_nonfinetune_0.3,90,92,28,4,64,NonCallBack,2.0179264545440674,44438,"[35123, 2867, 2867, 2867, 448]",0.7739,5.541224479675293,
random_unstructured_nonfinetune_0.5,90,92,28,4,64,NonCallBack,2.0242295265197754,31817,"[25088, 2048, 2048, 2048, 319]",0.2795,-4.13652229309082,5.732143878936768
random_unstructured_nonfinetune_0.8,90,92,28,4,64,NonCallBack,1.933466911315918,12889,"[10035, 820, 820, 820, 128]",0.1029,-0.5830349922180176,3.989677906036377
random_unstructured_nonfinetune_0.9,90,92,28,4,64,NonCallBack,1.9578797817230225,6574,"[5017, 409, 409, 409, 64]",0.1032,-5.483214378356934,1.4099228382110596
random_unstructured_nonfinetune_0.95,90,92,28,4,64,NonCallBack,2.020942211151123,3422,"[2509, 205, 205, 205, 32]",0.0892,5.770835876464844,
random_structured_finetune_0.3,90,92,28,4,64,NonCallBack,208.9415225982666,44634,"[35280, 2880, 2880, 2880, 448]",0.7749,-4.061429977416992,128.22957611083984
random_structured_finetune_0.5,90,92,28,4,64,NonCallBack,204.61932969093323,31818,"[25088, 2048, 2048, 2048, 320]",0.5796,-15.495231628417969,68.55071902275085
random_structured_finetune_0.8,90,92,28,4,64,NonCallBack,205.84764337539673,12106,"[9408, 768, 768, 768, 128]",0.2826,1.4201480150222778,
random_structured_finetune_0.9,90,92,28,4,64,NonCallBack,204.72746086120605,6186,"[4704, 384, 384, 384, 64]",0.1981,-0.3437131643295288,0.019427061080932617
random_structured_finetune_0.95,90,92,28,4,64,NonCallBack,211.20934224128723,3258,"[2352, 192, 192, 192, 64]",0.1135,0.6236035823822021,0.014561891555786133
random_structured_nonfinetune_0.3,90,92,28,4,64,NonCallBack,1.9577276706695557,44634,"[35280, 2880, 2880, 2880, 448]",0.4066,-10.622621536254883,87.58982110023499
random_structured_nonfinetune_0.5,90,92,28,4,64,NonCallBack,2.014160633087158,31818,"[25088, 2048, 2048, 2048, 320]",0.2629,-17.86507225036621,4.4124438762664795
random_structured_nonfinetune_0.8,90,92,28,4,64,NonCallBack,2.0438194274902344,12106,"[9408, 768, 768, 768, 128]",0.1032,1.5619784593582153,
random_structured_nonfinetune_0.9,90,92,28,4,64,NonCallBack,1.9768555164337158,6186,"[4704, 384, 384, 384, 64]",0.1032,-4.20591926574707,0.017294883728027344
random_structured_nonfinetune_0.95,90,92,28,4,64,NonCallBack,2.06888484954834,3258,"[2352, 192, 192, 192, 64]",0.1032,2.556915283203125,
dense,90,92,18,2,32,NonCallBack,0,11786,"[10368, 1024, 320]",0.9513,-22.042999267578125,0.5184240341186523
unstructured_finetune_0.3,90,92,18,2,32,NonCallBack,180.9422903060913,8270,"[7257, 716, 223]",0.9627,-21.987499237060547,0.4404151439666748
unstructured_finetune_0.5,90,92,18,2,32,NonCallBack,181.59942150115967,5931,"[5184, 512, 161]",0.9599,-21.68289566040039,0.3038461208343506
unstructured_finetune_0.8,90,92,18,2,32,NonCallBack,186.10607266426086,2417,"[2074, 205, 64]",0.9489,-23.507614135742188,0.13549184799194336
unstructured_finetune_0.9,90,92,18,2,32,NonCallBack,181.72737979888916,1245,"[1037, 102, 32]",0.9272,-12.760980606079102,0.04838681221008301
unstructured_finetune_0.95,90,92,18,2,32,NonCallBack,181.01728630065918,660,"[519, 51, 16]",0.889,-6.657046318054199,0.02242588996887207
unstructured_nonfinetune_0.3,90,92,18,2,32,NonCallBack,1.9030804634094238,8270,"[7257, 716, 223]",0.9485,-21.917282104492188,0.4427909851074219
unstructured_nonfinetune_0.5,90,92,18,2,32,NonCallBack,1.9423818588256836,5931,"[5184, 512, 161]",0.9046,-36.38908767700195,0.30348992347717285
unstructured_nonfinetune_0.8,90,92,18,2,32,NonCallBack,1.8659124374389648,2417,"[2074, 205, 64]",0.5166,-16.32529067993164,0.10181403160095215
unstructured_nonfinetune_0.9,90,92,18,2,32,NonCallBack,1.8870558738708496,1245,"[1037, 102, 32]",0.258,-3.302910804748535,0.030596017837524414
unstructured_nonfinetune_0.95,90,92,18,2,32,NonCallBack,1.9020311832427979,660,"[519, 51, 16]",0.09,-2.9062304496765137,0.024763822555541992
structured_finetune_0.3,90,92,18,2,32,NonCallBack,185.4457311630249,8130,"[7128, 704, 224]",0.7717,-11.371944427490234,0.289417028427124
structured_finetune_0.5,90,92,18,2,32,NonCallBack,181.27802968025208,5930,"[5184, 512, 160]",0.5945,-10.658818244934082,0.1478569507598877
structured_finetune_0.8,90,92,18,2,32,NonCallBack,181.99185514450073,2630,"[2268, 224, 64]",0.3016,1.2434098720550537,
structured_finetune_0.9,90,92,18,2,32,NonCallBack,181.8956708908081,1174,"[972, 96, 32]",0.21,-0.3077847957611084,0.006294965744018555
structured_finetune_0.95,90,92,18,2,32,NonCallBack,181.96194314956665,818,"[648, 64, 32]",0.2102,-0.3904094696044922,0.006105184555053711
structured_nonfinetune_0.3,90,92,18,2,32,NonCallBack,1.937056303024292,8130,"[7128, 704, 224]",0.5049,-27.688383102416992,0.01637411117553711
structured_nonfinetune_0.5,90,92,18,2,32,NonCallBack,1.8792369365692139,5930,"[5184, 512, 160]",0.3277,-12.686806678771973,0.012502908706665039
structured_nonfinetune_0.8,90,92,18,2,32,NonCallBack,1.905733346939087,2630,"[2268, 224, 64]",0.0368,-3.8988680839538574,0.029410123825073242
structured_nonfinetune_0.9,90,92,18,2,32,NonCallBack,1.8518965244293213,1174,"[972, 96, 32]",0.1135,-1.6212387084960938,0.005913972854614258
structured_nonfinetune_0.95,90,92,18,2,32,NonCallBack,1.9449777603149414,818,"[648, 64, 32]",0.1135,-2.7503795623779297,0.005467891693115234
random_unstructured_finetune_0.3,90,92,18,2,32,NonCallBack,187.4587218761444,8270,"[7257, 716, 223]",0.9504,-19.168506622314453,0.323314905166626
random_unstructured_finetune_0.5,90,92,18,2,32,NonCallBack,183.35239911079407,5931,"[5184, 512, 161]",0.9295,-17.392297744750977,0.281980037689209
random_unstructured_finetune_0.8,90,92,18,2,32,NonCallBack,194.42975687980652,2417,"[2074, 205, 64]",0.8358,0.34067797660827637,0.19826889038085938
random_unstructured_finetune_0.9,90,92,18,2,32,NonCallBack,190.05850481987,1245,"[1037, 102, 32]",0.4269,-5.662087917327881,0.02273106575012207
random_unstructured_finetune_0.95,90,92,18,2,32,NonCallBack,190.70512294769287,660,"[519, 51, 16]",0.2757,0.7018324136734009,0.017236948013305664
random_unstructured_nonfinetune_0.3,90,92,18,2,32,NonCallBack,2.005128860473633,8270,"[7257, 716, 223]",0.6643,-12.906112670898438,0.44350600242614746
random_unstructured_nonfinetune_0.5,90,92,18,2,32,NonCallBack,1.9198856353759766,5931,"[5184, 512, 161]",0.3353,-4.096131324768066,0.3835158348083496
random_unstructured_nonfinetune_0.8,90,92,18,2,32,NonCallBack,1.928767204284668,2417,"[2074, 205, 64]",0.0891,-5.256643295288086,0.09031987190246582
random_unstructured_nonfinetune_0.9,90,92,18,2,32,NonCallBack,1.9532759189605713,1245,"[1037, 102, 32]",0.1226,-7.917950630187988,0.011931896209716797
random_unstructured_nonfinetune_0.95,90,92,18,2,32,NonCallBack,1.9426610469818115,660,"[519, 51, 16]",0.1144,2.5450243949890137,
random_structured_finetune_0.3,90,92,18,2,32,NonCallBack,187.3101089000702,8130,"[7128, 704, 224]",0.7573,-1.8897268772125244,0.050228118896484375
random_structured_finetune_0.5,90,92,18,2,32,NonCallBack,194.76864743232727,5930,"[5184, 512, 160]",0.5757,-15.751113891601562,0.15044212341308594
random_structured_finetune_0.8,90,92,18,2,32,NonCallBack,183.7351484298706,2630,"[2268, 224, 64]",0.3058,4.2810163497924805,
random_structured_finetune_0.9,90,92,18,2,32,NonCallBack,182.85327053070068,1174,"[972, 96, 32]",0.2052,2.989933967590332,
random_structured_finetune_0.95,90,92,18,2,32,NonCallBack,184.15212559700012,818,"[648, 64, 32]",0.2098,-2.3340721130371094,0.004870891571044922
random_structured_nonfinetune_0.3,90,92,18,2,32,NonCallBack,2.0045955181121826,8130,"[7128, 704, 224]",0.4349,-23.431541442871094,0.3052330017089844
random_structured_nonfinetune_0.5,90,92,18,2,32,NonCallBack,1.9921138286590576,5930,"[5184, 512, 160]",0.2653,-8.245255470275879,0.0987858772277832
random_structured_nonfinetune_0.8,90,92,18,2,32,NonCallBack,2.018038511276245,2630,"[2268, 224, 64]",0.1135,-0.5343004465103149,0.007337093353271484
random_structured_nonfinetune_0.9,90,92,18,2,32,NonCallBack,2.065871000289917,1174,"[972, 96, 32]",0.0892,4.286828994750977,
random_structured_nonfinetune_0.95,90,92,18,2,32,NonCallBack,2.0394158363342285,818,"[648, 64, 32]",0.1135,-4.743052959442139,0.004876136779785156
dense,90,92,18,2,64,NonCallBack,0,25610,"[20736, 4096, 640]",0.9659,-21.99213981628418,2.004258871078491
unstructured_finetune_0.3,90,92,18,2,64,NonCallBack,181.34399724006653,17968,"[14515, 2867, 448]",0.9714,-17.141891479492188,1.423393964767456
unstructured_finetune_0.5,90,92,18,2,64,NonCallBack,180.86234140396118,12873,"[10368, 2048, 319]",0.9697,-21.726306915283203,0.1927340030670166
unstructured_finetune_0.8,90,92,18,2,64,NonCallBack,181.32810044288635,5233,"[4147, 820, 128]",0.962,-19.2939510345459,0.3688240051269531
unstructured_finetune_0.9,90,92,18,2,64,NonCallBack,183.24602627754211,2685,"[2074, 409, 64]",0.9476,-8.796650886535645,0.14415907859802246
unstructured_finetune_0.95,90,92,18,2,64,NonCallBack,184.93056464195251,1411,"[1036, 205, 32]",0.9165,-16.526615142822266,0.04800891876220703
unstructured_nonfinetune_0.3,90,92,18,2,64,NonCallBack,2.043579339981079,17968,"[14515, 2867, 448]",0.9649,-21.91173553466797,1.4663500785827637
unstructured_nonfinetune_0.5,90,92,18,2,64,NonCallBack,1.8256936073303223,12873,"[10368, 2048, 319]",0.9552,-21.489770889282227,0.8590350151062012
unstructured_nonfinetune_0.8,90,92,18,2,64,NonCallBack,1.8767836093902588,5233,"[4147, 820, 128]",0.8156,-23.810020446777344,0.42462778091430664
unstructured_nonfinetune_0.9,90,92,18,2,64,NonCallBack,1.899893045425415,2685,"[2074, 409, 64]",0.2451,-22.972684860229492,0.08193588256835938
unstructured_nonfinetune_0.95,90,92,18,2,64,NonCallBack,1.9762942790985107,1411,"[1036, 205, 32]",0.1843,-5.012834548950195,0.06144404411315918
structured_finetune_0.3,90,92,18,2,64,NonCallBack,182.38781452178955,18046,"[14580, 2880, 448]",0.7717,-16.350852966308594,0.812859058380127
structured_finetune_0.5,90,92,18,2,64,NonCallBack,181.42238545417786,12874,"[10368, 2048, 320]",0.5801,-16.505468368530273,0.5672972202301025
structured_finetune_0.8,90,92,18,2,64,NonCallBack,182.72683691978455,4922,"[3888, 768, 128]",0.2964,-0.2315235137939453,0.011927127838134766
structured_finetune_0.9,90,92,18,2,64,NonCallBack,180.92793083190918,2530,"[1944, 384, 64]",0.1948,-1.0072674751281738,0.008841991424560547
structured_finetune_0.95,90,92,18,2,64,NonCallBack,181.68385243415833,1366,"[972, 192, 64]",0.209,1.8869496583938599,
structured_nonfinetune_0.3,90,92,18,2,64,NonCallBack,1.9904632568359375,18046,"[14580, 2880, 448]",0.6889,-16.348295211791992,0.8584308624267578
structured_nonfinetune_0.5,90,92,18,2,64,NonCallBack,1.9695942401885986,12874,"[10368, 2048, 320]",0.3841,-28.288177490234375,0.023144960403442383
structured_nonfinetune_0.8,90,92,18,2,64,NonCallBack,1.8839490413665771,4922,"[3888, 768, 128]",0.0885,-8.730639457702637,0.01073598861694336
structured_nonfinetune_0.9,90,92,18,2,64,NonCallBack,1.7978644371032715,2530,"[1944, 384, 64]",0.0888,-4.467245101928711,0.014091968536376953
structured_nonfinetune_0.95,90,92,18,2,64,NonCallBack,1.8653156757354736,1366,"[972, 192, 64]",0.0892,4.127408027648926,
random_unstructured_finetune_0.3,90,92,18,2,64,NonCallBack,191.91005849838257,17968,"[14515, 2867, 448]",0.9595,-14.784933090209961,1.0186729431152344
random_unstructured_finetune_0.5,90,92,18,2,64,NonCallBack,180.97120904922485,12873,"[10368, 2048, 319]",0.942,-17.33124542236328,0.6140179634094238
random_unstructured_finetune_0.8,90,92,18,2,64,NonCallBack,187.66758823394775,5233,"[4147, 820, 128]",0.8586,-8.672054290771484,0.16943001747131348
random_unstructured_finetune_0.9,90,92,18,2,64,NonCallBack,183.3451099395752,2685,"[2074, 409, 64]",0.6675,-5.983801364898682,0.19592905044555664
random_unstructured_finetune_0.95,90,92,18,2,64,NonCallBack,193.61906504631042,1411,"[1036, 205, 32]",0.2955,-6.781697750091553,0.024610042572021484
random_unstructured_nonfinetune_0.3,90,92,18,2,64,NonCallBack,1.973097562789917,17968,"[14515, 2867, 448]",0.8444,-11.153264999389648,1.5152640342712402
random_unstructured_nonfinetune_0.5,90,92,18,2,64,NonCallBack,2.001873254776001,12873,"[10368, 2048, 319]",0.5456,-6.358586311340332,1.1511929035186768
random_unstructured_nonfinetune_0.8,90,92,18,2,64,NonCallBack,1.9860577583312988,5233,"[4147, 820, 128]",0.2072,-7.505219459533691,0.5565581321716309
random_unstructured_nonfinetune_0.9,90,92,18,2,64,NonCallBack,1.9807894229888916,2685,"[2074, 409, 64]",0.1568,-1.563154935836792,0.18035101890563965
random_unstructured_nonfinetune_0.95,90,92,18,2,64,NonCallBack,2.0879738330841064,1411,"[1036, 205, 32]",0.1954,-5.606101036071777,0.09000897407531738
random_structured_finetune_0.3,90,92,18,2,64,NonCallBack,186.80688214302063,18046,"[14580, 2880, 448]",0.7823,-17.271732330322266,0.9392471313476562
random_structured_finetune_0.5,90,92,18,2,64,NonCallBack,183.17681527137756,12874,"[10368, 2048, 320]",0.5745,2.1881935596466064,
random_structured_finetune_0.8,90,92,18,2,64,NonCallBack,189.2161900997162,4922,"[3888, 768, 128]",0.2902,-18.178028106689453,0.05188798904418945
random_structured_finetune_0.9,90,92,18,2,64,NonCallBack,183.07732224464417,2530,"[1944, 384, 64]",0.1978,2.146003246307373,
random_structured_finetune_0.95,90,92,18,2,64,NonCallBack,186.89541816711426,1366,"[972, 192, 64]",0.2033,4.0485453605651855,
random_structured_nonfinetune_0.3,90,92,18,2,64,NonCallBack,2.033515214920044,18046,"[14580, 2880, 448]",0.5265,-14.806465148925781,0.9709999561309814
random_structured_nonfinetune_0.5,90,92,18,2,64,NonCallBack,2.086259365081787,12874,"[10368, 2048, 320]",0.2886,-16.82065773010254,0.8268609046936035
random_structured_nonfinetune_0.8,90,92,18,2,64,NonCallBack,1.974029541015625,4922,"[3888, 768, 128]",0.0892,-14.538749694824219,0.044439077377319336
random_structured_nonfinetune_0.9,90,92,18,2,64,NonCallBack,1.9848172664642334,2530,"[1944, 384, 64]",0.1135,2.4465503692626953,
random_structured_nonfinetune_0.95,90,92,18,2,64,NonCallBack,1.9883995056152344,1366,"[972, 192, 64]",0.0892,-2.3919999599456787,0.0064280033111572266
dense,90,92,18,4,32,NonCallBack,0,13898,"[10368, 1024, 1024, 1024, 320]",0.9544,-25.039409637451172,1.9388608932495117
unstructured_finetune_0.3,90,92,18,4,32,NonCallBack,206.70893692970276,9766,"[7257, 716, 716, 716, 223]",0.9645,-24.642210006713867,37.322470903396606
unstructured_finetune_0.5,90,92,18,4,32,NonCallBack,199.8312828540802,7019,"[5184, 512, 512, 512, 161]",0.9641,-23.373544692993164,1.2495629787445068
unstructured_finetune_0.8,90,92,18,4,32,NonCallBack,200.72526836395264,2891,"[2074, 205, 205, 205, 64]",0.9532,-17.889511108398438,0.5258140563964844
unstructured_finetune_0.9,90,92,18,4,32,NonCallBack,201.05141186714172,1513,"[1037, 102, 102, 102, 32]",0.9322,-9.929104804992676,0.22183895111083984
unstructured_finetune_0.95,90,92,18,4,32,NonCallBack,201.30244636535645,826,"[519, 51, 51, 51, 16]",0.8947,-4.653045654296875,0.04455304145812988
unstructured_nonfinetune_0.3,90,92,18,4,32,NonCallBack,1.8994550704956055,9766,"[7257, 716, 716, 716, 223]",0.95,-24.66034698486328,50.717264890670776
unstructured_nonfinetune_0.5,90,92,18,4,32,NonCallBack,1.811610460281372,7019,"[5184, 512, 512, 512, 161]",0.9285,-23.11741065979004,23.409668922424316
unstructured_nonfinetune_0.8,90,92,18,4,32,NonCallBack,1.924130916595459,2891,"[2074, 205, 205, 205, 64]",0.42,-10.515902519226074,0.6041710376739502
unstructured_nonfinetune_0.9,90,92,18,4,32,NonCallBack,1.9329984188079834,1513,"[1037, 102, 102, 102, 32]",0.1135,-2.8662500381469727,0.2186880111694336
unstructured_nonfinetune_0.95,90,92,18,4,32,NonCallBack,1.880767583847046,826,"[519, 51, 51, 51, 16]",0.1135,-1.4307951927185059,0.034063100814819336
structured_finetune_0.3,90,92,18,4,32,NonCallBack,201.1815700531006,9602,"[7128, 704, 704, 704, 224]",0.7781,-23.621334075927734,24.34402084350586
structured_finetune_0.5,90,92,18,4,32,NonCallBack,199.4350984096527,7018,"[5184, 512, 512, 512, 160]",0.5874,4.4713850021362305,
structured_finetune_0.8,90,92,18,4,32,NonCallBack,206.91746139526367,3142,"[2268, 224, 224, 224, 64]",0.3059,1.1907176971435547,
structured_finetune_0.9,90,92,18,4,32,NonCallBack,204.8967924118042,1430,"[972, 96, 96, 96, 32]",0.212,5.497254371643066,
structured_finetune_0.95,90,92,18,4,32,NonCallBack,201.28218054771423,1010,"[648, 64, 64, 64, 32]",0.2121,0.9909453392028809,0.00628209114074707
structured_nonfinetune_0.3,90,92,18,4,32,NonCallBack,1.852642297744751,9602,"[7128, 704, 704, 704, 224]",0.6135,-27.936594009399414,35.30127692222595
structured_nonfinetune_0.5,90,92,18,4,32,NonCallBack,1.9743306636810303,7018,"[5184, 512, 512, 512, 160]",0.3812,-25.05392837524414,20.277504920959473
structured_nonfinetune_0.8,90,92,18,4,32,NonCallBack,1.9181365966796875,3142,"[2268, 224, 224, 224, 64]",0.1144,-4.273863792419434,0.19323492050170898
structured_nonfinetune_0.9,90,92,18,4,32,NonCallBack,1.9737272262573242,1430,"[972, 96, 96, 96, 32]",0.1135,-15.700952529907227,0.01520991325378418
structured_nonfinetune_0.95,90,92,18,4,32,NonCallBack,1.8861639499664307,1010,"[648, 64, 64, 64, 32]",0.1135,9.083024024963379,
random_unstructured_finetune_0.3,90,92,18,4,32,NonCallBack,211.62484312057495,9766,"[7257, 716, 716, 716, 223]",0.9513,-22.035724639892578,34.05694007873535
random_unstructured_finetune_0.5,90,92,18,4,32,NonCallBack,206.16760158538818,7019,"[5184, 512, 512, 512, 161]",0.9323,-19.087100982666016,0.891636848449707
random_unstructured_finetune_0.8,90,92,18,4,32,NonCallBack,205.05328369140625,2891,"[2074, 205, 205, 205, 64]",0.3837,-6.735843181610107,0.34528493881225586
random_unstructured_finetune_0.9,90,92,18,4,32,NonCallBack,211.14741921424866,1513,"[1037, 102, 102, 102, 32]",0.1135,1.3180012702941895,
random_unstructured_finetune_0.95,90,92,18,4,32,NonCallBack,211.05634307861328,826,"[519, 51, 51, 51, 16]",0.1135,3.1533451080322266,
random_unstructured_nonfinetune_0.3,90,92,18,4,32,NonCallBack,2.0749032497406006,9766,"[7257, 716, 716, 716, 223]",0.5325,-12.649927139282227,115.8228828907013
random_unstructured_nonfinetune_0.5,90,92,18,4,32,NonCallBack,2.0138964653015137,7019,"[5184, 512, 512, 512, 161]",0.2171,-13.257352828979492,0.022018909454345703
random_unstructured_nonfinetune_0.8,90,92,18,4,32,NonCallBack,2.0282559394836426,2891,"[2074, 205, 205, 205, 64]",0.1028,-1.4268484115600586,0.027476072311401367
random_unstructured_nonfinetune_0.9,90,92,18,4,32,NonCallBack,2.0584876537323,1513,"[1037, 102, 102, 102, 32]",0.1135,-2.292941093444824,0.08287692070007324
random_unstructured_nonfinetune_0.95,90,92,18,4,32,NonCallBack,2.012077569961548,826,"[519, 51, 51, 51, 16]",0.1135,3.1121327877044678,
random_structured_finetune_0.3,90,92,18,4,32,NonCallBack,209.92879915237427,9602,"[7128, 704, 704, 704, 224]",0.759,-14.171846389770508,1.0101070404052734
random_structured_finetune_0.5,90,92,18,4,32,NonCallBack,202.88419008255005,7018,"[5184, 512, 512, 512, 160]",0.5752,-3.874116897583008,0.020016908645629883
random_structured_finetune_0.8,90,92,18,4,32,NonCallBack,201.81168341636658,3142,"[2268, 224, 224, 224, 64]",0.2906,0.9270537495613098,0.021289825439453125
random_structured_finetune_0.9,90,92,18,4,32,NonCallBack,206.08924841880798,1430,"[972, 96, 96, 96, 32]",0.1135,4.66840124130249,
random_structured_finetune_0.95,90,92,18,4,32,NonCallBack,205.7332260608673,1010,"[648, 64, 64, 64, 32]",0.1135,-15.288606643676758,0.01009988784790039
random_structured_nonfinetune_0.3,90,92,18,4,32,NonCallBack,2.021071434020996,9602,"[7128, 704, 704, 704, 224]",0.2716,-32.47737503051758,1.6602458953857422
random_structured_nonfinetune_0.5,90,92,18,4,32,NonCallBack,1.9911580085754395,7018,"[5184, 512, 512, 512, 160]",0.1736,-16.499855041503906,1.0411701202392578
random_structured_nonfinetune_0.8,90,92,18,4,32,NonCallBack,1.9490108489990234,3142,"[2268, 224, 224, 224, 64]",0.1028,1.7346241474151611,
random_structured_nonfinetune_0.9,90,92,18,4,32,NonCallBack,2.0414485931396484,1430,"[972, 96, 96, 96, 32]",0.1135,4.300973415374756,
random_structured_nonfinetune_0.95,90,92,18,4,32,NonCallBack,1.9998507499694824,1010,"[648, 64, 64, 64, 32]",0.1135,2.4486162662506104,
dense,90,92,18,4,64,NonCallBack,0,33929,"[20736, 4096, 4095, 4096, 640]",0.9675,-17.536510467529297,191.7493658065796
unstructured_finetune_0.3,90,92,18,4,64,NonCallBack,201.82908701896667,23830,"[14515, 2867, 2867, 2867, 448]",0.9774,-8.518625259399414,6.852689027786255
unstructured_finetune_0.5,90,92,18,4,64,NonCallBack,206.76056241989136,17097,"[10368, 2048, 2048, 2048, 319]",0.977,-6.64362907409668,4.9332990646362305
unstructured_finetune_0.8,90,92,18,4,64,NonCallBack,201.69677090644836,7001,"[4147, 820, 820, 820, 128]",0.9723,-15.861345291137695,2.188138961791992
unstructured_finetune_0.9,90,92,18,4,64,NonCallBack,206.18286299705505,3631,"[2074, 409, 409, 409, 64]",0.9601,-15.279228210449219,1.1078381538391113
unstructured_finetune_0.95,90,92,18,4,64,NonCallBack,204.60364174842834,1949,"[1036, 205, 205, 205, 32]",0.9379,-7.282912254333496,0.4951779842376709
unstructured_nonfinetune_0.3,90,92,18,4,64,NonCallBack,1.8418972492218018,23830,"[14515, 2867, 2867, 2867, 448]",0.9667,-4.671884536743164,111.7621340751648
unstructured_nonfinetune_0.5,90,92,18,4,64,NonCallBack,1.9104695320129395,17097,"[10368, 2048, 2048, 2048, 319]",0.9617,-3.488236427307129,4.53485107421875
unstructured_nonfinetune_0.8,90,92,18,4,64,NonCallBack,1.8828048706054688,7001,"[4147, 820, 820, 820, 128]",0.6675,-16.814861297607422,2.025218963623047
unstructured_nonfinetune_0.9,90,92,18,4,64,NonCallBack,1.9131979942321777,3631,"[2074, 409, 409, 409, 64]",0.3236,-12.844913482666016,0.9136261940002441
unstructured_nonfinetune_0.95,90,92,18,4,64,NonCallBack,1.895104169845581,1949,"[1036, 205, 205, 205, 32]",0.1579,-11.413719177246094,0.2580900192260742
structured_finetune_0.3,90,92,18,4,64,NonCallBack,207.35554361343384,23934,"[14580, 2880, 2880, 2880, 448]",0.7799,-12.453638076782227,50.283217906951904
structured_finetune_0.5,90,92,18,4,64,NonCallBack,201.29253005981445,17098,"[10368, 2048, 2048, 2048, 320]",0.5844,1.4320963621139526,
structured_finetune_0.8,90,92,18,4,64,NonCallBack,205.95409417152405,6586,"[3888, 768, 768, 768, 128]",0.2905,-3.0993151664733887,0.013920783996582031
structured_finetune_0.9,90,92,18,4,64,NonCallBack,203.90119290351868,3426,"[1944, 384, 384, 384, 64]",0.2066,3.3274197578430176,
structured_finetune_0.95,90,92,18,4,64,NonCallBack,205.99910974502563,1878,"[972, 192, 192, 192, 64]",0.203,4.58482551574707,
structured_nonfinetune_0.3,90,92,18,4,64,NonCallBack,1.929368257522583,23934,"[14580, 2880, 2880, 2880, 448]",0.6733,-3.0872817039489746,97.42801809310913
structured_nonfinetune_0.5,90,92,18,4,64,NonCallBack,1.8815290927886963,17098,"[10368, 2048, 2048, 2048, 320]",0.4154,-0.5072383880615234,0.029027938842773438
structured_nonfinetune_0.8,90,92,18,4,64,NonCallBack,1.9405832290649414,6586,"[3888, 768, 768, 768, 128]",0.0825,-1.7760944366455078,0.012897968292236328
structured_nonfinetune_0.9,90,92,18,4,64,NonCallBack,1.9076671600341797,3426,"[1944, 384, 384, 384, 64]",0.1009,-5.242654323577881,0.012578010559082031
structured_nonfinetune_0.95,90,92,18,4,64,NonCallBack,1.9077091217041016,1878,"[972, 192, 192, 192, 64]",0.1009,1.1751296520233154,
random_unstructured_finetune_0.3,90,92,18,4,64,NonCallBack,211.55800127983093,23829,"[14515, 2867, 2866, 2867, 448]",0.9674,-15.129951477050781,133.66708397865295
random_unstructured_finetune_0.5,90,92,18,4,64,NonCallBack,206.33419013023376,17096,"[10368, 2048, 2047, 2048, 319]",0.9481,-2.853336811065674,111.19582605361938
random_unstructured_finetune_0.8,90,92,18,4,64,NonCallBack,205.53526139259338,7001,"[4147, 820, 820, 820, 128]",0.236,-4.877509117126465,1.7027599811553955
random_unstructured_finetune_0.9,90,92,18,4,64,NonCallBack,201.15062928199768,3631,"[2074, 409, 409, 409, 64]",0.1135,0.3204101324081421,0.6702358722686768
random_unstructured_finetune_0.95,90,92,18,4,64,NonCallBack,204.67177176475525,1949,"[1036, 205, 205, 205, 32]",0.1135,-1.183244228363037,0.0658109188079834
random_unstructured_nonfinetune_0.3,90,92,18,4,64,NonCallBack,2.022714614868164,23829,"[14515, 2867, 2866, 2867, 448]",0.703,2.5299899578094482,
random_unstructured_nonfinetune_0.5,90,92,18,4,64,NonCallBack,1.9874510765075684,17096,"[10368, 2048, 2047, 2048, 319]",0.1486,-4.490157127380371,55.946556091308594
random_unstructured_nonfinetune_0.8,90,92,18,4,64,NonCallBack,2.006864547729492,7001,"[4147, 820, 820, 820, 128]",0.1009,-4.25412654876709,80.88646602630615
random_unstructured_nonfinetune_0.9,90,92,18,4,64,NonCallBack,2.0094287395477295,3631,"[2074, 409, 409, 409, 64]",0.1009,0.009310007095336914,0.400191068649292
random_unstructured_nonfinetune_0.95,90,92,18,4,64,NonCallBack,1.992931842803955,1949,"[1036, 205, 205, 205, 32]",0.1009,1.8021109104156494,
random_structured_finetune_0.3,90,92,18,4,64,NonCallBack,204.53948283195496,23933,"[14580, 2880, 2879, 2880, 448]",0.7783,3.0896155834198,
random_structured_finetune_0.5,90,92,18,4,64,NonCallBack,205.0750696659088,17098,"[10368, 2048, 2048, 2048, 320]",0.5854,1.8874422311782837,
random_structured_finetune_0.8,90,92,18,4,64,NonCallBack,210.3700988292694,6585,"[3888, 768, 767, 768, 128]",0.3008,4.4348273277282715,
random_structured_finetune_0.9,90,92,18,4,64,NonCallBack,211.62955141067505,3426,"[1944, 384, 384, 384, 64]",0.1135,-7.825065612792969,0.044545888900756836
random_structured_finetune_0.95,90,92,18,4,64,NonCallBack,210.1611032485962,1878,"[972, 192, 192, 192, 64]",0.1135,0.4339733123779297,0.007912874221801758
random_structured_nonfinetune_0.3,90,92,18,4,64,NonCallBack,2.07285475730896,23934,"[14580, 2880, 2880, 2880, 448]",0.5531,-16.635480880737305,3.1268889904022217
random_structured_nonfinetune_0.5,90,92,18,4,64,NonCallBack,2.088097333908081,17097,"[10368, 2048, 2047, 2048, 320]",0.221,-6.9226179122924805,57.70097303390503
random_structured_nonfinetune_0.8,90,92,18,4,64,NonCallBack,2.0434889793395996,6586,"[3888, 768, 768, 768, 128]",0.1009,3.403649091720581,
random_structured_nonfinetune_0.9,90,92,18,4,64,NonCallBack,1.9777371883392334,3426,"[1944, 384, 384, 384, 64]",0.1009,1.47842276096344,
random_structured_nonfinetune_0.95,90,92,18,4,64,NonCallBack,2.064260482788086,1878,"[972, 192, 192, 192, 64]",0.1009,3.574449062347412,
