method,model_size,parameters,seed,prune_amount,max_,original_max,original_max_time_elapsed,solve_time,sol_count,time_limit,first_solution,slurm_array_id
no_warm_start_dense_passing,"[100, 50, 50, 1]",7651,50,0.0,0.3950315908751322,0.3950315117835998,287.80841183662415,600.4622440338135,1950,600,0.2949797213077545,
no_warm_start_dense_passing,"[100, 50, 50, 1]",5386,50,0.3,0.3707560552394263,0.3750318586826324,128.9913399219513,600.3113503456116,2827,600,0.2949797213077545,
no_warm_start_dense_passing,"[100, 50, 50, 1]",3876,50,0.5,0.3537432313460539,0.3336760103702545,227.3465931415558,600.3023235797882,3981,600,0.2949797213077545,
no_warm_start_dense_passing,"[100, 50, 50, 1]",1611,50,0.8,0.1971275555797624,0.2486249804496765,511.2549700737,601.9316518306732,48751,600,0.2949797213077545,
no_warm_start_dense_passing,"[100, 50, 50, 1]",856,50,0.9,0.1005351591813665,0.0404309518635273,0.1612396240234375,0.959620714187622,6,600,0.2949797213077545,
no_warm_start_dense_passing,"[100, 50, 50, 1]",479,50,0.95,0.0829831071148293,0.0731584057211875,0.15086030960083,0.1517212390899658,1,600,0.2949797213077545,
no_warm_start_dense_passing,"[100, 50, 50, 1]",139,50,0.995,0.079495333135128,0.0731584057211875,0.211235761642456,0.2122962474822998,1,600,0.2949797213077545,
no_warm_start_dense_passing,"[100, 50, 50, 1]",109,50,0.999,0.079495333135128,0.0731584057211875,0.2080404758453369,0.2091691493988037,1,600,0.2949797213077545,
no_warm_start_dense_passing,"[100, 50, 50, 1]",7651,51,0.0,0.3905820040471467,0.3905819356441498,251.33944582939148,600.4464643001556,1345,600,0.2673710882663727,
no_warm_start_dense_passing,"[100, 50, 50, 1]",5386,51,0.3,0.3720000866582408,0.36322882771492,167.71449327468872,600.4825222492218,2347,600,0.2673710882663727,
no_warm_start_dense_passing,"[100, 50, 50, 1]",3876,51,0.5,0.3346925438989808,0.3439244031906128,87.18269729614258,600.4226920604706,4791,600,0.2673710882663727,
no_warm_start_dense_passing,"[100, 50, 50, 1]",1611,51,0.8,0.1689175522028168,0.2038138061761856,327.3437945842743,604.3133034706116,44540,600,0.2673710882663727,
no_warm_start_dense_passing,"[100, 50, 50, 1]",856,51,0.9,0.0467411114282714,0.0553216859698295,0.1891965866088867,0.1904511451721191,1,600,0.2673710882663727,
no_warm_start_dense_passing,"[100, 50, 50, 1]",479,51,0.95,0.059889217333816,0.0553216859698295,0.2387611865997314,0.2408461570739746,1,600,0.2673710882663727,
no_warm_start_dense_passing,"[100, 50, 50, 1]",139,51,0.995,0.0594725454385055,0.0553216859698295,0.2204036712646484,0.2221395969390869,1,600,0.2673710882663727,
no_warm_start_dense_passing,"[100, 50, 50, 1]",109,51,0.999,0.0571141578257083,0.0553216859698295,0.2136495113372802,0.2155072689056396,1,600,0.2673710882663727,
no_warm_start_dense_passing,"[100, 50, 50, 1]",7651,52,0.0,0.2573822384548373,0.2573822438716888,254.3984682559967,601.4462366104126,3156,600,0.1733169555664062,
no_warm_start_dense_passing,"[100, 50, 50, 1]",5386,52,0.3,0.2468888381095957,0.2452795505523681,92.78927969932556,610.3285984992981,8826,600,0.1733169555664062,
no_warm_start_dense_passing,"[100, 50, 50, 1]",3876,52,0.5,0.1549873587826766,0.2073371857404709,86.02795553207397,600.6910486221313,14556,600,0.1733169555664062,
no_warm_start_dense_passing,"[100, 50, 50, 1]",1611,52,0.8,0.0798592050129538,0.062364038079977,616.9223463535309,619.4400491714478,38726,600,0.1733169555664062,
no_warm_start_dense_passing,"[100, 50, 50, 1]",856,52,0.9,-0.0897609881731908,-0.0768190771341323,0.1508288383483886,0.1518020629882812,1,600,0.1733169555664062,
no_warm_start_dense_passing,"[100, 50, 50, 1]",479,52,0.95,-0.0663753480454668,-0.0768190771341323,0.1523234844207763,0.1532840728759765,1,600,0.1733169555664062,
no_warm_start_dense_passing,"[100, 50, 50, 1]",139,52,0.995,-0.0536833818494624,-0.0768190771341323,0.2118022441864013,0.2132253646850586,1,600,0.1733169555664062,
no_warm_start_dense_passing,"[100, 50, 50, 1]",109,52,0.999,-0.0397628210484981,-0.0768190771341323,0.2126228809356689,0.2137022018432617,1,600,0.1733169555664062,
no_warm_start_dense_passing,"[100, 50, 50, 1]",7651,53,0.0,0.5433407791260658,0.5433406829833984,336.01703453063965,600.476137638092,3963,600,0.4768570959568023,
no_warm_start_dense_passing,"[100, 50, 50, 1]",5386,53,0.3,0.4923765585501301,0.5221807360649109,160.60573387145996,600.5316457748413,3795,600,0.4768570959568023,
no_warm_start_dense_passing,"[100, 50, 50, 1]",3876,53,0.5,0.4460113330620685,0.4325335025787353,217.8209536075592,604.5450727939606,12165,600,0.4768570959568023,
no_warm_start_dense_passing,"[100, 50, 50, 1]",1611,53,0.8,0.1767504899094211,0.3101686537265777,455.6784510612488,606.3535182476044,90800,600,0.4768570959568023,
no_warm_start_dense_passing,"[100, 50, 50, 1]",856,53,0.9,0.0037451988900375,0.0403227396309375,0.1600887775421142,1.172961950302124,1,600,0.4768570959568023,
no_warm_start_dense_passing,"[100, 50, 50, 1]",479,53,0.95,0.0175789563903973,0.0511236079037189,0.1493659019470214,0.1503605842590332,1,600,0.4768570959568023,
no_warm_start_dense_passing,"[100, 50, 50, 1]",139,53,0.995,-0.0136299543082714,0.0511236079037189,0.2101633548736572,0.2112741470336914,1,600,0.4768570959568023,
no_warm_start_dense_passing,"[100, 50, 50, 1]",109,53,0.999,-0.0136299543082714,0.0511236079037189,0.2095615863800048,0.210646390914917,1,600,0.4768570959568023,
no_warm_start_dense_passing,"[100, 50, 50, 1]",7651,54,0.0,0.3745750312176252,0.3745750188827514,600.8070828914642,601.1328406333923,3424,600,0.2965342700481415,
no_warm_start_dense_passing,"[100, 50, 50, 1]",5386,54,0.3,0.3644420805781153,0.3600109815597534,511.15139293670654,600.5819489955902,6428,600,0.2965342700481415,
no_warm_start_dense_passing,"[100, 50, 50, 1]",3876,54,0.5,0.352298918464914,0.3106548488140106,12.31525945663452,601.312876701355,13846,600,0.2965342700481415,
no_warm_start_dense_passing,"[100, 50, 50, 1]",1611,54,0.8,0.1929696094189048,0.2524454891681671,162.61225700378418,608.6625590324402,79253,600,0.2965342700481415,
no_warm_start_dense_passing,"[100, 50, 50, 1]",856,54,0.9,0.0004231592197932,0.0010564438998699,0.1524510383605957,0.1540007591247558,1,600,0.2965342700481415,
no_warm_start_dense_passing,"[100, 50, 50, 1]",479,54,0.95,-0.0092113441585881,0.0010564438998699,0.1492335796356201,0.1501133441925048,1,600,0.2965342700481415,
no_warm_start_dense_passing,"[100, 50, 50, 1]",139,54,0.995,0.0175433489081973,0.0010564438998699,0.1560323238372802,0.1569690704345703,1,600,0.2965342700481415,
no_warm_start_dense_passing,"[100, 50, 50, 1]",109,54,0.999,0.0175433489081973,0.0010564438998699,0.1542553901672363,0.1556282043457031,1,600,0.2965342700481415,
no_warm_start_dense_passing,"[100, 100, 100, 1]",20301,50,0.0,0.1987345116669608,0.1987344026565551,400.7487592697144,600.6968984603882,264,600,0.1731444746255874,
no_warm_start_dense_passing,"[100, 100, 100, 1]",14271,50,0.3,0.2346784294993449,0.2093998789787292,562.9329216480255,600.6092801094055,1184,600,0.1731444746255874,
no_warm_start_dense_passing,"[100, 100, 100, 1]",10251,50,0.5,0.1974457036548039,0.1639004200696945,206.38924407958984,601.0229516029358,1405,600,0.1731444746255874,
no_warm_start_dense_passing,"[100, 100, 100, 1]",4221,50,0.8,0.0486560111802894,0.0365653038024902,122.06163549423218,601.6209290027618,6753,600,0.1731444746255874,
no_warm_start_dense_passing,"[100, 100, 100, 1]",2211,50,0.9,0.0011998382260631,0.0198967587202787,54.44819641113281,601.0337836742401,90169,600,0.1731444746255874,
no_warm_start_dense_passing,"[100, 100, 100, 1]",1206,50,0.95,-0.0294438336783989,-0.0538800656795501,0.7124049663543701,1.7389538288116455,2,600,0.1731444746255874,
no_warm_start_dense_passing,"[100, 100, 100, 1]",301,50,0.995,-0.0250799898058176,-0.0533438250422477,0.2774891853332519,1.0751256942749023,1,600,0.1731444746255874,
no_warm_start_dense_passing,"[100, 100, 100, 1]",221,50,0.999,-0.0250799898058176,-0.050227865576744,0.2832210063934326,0.2854378223419189,1,600,0.1731444746255874,
no_warm_start_dense_passing,"[100, 100, 100, 1]",20301,51,0.0,0.2311029498217978,0.2311029285192489,582.7492320537567,600.5236392021179,924,600,0.1433043032884597,
no_warm_start_dense_passing,"[100, 100, 100, 1]",14271,51,0.3,0.2467460925591834,0.2221557348966598,500.33072781562805,600.5980033874512,1315,600,0.1433043032884597,
no_warm_start_dense_passing,"[100, 100, 100, 1]",10251,51,0.5,0.1833791194827337,0.1805091351270675,159.89128756523132,600.5763201713562,1255,600,0.1433043032884597,
no_warm_start_dense_passing,"[100, 100, 100, 1]",4221,51,0.8,0.0737578266826933,0.0670066997408866,216.0495991706848,601.3971185684204,12166,600,0.1433043032884597,
no_warm_start_dense_passing,"[100, 100, 100, 1]",2211,51,0.9,0.0353849098737844,0.010522324591875,204.0454556941986,600.9139592647552,43485,600,0.1433043032884597,
no_warm_start_dense_passing,"[100, 100, 100, 1]",1206,51,0.95,0.0261250026524066,-0.0443565510213375,0.7374711036682129,1.7284698486328125,10,600,0.1433043032884597,
no_warm_start_dense_passing,"[100, 100, 100, 1]",301,51,0.995,0.0261250026524066,-0.0287156663835048,0.3597197532653808,1.5933380126953125,2,600,0.1433043032884597,
no_warm_start_dense_passing,"[100, 100, 100, 1]",221,51,0.999,0.0261250026524066,-0.0207809656858444,0.3005411624908447,0.3026342391967773,1,600,0.1433043032884597,
no_warm_start_dense_passing,"[100, 100, 100, 1]",20301,52,0.0,0.316895926337571,0.3168959319591522,584.2502138614655,600.8901951313019,265,600,0.242207795381546,
no_warm_start_dense_passing,"[100, 100, 100, 1]",14271,52,0.3,0.334254237276649,0.3230097889900207,597.2421789169312,600.4910309314728,1011,600,0.242207795381546,
no_warm_start_dense_passing,"[100, 100, 100, 1]",10251,52,0.5,0.2554949515117128,0.2460493147373199,113.22250962257384,600.9501533508301,1908,600,0.242207795381546,
no_warm_start_dense_passing,"[100, 100, 100, 1]",4221,52,0.8,0.1589095357627548,0.1656097024679184,33.72512769699097,600.9929430484772,13207,600,0.242207795381546,
no_warm_start_dense_passing,"[100, 100, 100, 1]",2211,52,0.9,0.1287670350453714,0.1374084949493408,14.682268619537354,621.6706562042236,89855,600,0.242207795381546,
no_warm_start_dense_passing,"[100, 100, 100, 1]",1206,52,0.95,0.0990039488146345,0.1293567419052124,7.710278272628784,81.79980182647705,15511,600,0.242207795381546,
no_warm_start_dense_passing,"[100, 100, 100, 1]",301,52,0.995,0.0892684881922611,0.0803500860929489,0.3764247894287109,1.3847098350524902,2,600,0.242207795381546,
no_warm_start_dense_passing,"[100, 100, 100, 1]",221,52,0.999,0.09592866897583,0.0753177925944328,0.5935094356536865,1.854088306427002,1,600,0.242207795381546,
no_warm_start_dense_passing,"[100, 100, 100, 1]",20301,53,0.0,0.3017852347933587,0.301785260438919,595.1426701545715,600.5283212661743,736,600,0.2750420570373535,
no_warm_start_dense_passing,"[100, 100, 100, 1]",14271,53,0.3,0.3709651594163188,0.3744702041149139,502.4220533370972,600.5731673240662,591,600,0.2750420570373535,
no_warm_start_dense_passing,"[100, 100, 100, 1]",10251,53,0.5,0.3269413731901162,0.2679689228534698,300.4917461872101,600.5378811359406,1497,600,0.2750420570373535,
no_warm_start_dense_passing,"[100, 100, 100, 1]",4221,53,0.8,0.0763575819108022,0.1945695877075195,83.02013444900513,601.4072051048279,4732,600,0.2750420570373535,
no_warm_start_dense_passing,"[100, 100, 100, 1]",2211,53,0.9,0.0006842591007024,0.1170073002576828,173.14798951148987,612.9721925258636,25398,600,0.2750420570373535,
no_warm_start_dense_passing,"[100, 100, 100, 1]",1206,53,0.95,-0.0436015519097401,0.1035066843032836,1.7487916946411133,609.1560173034668,123819,600,0.2750420570373535,
no_warm_start_dense_passing,"[100, 100, 100, 1]",301,53,0.995,-0.0618238113820552,0.0053053237497806,0.297086238861084,1.749197483062744,2,600,0.2750420570373535,
no_warm_start_dense_passing,"[100, 100, 100, 1]",221,53,0.999,-0.0618238113820552,-0.0363395772874355,0.4185059070587158,0.4211604595184326,1,600,0.2750420570373535,
no_warm_start_dense_passing,"[100, 100, 100, 1]",20301,54,0.0,0.539747209934974,0.5397471785545349,569.6742787361145,601.2599194049835,572,600,0.421760082244873,
no_warm_start_dense_passing,"[100, 100, 100, 1]",14271,54,0.3,0.5016382677108627,0.5142555832862854,346.4860656261444,600.5072102546692,819,600,0.421760082244873,
no_warm_start_dense_passing,"[100, 100, 100, 1]",10251,54,0.5,0.4590911273576149,0.4827107489109039,236.1207430362701,600.4730303287506,793,600,0.421760082244873,
no_warm_start_dense_passing,"[100, 100, 100, 1]",4221,54,0.8,0.1902335031030916,0.3323782086372375,551.2697701454163,600.9187705516815,6568,600,0.421760082244873,
no_warm_start_dense_passing,"[100, 100, 100, 1]",2211,54,0.9,0.0728236634254046,0.33084636926651,559.1175363063812,600.8175077438354,84743,600,0.421760082244873,
no_warm_start_dense_passing,"[100, 100, 100, 1]",1206,54,0.95,0.0246122127379319,0.1091538965702056,0.6505832672119141,1.9632728099823,6,600,0.421760082244873,
no_warm_start_dense_passing,"[100, 100, 100, 1]",301,54,0.995,0.0060798409394919,0.0685096979141235,0.4376845359802246,1.173027276992798,1,600,0.421760082244873,
no_warm_start_dense_passing,"[100, 100, 100, 1]",221,54,0.999,0.0060798409394919,0.0686852261424064,0.2844443321228027,0.2862923145294189,1,600,0.421760082244873,
no_warm_start_dense_passing,"[100, 200, 200, 1]",60601,50,0.0,0.022005031054535,0.0220044292509555,73.40429639816284,601.1075918674469,117,600,0.2973082959651947,
no_warm_start_dense_passing,"[100, 200, 200, 1]",42541,50,0.3,0.0240111159035519,0.0357212126255035,594.9032635688782,601.1998021602631,156,600,0.2973082959651947,
no_warm_start_dense_passing,"[100, 200, 200, 1]",30501,50,0.5,0.2191878662796262,0.20449760556221,448.4610948562622,600.9215707778931,75,600,0.2973082959651947,
no_warm_start_dense_passing,"[100, 200, 200, 1]",12441,50,0.8,0.0480892425894318,0.1193686127662658,233.28228187561035,601.4639348983765,763,600,0.2973082959651947,
no_warm_start_dense_passing,"[100, 200, 200, 1]",6421,50,0.9,-0.0212302021682262,-0.0123002501204609,1.2095067501068115,2.1055328845977783,1,600,0.2973082959651947,
no_warm_start_dense_passing,"[100, 200, 200, 1]",3411,50,0.95,-0.0212302021682262,-0.0168507862836122,0.7175619602203369,1.1194000244140625,1,600,0.2973082959651947,
no_warm_start_dense_passing,"[100, 200, 200, 1]",702,50,0.995,-0.0212302021682262,0.0503073520958423,0.5768673419952393,1.522481918334961,4,600,0.2973082959651947,
no_warm_start_dense_passing,"[100, 200, 200, 1]",461,50,0.999,-0.0212302021682262,0.0170968659222126,0.5751233100891113,1.4302525520324707,1,600,0.2973082959651947,
no_warm_start_dense_passing,"[100, 200, 200, 1]",60601,51,0.0,-0.0204685242772267,-0.0204685255885124,569.3528928756714,601.0098145008087,75,600,0.1015471667051315,
no_warm_start_dense_passing,"[100, 200, 200, 1]",42541,51,0.3,0.0094963494171679,0.0161006115376949,596.6951797008514,601.8349788188934,83,600,0.1015471667051315,
no_warm_start_dense_passing,"[100, 200, 200, 1]",30501,51,0.5,-0.051609281115449,-0.0462220385670661,12.229696035385132,601.2142548561096,63,600,0.1015471667051315,
no_warm_start_dense_passing,"[100, 200, 200, 1]",12441,51,0.8,0.0528639219977364,0.0131979398429393,222.367910861969,600.911416053772,601,600,0.1015471667051315,
no_warm_start_dense_passing,"[100, 200, 200, 1]",6421,51,0.9,-0.0316849909722805,-0.0484594963490963,0.7216532230377197,1.6419196128845217,1,600,0.1015471667051315,
no_warm_start_dense_passing,"[100, 200, 200, 1]",3411,51,0.95,-0.0316849909722805,-0.0465854406356811,1.2006795406341553,2.568495988845825,1,600,0.1015471667051315,
no_warm_start_dense_passing,"[100, 200, 200, 1]",702,51,0.995,-0.0316849909722805,-0.0399257354438304,1.1731514930725098,2.142180919647217,4,600,0.1015471667051315,
no_warm_start_dense_passing,"[100, 200, 200, 1]",461,51,0.999,-0.0316849909722805,-0.0524232350289821,0.6434252262115479,1.4269537925720217,1,600,0.1015471667051315,
no_warm_start_dense_passing,"[100, 200, 200, 1]",60601,52,0.0,0.0462425104331803,0.0462425090372562,405.3784410953522,600.6710419654846,91,600,0.1070311516523361,
no_warm_start_dense_passing,"[100, 200, 200, 1]",42541,52,0.3,0.0656961436435294,0.0594057328999042,481.18798828125,600.6275582313538,146,600,0.1070311516523361,
no_warm_start_dense_passing,"[100, 200, 200, 1]",30501,52,0.5,0.0341036742098546,0.0104329995810985,1.4722228050231934,600.9086246490479,109,600,0.1070311516523361,
no_warm_start_dense_passing,"[100, 200, 200, 1]",12441,52,0.8,0.0879430682568139,0.0242790319025516,4.426920413970947,602.144159078598,1678,600,0.1070311516523361,
no_warm_start_dense_passing,"[100, 200, 200, 1]",6421,52,0.9,0.0420688800513744,0.009206723421812,1.2189364433288574,2.7472944259643555,5,600,0.1070311516523361,
no_warm_start_dense_passing,"[100, 200, 200, 1]",3411,52,0.95,0.0420688800513744,0.0117068998515605,1.1991970539093018,2.2487423419952397,1,600,0.1070311516523361,
no_warm_start_dense_passing,"[100, 200, 200, 1]",702,52,0.995,0.0420688800513744,-0.042353194206953,1.151813268661499,2.017909288406372,3,600,0.1070311516523361,
no_warm_start_dense_passing,"[100, 200, 200, 1]",461,52,0.999,0.0420688800513744,-0.0528664104640483,1.252211093902588,1.9081697463989256,2,600,0.1070311516523361,
no_warm_start_dense_passing,"[100, 200, 200, 1]",60601,53,0.0,0.1074403334389539,0.1074402183294296,301.07472252845764,601.2567758560181,169,600,0.2913819551467895,
no_warm_start_dense_passing,"[100, 200, 200, 1]",42541,53,0.3,0.0773323293979435,0.072929061949253,450.6236650943756,601.6371331214905,81,600,0.2913819551467895,
no_warm_start_dense_passing,"[100, 200, 200, 1]",30501,53,0.5,0.1002998806414958,0.116081029176712,437.89932799339294,601.0091905593872,234,600,0.2913819551467895,
no_warm_start_dense_passing,"[100, 200, 200, 1]",12441,53,0.8,0.0945981503409073,0.1119445413351059,274.5424165725708,601.0931437015533,1364,600,0.2913819551467895,
no_warm_start_dense_passing,"[100, 200, 200, 1]",6421,53,0.9,0.0434912927448749,0.0736333057284355,9.175885677337646,37.56091260910034,4289,600,0.2913819551467895,
no_warm_start_dense_passing,"[100, 200, 200, 1]",3411,53,0.95,0.0434912927448749,0.0456289909780025,0.8658196926116943,1.5548245906829834,1,600,0.2913819551467895,
no_warm_start_dense_passing,"[100, 200, 200, 1]",702,53,0.995,0.0434912927448749,0.0210753101855516,0.8766074180603027,1.6963832378387451,4,600,0.2913819551467895,
no_warm_start_dense_passing,"[100, 200, 200, 1]",461,53,0.999,0.0434912927448749,-0.009987499564886,0.6036694049835205,1.7072041034698486,2,600,0.2913819551467895,
no_warm_start_dense_passing,"[100, 200, 200, 1]",60601,54,0.0,0.161690567142085,0.1616905331611633,586.6856887340546,600.7880177497864,105,600,0.2586670517921448,
no_warm_start_dense_passing,"[100, 200, 200, 1]",42541,54,0.3,0.0503723345334041,0.046884398907423,7.29066801071167,601.0607295036316,25,600,0.2586670517921448,
no_warm_start_dense_passing,"[100, 200, 200, 1]",30501,54,0.5,0.2662606022134749,0.2434470653533935,593.4518375396729,600.9956574440002,188,600,0.2586670517921448,
no_warm_start_dense_passing,"[100, 200, 200, 1]",12441,54,0.8,0.1167922680274775,0.1175021007657051,355.97611021995544,600.662805557251,585,600,0.2586670517921448,
no_warm_start_dense_passing,"[100, 200, 200, 1]",6421,54,0.9,0.0011603280436247,0.2033811956644058,7.316169261932373,605.0010039806366,20539,600,0.2586670517921448,
no_warm_start_dense_passing,"[100, 200, 200, 1]",3411,54,0.95,0.0011603280436247,0.0230181161314249,0.6214358806610107,1.4689664840698242,1,600,0.2586670517921448,
no_warm_start_dense_passing,"[100, 200, 200, 1]",702,54,0.995,0.0011603280436247,0.0136127537116408,0.8179171085357666,2.0158534049987797,4,600,0.2586670517921448,
no_warm_start_dense_passing,"[100, 200, 200, 1]",461,54,0.999,0.0011603280436247,0.0163467843085527,0.8141336441040039,1.6231698989868164,2,600,0.2586670517921448,
no_warm_start_dense_passing,"[100, 50, 50, 50, 1]",10201,50,0.0,0.2349180817512836,0.2349180877208709,570.2846374511719,600.5026440620422,197,600,0.2139576375484466,
no_warm_start_dense_passing,"[100, 50, 50, 50, 1]",7186,50,0.3,0.2535232559194217,0.2327091097831726,420.5550782680512,600.6247816085815,924,600,0.2139576375484466,
no_warm_start_dense_passing,"[100, 50, 50, 50, 1]",5176,50,0.5,0.2330358002319106,0.2217357903718948,355.91907715797424,600.5809855461121,1689,600,0.2139576375484466,
no_warm_start_dense_passing,"[100, 50, 50, 50, 1]",2161,50,0.8,0.1462333967506716,0.1802035272121429,275.53402876853943,600.4127991199493,3476,600,0.2139576375484466,
no_warm_start_dense_passing,"[100, 50, 50, 50, 1]",1156,50,0.9,0.1248626343770808,0.1433938592672348,0.3122479915618896,0.3134548664093017,1,600,0.2139576375484466,
no_warm_start_dense_passing,"[100, 50, 50, 50, 1]",653,50,0.95,0.1280432424239405,0.1433938592672348,0.3115873336791992,0.3133985996246338,1,600,0.2139576375484466,
no_warm_start_dense_passing,"[100, 50, 50, 50, 1]",201,50,0.995,0.1222411543130874,0.1433938592672348,0.3125195503234863,0.3141872882843017,1,600,0.2139576375484466,
no_warm_start_dense_passing,"[100, 50, 50, 50, 1]",161,50,0.999,0.1222411543130874,0.1433938592672348,0.3165071010589599,0.3187861442565918,1,600,0.2139576375484466,
no_warm_start_dense_passing,"[100, 50, 50, 50, 1]",10201,51,0.0,0.0429035221539238,0.0429035164415836,551.9795813560486,600.4550879001617,288,600,-0.02963088452816,
no_warm_start_dense_passing,"[100, 50, 50, 50, 1]",7186,51,0.3,0.0318962693412487,0.0420232526957988,416.8002781867981,600.5076200962067,607,600,-0.02963088452816,
no_warm_start_dense_passing,"[100, 50, 50, 50, 1]",5176,51,0.5,-0.0190198025831207,-0.0042170025408267,294.1218335628509,600.5160710811615,1718,600,-0.02963088452816,
no_warm_start_dense_passing,"[100, 50, 50, 50, 1]",2161,51,0.8,-0.0829063613559984,-0.0345382243394851,292.3811495304108,602.9371643066406,50310,600,-0.02963088452816,
no_warm_start_dense_passing,"[100, 50, 50, 50, 1]",1156,51,0.9,-0.0550929375013357,-0.0796898230910301,0.2097573280334472,0.2111332416534423,1,600,-0.02963088452816,
no_warm_start_dense_passing,"[100, 50, 50, 50, 1]",653,51,0.95,-0.0647348350466468,-0.0796898230910301,0.2113914489746093,0.2130393981933593,1,600,-0.02963088452816,
no_warm_start_dense_passing,"[100, 50, 50, 50, 1]",201,51,0.995,-0.042765986174345,-0.0796898230910301,0.2220098972320556,0.2243275642395019,1,600,-0.02963088452816,
no_warm_start_dense_passing,"[100, 50, 50, 50, 1]",161,51,0.999,-0.042765986174345,-0.0796898230910301,0.2207677364349365,0.2226526737213134,1,600,-0.02963088452816,
no_warm_start_dense_passing,"[100, 50, 50, 50, 1]",10201,52,0.0,0.0709207961637454,0.0709207952022552,585.1530838012695,600.5885665416718,236,600,0.0249042157083749,
no_warm_start_dense_passing,"[100, 50, 50, 50, 1]",7186,52,0.3,0.0931010327993605,0.068325825035572,581.6498553752899,600.4080107212067,678,600,0.0249042157083749,
no_warm_start_dense_passing,"[100, 50, 50, 50, 1]",5176,52,0.5,0.0760179591877643,0.0377493202686309,107.7334098815918,600.4252188205719,1120,600,0.0249042157083749,
no_warm_start_dense_passing,"[100, 50, 50, 50, 1]",2161,52,0.8,-0.0123884940807911,0.0019653122872114,237.5341775417328,601.1210660934448,2865,600,0.0249042157083749,
no_warm_start_dense_passing,"[100, 50, 50, 50, 1]",1156,52,0.9,-0.0447584061215179,-0.0593108311295509,0.488776683807373,0.4908528327941894,1,600,0.0249042157083749,
no_warm_start_dense_passing,"[100, 50, 50, 50, 1]",653,52,0.95,-0.0523682674762272,-0.0593108311295509,0.4795014858245849,0.4824204444885254,1,600,0.0249042157083749,
no_warm_start_dense_passing,"[100, 50, 50, 50, 1]",201,52,0.995,-0.0180641058832407,-0.0593108311295509,0.4991576671600342,0.5009615421295166,1,600,0.0249042157083749,
no_warm_start_dense_passing,"[100, 50, 50, 50, 1]",161,52,0.999,-0.0180641058832407,-0.0593108311295509,0.4910826683044433,0.4928276538848877,1,600,0.0249042157083749,
no_warm_start_dense_passing,"[100, 50, 50, 50, 1]",10201,53,0.0,0.2019287219807325,0.2019287347793579,535.8593463897705,600.8943619728088,249,600,0.183314710855484,
no_warm_start_dense_passing,"[100, 50, 50, 50, 1]",7186,53,0.3,0.2074803585398765,0.192311406135559,541.775173664093,600.4062833786011,788,600,0.183314710855484,
no_warm_start_dense_passing,"[100, 50, 50, 50, 1]",5176,53,0.5,0.1709025248862506,0.1730038374662399,312.9575607776642,600.5003023147583,1429,600,0.183314710855484,
no_warm_start_dense_passing,"[100, 50, 50, 50, 1]",2161,53,0.8,0.0867945127674351,0.1221457868814468,215.5657877922058,600.9713518619537,17423,600,0.183314710855484,
no_warm_start_dense_passing,"[100, 50, 50, 50, 1]",1156,53,0.9,0.0589756692366353,0.0490511879324913,0.28082275390625,0.2826967239379883,1,600,0.183314710855484,
no_warm_start_dense_passing,"[100, 50, 50, 50, 1]",653,53,0.95,0.0915805687586369,0.0490511879324913,0.3177332878112793,0.3195192813873291,1,600,0.183314710855484,
no_warm_start_dense_passing,"[100, 50, 50, 50, 1]",201,53,0.995,0.0774978548288345,0.0490511879324913,0.3119723796844482,0.3138210773468017,1,600,0.183314710855484,
no_warm_start_dense_passing,"[100, 50, 50, 50, 1]",161,53,0.999,0.0774978548288345,0.0490511879324913,0.2230172157287597,0.2245471477508545,1,600,0.183314710855484,
no_warm_start_dense_passing,"[100, 50, 50, 50, 1]",10201,54,0.0,0.0546501231272486,0.0546501167118549,507.0065155029297,600.6005985736847,209,600,-0.0007388927042484,
no_warm_start_dense_passing,"[100, 50, 50, 50, 1]",7186,54,0.3,0.0681638746664723,0.0657035559415817,600.3286969661713,600.5285177230835,364,600,-0.0007388927042484,
no_warm_start_dense_passing,"[100, 50, 50, 50, 1]",5176,54,0.5,0.0552186666940235,0.0477223210036754,403.53345489501953,600.5496406555176,746,600,-0.0007388927042484,
no_warm_start_dense_passing,"[100, 50, 50, 50, 1]",2161,54,0.8,-0.0068654289875704,0.0035169310867786,562.022408246994,600.6097595691681,5678,600,-0.0007388927042484,
no_warm_start_dense_passing,"[100, 50, 50, 50, 1]",1156,54,0.9,-0.0320344228738558,-0.0478155985474586,0.356112003326416,0.3581852912902832,1,600,-0.0007388927042484,
no_warm_start_dense_passing,"[100, 50, 50, 50, 1]",653,54,0.95,-0.0332795869761155,-0.0478155985474586,0.3192176818847656,0.3210937976837158,1,600,-0.0007388927042484,
no_warm_start_dense_passing,"[100, 50, 50, 50, 1]",201,54,0.995,-0.0033895271148218,-0.0478155985474586,0.2277348041534423,1.1533737182617188,2,600,-0.0007388927042484,
no_warm_start_dense_passing,"[100, 50, 50, 50, 1]",161,54,0.999,-0.0033895271148218,-0.0478155985474586,0.2294235229492187,0.9570426940917968,2,600,-0.0007388927042484,
no_warm_start_dense_passing,"[100, 100, 100, 100, 1]",30401,50,0.0,0.0064247763068394,0.0064243730157613,332.5496726036072,600.8508038520813,26,600,0.0543120056390762,
no_warm_start_dense_passing,"[100, 100, 100, 100, 1]",21371,50,0.3,0.0064664539250181,0.0018439721316099,11.143260478973389,600.9539642333984,56,600,0.0543120056390762,
no_warm_start_dense_passing,"[100, 100, 100, 100, 1]",15351,50,0.5,-0.0017694312567598,0.0014928430318832,7.994574308395386,600.5426347255707,58,600,0.0543120056390762,
no_warm_start_dense_passing,"[100, 100, 100, 100, 1]",6321,50,0.8,0.0591080998828932,0.0552486702799797,576.0627393722534,600.701721906662,2173,600,0.0543120056390762,
no_warm_start_dense_passing,"[100, 100, 100, 100, 1]",3311,50,0.9,0.0433327004729522,0.0467338114976882,327.1515657901764,600.7293484210968,1263,600,0.0543120056390762,
no_warm_start_dense_passing,"[100, 100, 100, 100, 1]",1806,50,0.95,0.0402820438943647,0.0419704020023345,587.9097175598145,608.8821184635162,98717,600,0.0543120056390762,
no_warm_start_dense_passing,"[100, 100, 100, 100, 1]",451,50,0.995,0.0294722796128373,-0.0029499772936105,0.618201494216919,2.128337383270264,1,600,0.0543120056390762,
no_warm_start_dense_passing,"[100, 100, 100, 100, 1]",331,50,0.999,0.0294722796128373,0.004409197717905,0.445598840713501,0.4468686580657959,1,600,0.0543120056390762,
no_warm_start_dense_passing,"[100, 100, 100, 100, 1]",30401,51,0.0,-0.0311538147439368,-0.0311538130044937,593.0597414970398,600.6394243240356,52,600,-0.0001247152686119,
no_warm_start_dense_passing,"[100, 100, 100, 100, 1]",21371,51,0.3,-0.0302869015952649,-0.0329933241009712,84.16305541992188,600.7638468742371,55,600,-0.0001247152686119,
no_warm_start_dense_passing,"[100, 100, 100, 100, 1]",15351,51,0.5,-0.0215247998529705,-0.0314567945897579,334.73855686187744,600.6024312973022,55,600,-0.0001247152686119,
no_warm_start_dense_passing,"[100, 100, 100, 100, 1]",6321,51,0.8,0.0104876443882284,-0.0191778987646102,516.8441922664642,601.1670250892639,1813,600,-0.0001247152686119,
no_warm_start_dense_passing,"[100, 100, 100, 100, 1]",3311,51,0.9,-0.0241742884721961,0.0037186779081821,437.0000247955322,600.6491611003876,1629,600,-0.0001247152686119,
no_warm_start_dense_passing,"[100, 100, 100, 100, 1]",1806,51,0.95,-0.0407691587221789,-0.0307898521423339,0.9966096878051758,2.599379301071167,11,600,-0.0001247152686119,
no_warm_start_dense_passing,"[100, 100, 100, 100, 1]",451,51,0.995,-0.0331465117633342,-0.0440230369567871,0.882188081741333,1.8204679489135744,2,600,-0.0001247152686119,
no_warm_start_dense_passing,"[100, 100, 100, 100, 1]",331,51,0.999,-0.0331465117633342,-0.0308213103562593,0.8589029312133789,0.8609116077423096,1,600,-0.0001247152686119,
no_warm_start_dense_passing,"[100, 100, 100, 100, 1]",30401,52,0.0,-0.073923816557827,-0.0739239007234573,18.57415246963501,600.9814829826355,174,600,0.0256074480712413,
no_warm_start_dense_passing,"[100, 100, 100, 100, 1]",21371,52,0.3,-0.0733931724087331,-0.0690037906169891,2.130765438079834,600.972904920578,167,600,0.0256074480712413,
no_warm_start_dense_passing,"[100, 100, 100, 100, 1]",15351,52,0.5,-0.0679268055190819,-0.0697159096598625,153.0536823272705,600.5961065292358,344,600,0.0256074480712413,
no_warm_start_dense_passing,"[100, 100, 100, 100, 1]",6321,52,0.8,-0.0174803212765176,-0.0362440682947635,160.97695469856262,600.6929407119751,1124,600,0.0256074480712413,
no_warm_start_dense_passing,"[100, 100, 100, 100, 1]",3311,52,0.9,-0.0384176892976295,-0.0057269968092441,585.2525188922882,601.7069404125214,2907,600,0.0256074480712413,
no_warm_start_dense_passing,"[100, 100, 100, 100, 1]",1806,52,0.95,-0.0424208039452449,-0.0322057493031024,136.66320657730105,623.7920353412628,43331,600,0.0256074480712413,
no_warm_start_dense_passing,"[100, 100, 100, 100, 1]",451,52,0.995,-0.0458425171673297,-0.0725326389074325,0.5436851978302002,1.2631731033325195,2,600,0.0256074480712413,
no_warm_start_dense_passing,"[100, 100, 100, 100, 1]",331,52,0.999,-0.0458425171673297,-0.0734819769859314,0.6280498504638672,1.350092887878418,1,600,0.0256074480712413,
no_warm_start_dense_passing,"[100, 100, 100, 100, 1]",30401,53,0.0,-0.0015652008912273,-0.0015652030706405,1.914477586746216,601.0171802043915,38,600,0.0990828573703765,
no_warm_start_dense_passing,"[100, 100, 100, 100, 1]",21371,53,0.3,0.0028561012291268,0.0054792910814285,12.42679738998413,600.4787714481354,176,600,0.0990828573703765,
no_warm_start_dense_passing,"[100, 100, 100, 100, 1]",15351,53,0.5,0.0278786834942895,0.0430437661707401,529.3828513622284,600.8120541572571,226,600,0.0990828573703765,
no_warm_start_dense_passing,"[100, 100, 100, 100, 1]",6321,53,0.8,0.0269664559520515,0.0143555160611867,284.5630886554718,600.6912522315979,1760,600,0.0990828573703765,
no_warm_start_dense_passing,"[100, 100, 100, 100, 1]",3311,53,0.9,0.0304951847667324,0.0504510514438152,476.7152485847473,600.9806530475616,4834,600,0.0990828573703765,
no_warm_start_dense_passing,"[100, 100, 100, 100, 1]",1806,53,0.95,0.0290310382843017,0.0046530850231647,0.7027130126953125,1.5646321773529053,7,600,0.0990828573703765,
no_warm_start_dense_passing,"[100, 100, 100, 100, 1]",451,53,0.995,0.0290310382843017,-0.0048727877438068,0.4362847805023193,1.4844391345977783,2,600,0.0990828573703765,
no_warm_start_dense_passing,"[100, 100, 100, 100, 1]",331,53,0.999,0.0290310382843017,0.0010079015046358,0.605370044708252,0.6072509288787842,1,600,0.0990828573703765,
no_warm_start_dense_passing,"[100, 100, 100, 100, 1]",30401,54,0.0,0.0164802502263097,0.0164802521467208,487.59277749061584,600.675507068634,349,600,0.0962872356176376,
no_warm_start_dense_passing,"[100, 100, 100, 100, 1]",21371,54,0.3,0.0172322848491799,0.0162212364375591,10.901900291442873,600.8104479312897,39,600,0.0962872356176376,
no_warm_start_dense_passing,"[100, 100, 100, 100, 1]",15351,54,0.5,0.0111482326336605,0.0141040459275245,1.3328518867492676,600.4804456233978,517,600,0.0962872356176376,
no_warm_start_dense_passing,"[100, 100, 100, 100, 1]",6321,54,0.8,0.0290883121397674,0.0466146916151046,479.5733742713928,600.7580094337463,737,600,0.0962872356176376,
no_warm_start_dense_passing,"[100, 100, 100, 100, 1]",3311,54,0.9,-0.0002739070292431,0.0404234714806079,17.887696504592896,70.65017867088318,18411,600,0.0962872356176376,
no_warm_start_dense_passing,"[100, 100, 100, 100, 1]",1806,54,0.95,-0.0003668088211767,0.0199990235269069,0.5089337825775146,2.0194127559661865,4,600,0.0962872356176376,
no_warm_start_dense_passing,"[100, 100, 100, 100, 1]",451,54,0.995,0.0074124932289123,0.0037114873994141,0.6195282936096191,1.5172693729400637,1,600,0.0962872356176376,
no_warm_start_dense_passing,"[100, 100, 100, 100, 1]",331,54,0.999,0.0074124932289123,0.0138732213526964,0.4187731742858886,0.4202706813812256,1,600,0.0962872356176376,
no_warm_start_dense_passing,"[100, 200, 200, 200, 1]",100801,50,0.0,-0.0692338816065865,-0.0692338868975639,56.5043580532074,603.4696488380432,11,600,0.0048599913716316,
no_warm_start_dense_passing,"[100, 200, 200, 200, 1]",70741,50,0.3,-0.0720820746965268,-0.0708624273538589,39.8136727809906,604.6398630142212,14,600,0.0048599913716316,
no_warm_start_dense_passing,"[100, 200, 200, 200, 1]",50701,50,0.5,-0.0693258197009126,-0.0678481310606002,51.63790726661682,601.2704787254333,17,600,0.0048599913716316,
no_warm_start_dense_passing,"[100, 200, 200, 200, 1]",20641,50,0.8,-0.0521836360917279,-0.0693828463554382,80.60481429100037,600.9954490661621,25,600,0.0048599913716316,
no_warm_start_dense_passing,"[100, 200, 200, 200, 1]",10621,50,0.9,-0.0376641799950816,-0.0318271517753601,582.0719833374023,601.2628767490387,269,600,0.0048599913716316,
no_warm_start_dense_passing,"[100, 200, 200, 200, 1]",5611,50,0.95,-0.0437013879418373,-0.0702683702111244,1.7813119888305664,2.637862205505371,1,600,0.0048599913716316,
no_warm_start_dense_passing,"[100, 200, 200, 200, 1]",1102,50,0.995,-0.0437013879418373,-0.0623724311590194,1.7908318042755127,2.781109571456909,2,600,0.0048599913716316,
no_warm_start_dense_passing,"[100, 200, 200, 200, 1]",701,50,0.999,-0.0437013879418373,-0.0431968197226524,1.7430505752563477,2.7918388843536377,1,600,0.0048599913716316,
no_warm_start_dense_passing,"[100, 200, 200, 200, 1]",100801,51,0.0,0.0339233269038062,0.033923327922821,204.4614055156708,602.4204919338226,5,600,0.0595571584999561,
no_warm_start_dense_passing,"[100, 200, 200, 200, 1]",70741,51,0.3,0.0347357423483528,0.0355782099068164,63.34057140350342,602.2876064777374,12,600,0.0595571584999561,
no_warm_start_dense_passing,"[100, 200, 200, 200, 1]",50701,51,0.5,0.0291596462503889,0.0368468463420867,4.401850938796997,601.3383302688599,29,600,0.0595571584999561,
no_warm_start_dense_passing,"[100, 200, 200, 200, 1]",20641,51,0.8,0.0375357517395489,0.0404281578958034,85.32832169532776,601.1574859619141,49,600,0.0595571584999561,
no_warm_start_dense_passing,"[100, 200, 200, 200, 1]",10621,51,0.9,0.0393993198228502,0.0379979275166988,7.264627456665039,601.0750067234039,437,600,0.0595571584999561,
no_warm_start_dense_passing,"[100, 200, 200, 200, 1]",5611,51,0.95,0.0360634736716747,0.0315026566386222,1.2766516208648682,1.9002668857574463,1,600,0.0595571584999561,
no_warm_start_dense_passing,"[100, 200, 200, 200, 1]",1102,51,0.995,0.0360634736716747,0.0384237393736839,0.9924960136413574,2.225466251373291,3,600,0.0595571584999561,
no_warm_start_dense_passing,"[100, 200, 200, 200, 1]",701,51,0.999,0.0360634736716747,0.0322986282408237,1.0526225566864014,2.5575382709503174,2,600,0.0595571584999561,
no_warm_start_dense_passing,"[100, 200, 200, 200, 1]",100801,52,0.0,0.0310636063366207,0.0310633927583694,127.273752450943,601.8686983585358,20,600,0.105916790664196,
no_warm_start_dense_passing,"[100, 200, 200, 200, 1]",70741,52,0.3,0.0199871013079668,0.0245734043419361,53.91058039665222,601.6738274097443,13,600,0.105916790664196,
no_warm_start_dense_passing,"[100, 200, 200, 200, 1]",50701,52,0.5,0.0216368921951094,0.0303834341466426,461.84823632240295,602.2082059383392,31,600,0.105916790664196,
no_warm_start_dense_passing,"[100, 200, 200, 200, 1]",20641,52,0.8,0.0087473892194662,0.0283843018114566,346.328245639801,601.3261525630951,193,600,0.105916790664196,
no_warm_start_dense_passing,"[100, 200, 200, 200, 1]",10621,52,0.9,0.0169685615842492,0.0706471428275108,372.5352499485016,601.468489408493,652,600,0.105916790664196,
no_warm_start_dense_passing,"[100, 200, 200, 200, 1]",5611,52,0.95,0.0061673568561673,0.0235020443797111,1.0134437084197998,1.8882286548614504,1,600,0.105916790664196,
no_warm_start_dense_passing,"[100, 200, 200, 200, 1]",1102,52,0.995,0.0061673568561673,0.0421010553836822,1.2305383682250977,2.24275279045105,4,600,0.105916790664196,
no_warm_start_dense_passing,"[100, 200, 200, 200, 1]",701,52,0.999,0.0061673568561673,0.0517445765435695,1.266068935394287,2.3457064628601074,2,600,0.105916790664196,
no_warm_start_dense_passing,"[100, 200, 200, 200, 1]",100801,53,0.0,0.0027381836943355,0.0027380436658859,131.96857380867004,601.0702645778656,20,600,0.0344401597976684,
no_warm_start_dense_passing,"[100, 200, 200, 200, 1]",70741,53,0.3,0.0029199250338815,0.0042898636311292,195.31177854537964,601.5113346576691,28,600,0.0344401597976684,
no_warm_start_dense_passing,"[100, 200, 200, 200, 1]",50701,53,0.5,-0.0127708836315724,-0.0035155657678842,37.480326652526855,601.1455972194672,22,600,0.0344401597976684,
no_warm_start_dense_passing,"[100, 200, 200, 200, 1]",20641,53,0.8,-0.0189070396977988,-0.000463530421257,27.00320291519165,601.6461222171783,39,600,0.0344401597976684,
no_warm_start_dense_passing,"[100, 200, 200, 200, 1]",10621,53,0.9,-0.02157657902032,2.2994354367256165e-05,301.3367021083832,601.5746343135834,189,600,0.0344401597976684,
no_warm_start_dense_passing,"[100, 200, 200, 200, 1]",5611,53,0.95,-0.0191460754722356,-0.0027990061789751,1.7606074810028076,3.000208854675293,1,600,0.0344401597976684,
no_warm_start_dense_passing,"[100, 200, 200, 200, 1]",1102,53,0.995,-0.0191460754722356,-0.0045067416504025,0.8631296157836914,1.1039960384368896,3,600,0.0364698246121406,
no_warm_start_dense_passing,"[100, 200, 200, 200, 1]",701,53,0.999,-0.0191460754722356,0.0029320679605007,1.2213523387908936,2.0233571529388428,1,600,0.0344401597976684,
no_warm_start_dense_passing,"[100, 200, 200, 200, 1]",100801,54,0.0,0.0124554133632935,0.0124553404748439,149.80172753334045,601.1379055976868,4,600,0.0572693012654781,
no_warm_start_dense_passing,"[100, 200, 200, 200, 1]",70741,54,0.3,0.0075831180928011,0.0076298052445054,63.44848775863648,602.2077853679657,25,600,0.0572693012654781,
no_warm_start_dense_passing,"[100, 200, 200, 200, 1]",50701,54,0.5,0.0007836528879664,0.0064906142652034,3.862363815307617,601.0994491577148,7,600,0.0572693012654781,
no_warm_start_dense_passing,"[100, 200, 200, 200, 1]",20641,54,0.8,-0.0057506717137429,0.0071309078484773,2.401905298233032,601.2892889976501,37,600,0.0572693012654781,
no_warm_start_dense_passing,"[100, 200, 200, 200, 1]",10621,54,0.9,0.0001931924771549,0.0154840387403965,44.311970472335815,601.526570558548,205,600,0.0572693012654781,
no_warm_start_dense_passing,"[100, 200, 200, 200, 1]",5611,54,0.95,-0.0064782910048961,0.0088951326906681,1.8063898086547847,2.737739086151123,1,600,0.0572693012654781,
no_warm_start_dense_passing,"[100, 200, 200, 200, 1]",1102,54,0.995,-0.0064782910048961,0.0031959749758243,1.8484361171722408,2.234535455703736,4,600,0.0572693012654781,
no_warm_start_dense_passing,"[100, 200, 200, 200, 1]",701,54,0.999,-0.0064782910048961,0.0094222128391265,1.734278678894043,3.14167594909668,1,600,0.0572693012654781,
no_warm_start_dense_passing,"[100, 50, 50, 50, 50, 1]",12751,50,0.0,0.1451486374833517,0.1451486349105835,375.5216746330261,600.8802936077118,424,600,0.1330048441886901,
no_warm_start_dense_passing,"[100, 50, 50, 50, 50, 1]",8986,50,0.3,0.135541748570597,0.1375806182622909,87.39388966560364,600.7981598377228,326,600,0.1330048441886901,
no_warm_start_dense_passing,"[100, 50, 50, 50, 50, 1]",6476,50,0.5,0.1409626090843919,0.1368940621614456,187.77642345428467,600.5059726238251,1525,600,0.1330048441886901,
no_warm_start_dense_passing,"[100, 50, 50, 50, 50, 1]",2711,50,0.8,0.1163769069121035,0.1426884531974792,39.91244840621948,600.7799129486084,55667,600,0.1330048441886901,
no_warm_start_dense_passing,"[100, 50, 50, 50, 50, 1]",1456,50,0.9,0.132276997949632,0.1357647627592086,0.3003537654876709,0.3021049499511719,1,600,0.1330048441886901,
no_warm_start_dense_passing,"[100, 50, 50, 50, 50, 1]",829,50,0.95,0.1324420829069409,0.1357647627592086,0.300018310546875,0.3016571998596191,1,600,0.1330048441886901,
no_warm_start_dense_passing,"[100, 50, 50, 50, 50, 1]",264,50,0.995,0.1373918205499649,0.1357647627592086,0.2948460578918457,0.2964532375335693,1,600,0.1330048441886901,
no_warm_start_dense_passing,"[100, 50, 50, 50, 50, 1]",214,50,0.999,0.1373918205499649,0.1357647627592086,0.4262716770172119,0.4285790920257568,1,600,0.1330048441886901,
no_warm_start_dense_passing,"[100, 50, 50, 50, 50, 1]",12751,51,0.0,-0.0405352795873362,-0.0405352786183357,517.9209892749786,600.6314508914948,121,600,-0.0255595445632934,
no_warm_start_dense_passing,"[100, 50, 50, 50, 50, 1]",8986,51,0.3,-0.0237334099574201,-0.0322321951389312,383.8130776882172,600.376256942749,258,600,-0.0255595445632934,
no_warm_start_dense_passing,"[100, 50, 50, 50, 50, 1]",6476,51,0.5,-0.0084178379625266,-0.030917938798666,358.7418587207794,600.8112442493439,514,600,-0.0255595445632934,
no_warm_start_dense_passing,"[100, 50, 50, 50, 50, 1]",2711,51,0.8,-0.0355458757312803,-0.0357843823730945,304.3497507572174,603.406400680542,33824,600,-0.0255595445632934,
no_warm_start_dense_passing,"[100, 50, 50, 50, 50, 1]",1456,51,0.9,-0.0688929070231375,-0.0503059476613998,0.4154000282287597,0.4176652431488037,1,600,-0.0255595445632934,
no_warm_start_dense_passing,"[100, 50, 50, 50, 50, 1]",829,51,0.95,-0.0713273298075667,-0.0503059476613998,0.4193370342254638,0.4215166568756103,1,600,-0.0255595445632934,
no_warm_start_dense_passing,"[100, 50, 50, 50, 50, 1]",264,51,0.995,-0.0699349917848878,-0.0503059476613998,0.4177145957946777,0.4191808700561523,1,600,-0.0255595445632934,
no_warm_start_dense_passing,"[100, 50, 50, 50, 50, 1]",214,51,0.999,-0.0699517875909805,-0.0503059476613998,0.4153170585632324,0.4170179367065429,1,600,-0.0255595445632934,
no_warm_start_dense_passing,"[100, 50, 50, 50, 50, 1]",12751,52,0.0,0.1245734249057666,0.1245734244585037,568.2153618335724,601.3837265968323,341,600,0.1598571240901947,
no_warm_start_dense_passing,"[100, 50, 50, 50, 50, 1]",8986,52,0.3,0.1899512452819148,0.177254244685173,423.4274668693543,600.8517711162567,1169,600,0.1598571240901947,
no_warm_start_dense_passing,"[100, 50, 50, 50, 50, 1]",6476,52,0.5,0.1354281890528036,0.1280461102724075,306.3781921863556,600.5114142894745,751,600,0.1598571240901947,
no_warm_start_dense_passing,"[100, 50, 50, 50, 50, 1]",2711,52,0.8,0.1163093520927245,0.1391722112894058,375.78571224212646,601.0912048816681,11623,600,0.1598571240901947,
no_warm_start_dense_passing,"[100, 50, 50, 50, 50, 1]",1456,52,0.9,0.0823445640454461,0.120623767375946,0.2946891784667969,0.2958967685699463,1,600,0.1598571240901947,
no_warm_start_dense_passing,"[100, 50, 50, 50, 50, 1]",829,52,0.95,0.0785059776858393,0.120623767375946,0.4115023612976074,0.4133453369140625,1,600,0.1598571240901947,
no_warm_start_dense_passing,"[100, 50, 50, 50, 50, 1]",264,52,0.995,0.0879430621862411,0.120623767375946,0.2903017997741699,0.2919437885284424,1,600,0.1598571240901947,
no_warm_start_dense_passing,"[100, 50, 50, 50, 50, 1]",214,52,0.999,0.0879430621862411,0.120623767375946,0.4165024757385254,0.4182484149932861,1,600,0.1598571240901947,
no_warm_start_dense_passing,"[100, 50, 50, 50, 50, 1]",12751,53,0.0,-0.0903019377125876,-0.0903020873665809,397.8687953948975,600.6461582183838,105,600,-0.0891655012965202,
no_warm_start_dense_passing,"[100, 50, 50, 50, 50, 1]",8986,53,0.3,-0.0829840065727977,-0.0854846090078353,439.92567229270935,601.0059666633606,871,600,-0.0891655012965202,
no_warm_start_dense_passing,"[100, 50, 50, 50, 50, 1]",6476,53,0.5,-0.0602288742749185,-0.0869540274143219,521.0592312812805,600.5824041366577,1449,600,-0.0891655012965202,
no_warm_start_dense_passing,"[100, 50, 50, 50, 50, 1]",2711,53,0.8,-0.081844941978977,-0.0907947868108749,93.33231949806212,606.6477789878845,49982,600,-0.0891655012965202,
no_warm_start_dense_passing,"[100, 50, 50, 50, 50, 1]",1456,53,0.9,-0.1288448753227796,-0.0991067588329315,0.6095647811889648,0.6121394634246826,1,600,-0.0891655012965202,
no_warm_start_dense_passing,"[100, 50, 50, 50, 50, 1]",829,53,0.95,-0.1107346124198025,-0.0991067588329315,0.285679817199707,0.287503719329834,1,600,-0.0891655012965202,
no_warm_start_dense_passing,"[100, 50, 50, 50, 50, 1]",264,53,0.995,-0.1219705268740654,-0.0991067588329315,0.3006613254547119,0.3024070262908935,1,600,-0.0891655012965202,
no_warm_start_dense_passing,"[100, 50, 50, 50, 50, 1]",214,53,0.999,-0.1219705268740654,-0.0991067588329315,0.4149465560913086,0.4172682762145996,1,600,-0.0891655012965202,
no_warm_start_dense_passing,"[100, 50, 50, 50, 50, 1]",12751,54,0.0,0.0189186168323743,0.0189185142517089,245.15909695625305,600.8202888965607,66,600,0.030950404703617,
no_warm_start_dense_passing,"[100, 50, 50, 50, 50, 1]",8986,54,0.3,0.0329902025571381,0.0287600755691528,368.3271288871765,600.5160846710205,462,600,0.030950404703617,
no_warm_start_dense_passing,"[100, 50, 50, 50, 50, 1]",6476,54,0.5,0.0490421948934502,0.0392148792743682,284.6956555843353,600.6439373493195,1489,600,0.030950404703617,
no_warm_start_dense_passing,"[100, 50, 50, 50, 50, 1]",2711,54,0.8,0.0058861248207024,0.0260901227593421,511.3059887886048,605.879721403122,62041,600,0.030950404703617,
no_warm_start_dense_passing,"[100, 50, 50, 50, 50, 1]",1456,54,0.9,0.0115006195751249,0.0163294374942779,0.5898275375366211,0.5929346084594727,1,600,0.030950404703617,
no_warm_start_dense_passing,"[100, 50, 50, 50, 50, 1]",829,54,0.95,-0.0109048206605107,0.0163294374942779,0.5988819599151611,0.6012439727783203,1,600,0.030950404703617,
no_warm_start_dense_passing,"[100, 50, 50, 50, 50, 1]",264,54,0.995,-0.0322032123804092,0.0163294374942779,0.5945124626159668,2.1229248046875,2,600,0.030950404703617,
no_warm_start_dense_passing,"[100, 50, 50, 50, 50, 1]",214,54,0.999,-0.0322032123804092,0.0163294374942779,0.591623067855835,1.5586304664611816,2,600,0.030950404703617,
no_warm_start_dense_passing,"[100, 100, 100, 100, 100, 1]",40501,50,0.0,0.0430016578977962,0.0430015921592712,2.6209137439727783,601.002112865448,29,600,0.0712646394968032,
no_warm_start_dense_passing,"[100, 100, 100, 100, 100, 1]",28471,50,0.3,0.0489784472019969,0.053001195192337,101.99186444282532,601.0053851604462,37,600,0.0712646394968032,
no_warm_start_dense_passing,"[100, 100, 100, 100, 100, 1]",20451,50,0.5,0.039867105785995,0.0458592884242534,24.45254945755005,601.5243723392487,177,600,0.0712646394968032,
no_warm_start_dense_passing,"[100, 100, 100, 100, 100, 1]",8421,50,0.8,0.0268721734452482,0.0569201111793518,574.8707430362701,601.458309173584,121,600,0.0712646394968032,
no_warm_start_dense_passing,"[100, 100, 100, 100, 100, 1]",4411,50,0.9,0.0208589219208132,0.0571346506476402,467.231419801712,600.9872796535492,831,600,0.0712646394968032,
no_warm_start_dense_passing,"[100, 100, 100, 100, 100, 1]",2406,50,0.95,0.0034689535390858,0.0682110264897346,32.47693419456482,607.0795817375183,94162,600,0.0712646394968032,
no_warm_start_dense_passing,"[100, 100, 100, 100, 100, 1]",601,50,0.995,0.0076719406060874,0.0468926019966602,1.2708141803741455,2.122516870498657,1,600,0.0712646394968032,
no_warm_start_dense_passing,"[100, 100, 100, 100, 100, 1]",441,50,0.999,0.0076719406060874,0.042158093303442,0.8929476737976074,0.8949389457702637,1,600,0.0712646394968032,
no_warm_start_dense_passing,"[100, 100, 100, 100, 100, 1]",40501,51,0.0,0.0220655189561999,0.0220652259886264,3.3994061946868896,601.1461436748505,11,600,0.042167991399765,
no_warm_start_dense_passing,"[100, 100, 100, 100, 100, 1]",28471,51,0.3,0.0280709041555471,0.0278456211090087,551.3837559223175,601.1222553253174,50,600,0.042167991399765,
no_warm_start_dense_passing,"[100, 100, 100, 100, 100, 1]",20451,51,0.5,0.0081325718141119,0.0169391855597496,21.23386120796204,600.7327842712402,65,600,0.042167991399765,
no_warm_start_dense_passing,"[100, 100, 100, 100, 100, 1]",8421,51,0.8,0.0118502223346211,0.0237714312970638,1.6002473831176758,601.1406946182251,110,600,0.042167991399765,
no_warm_start_dense_passing,"[100, 100, 100, 100, 100, 1]",4411,51,0.9,0.0188600480412015,0.0231960173696279,5.921146154403687,600.8277773857117,524,600,0.042167991399765,
no_warm_start_dense_passing,"[100, 100, 100, 100, 100, 1]",2406,51,0.95,0.0275926896093874,0.0386204347014427,472.6773772239685,610.9375774860382,30884,600,0.042167991399765,
no_warm_start_dense_passing,"[100, 100, 100, 100, 100, 1]",601,51,0.995,0.0214617140591144,0.0191290471702814,0.823427677154541,1.694629430770874,2,600,0.042167991399765,
no_warm_start_dense_passing,"[100, 100, 100, 100, 100, 1]",441,51,0.999,0.0214617140591144,0.0221320074051618,0.5717418193817139,0.5734610557556152,1,600,0.042167991399765,
no_warm_start_dense_passing,"[100, 100, 100, 100, 100, 1]",40501,52,0.0,-0.0288392441911578,-0.0288394782692194,424.3120193481445,601.372615814209,43,600,-0.0047122221440076,
no_warm_start_dense_passing,"[100, 100, 100, 100, 100, 1]",28471,52,0.3,-0.0319195879756504,-0.0284570399671793,344.18255972862244,601.0574305057526,42,600,-0.0047122221440076,
no_warm_start_dense_passing,"[100, 100, 100, 100, 100, 1]",20451,52,0.5,-0.0310957110774248,-0.0291999336332082,562.9502849578857,600.8649349212646,85,600,-0.0047122221440076,
no_warm_start_dense_passing,"[100, 100, 100, 100, 100, 1]",8421,52,0.8,-0.0191353660092754,-0.0221496578305959,544.057904958725,600.5938987731934,892,600,-0.0047122221440076,
no_warm_start_dense_passing,"[100, 100, 100, 100, 100, 1]",4411,52,0.9,-0.0332558005711983,-0.0190718080848455,544.8336389064789,600.8362863063812,890,600,-0.0047122221440076,
no_warm_start_dense_passing,"[100, 100, 100, 100, 100, 1]",2406,52,0.95,-0.0272018797695636,-0.0320983007550239,0.6016674041748047,1.5255703926086426,1,600,-0.0047122221440076,
no_warm_start_dense_passing,"[100, 100, 100, 100, 100, 1]",601,52,0.995,-0.0272018797695636,-0.0304405279457569,1.1615431308746338,2.164874792098999,2,600,-0.0047122221440076,
no_warm_start_dense_passing,"[100, 100, 100, 100, 100, 1]",441,52,0.999,-0.0272018797695636,-0.0283931195735931,0.8186836242675781,1.86445951461792,1,600,-0.0047122221440076,
no_warm_start_dense_passing,"[100, 100, 100, 100, 100, 1]",40501,53,0.0,-0.0123345597387722,-0.0123347323387861,2.7274820804595947,600.9163827896118,18,600,0.0292765349149703,
no_warm_start_dense_passing,"[100, 100, 100, 100, 100, 1]",28471,53,0.3,-0.0221926282157268,-0.0122961569577455,591.2762832641602,601.3471786975861,34,600,0.0292765349149703,
no_warm_start_dense_passing,"[100, 100, 100, 100, 100, 1]",20451,53,0.5,-0.0234351215695136,-0.012463891878724,247.3677508831024,601.2251935005188,36,600,0.0292765349149703,
no_warm_start_dense_passing,"[100, 100, 100, 100, 100, 1]",8421,53,0.8,0.0108479244185618,-0.0051962360739707,1.3446571826934814,600.8318800926208,1094,600,0.0292765349149703,
no_warm_start_dense_passing,"[100, 100, 100, 100, 100, 1]",4411,53,0.9,0.0103699630966754,-0.006243648007512,55.5844292640686,600.8500287532806,699,600,0.0292765349149703,
no_warm_start_dense_passing,"[100, 100, 100, 100, 100, 1]",2406,53,0.95,0.0104251507437338,0.0168625507503747,61.69950413703919,619.3716735839844,34811,600,0.0292765349149703,
no_warm_start_dense_passing,"[100, 100, 100, 100, 100, 1]",601,53,0.995,0.0128264427185058,-0.0124021079391241,1.1921589374542236,2.19948673248291,2,600,0.0292765349149703,
no_warm_start_dense_passing,"[100, 100, 100, 100, 100, 1]",441,53,0.999,0.0128264427185058,-0.0108336042612791,0.8258559703826904,0.8274703025817871,1,600,0.0292765349149703,
no_warm_start_dense_passing,"[100, 100, 100, 100, 100, 1]",40501,54,0.0,-0.0360274258470454,-0.0360274277627468,2.5497000217437744,600.6291661262512,54,600,-0.0078535005450248,
no_warm_start_dense_passing,"[100, 100, 100, 100, 100, 1]",28471,54,0.3,-0.0400292136747769,-0.0358184203505516,360.0583348274231,601.5342195034027,51,600,-0.0078535005450248,
no_warm_start_dense_passing,"[100, 100, 100, 100, 100, 1]",20451,54,0.5,-0.0404177990303055,-0.0334425903856754,23.43983125686645,601.8803544044495,48,600,-0.0078535005450248,
no_warm_start_dense_passing,"[100, 100, 100, 100, 100, 1]",8421,54,0.8,-0.0508934058840126,-0.0337624624371528,274.5169649124145,600.6733424663544,80,600,-0.0078535005450248,
no_warm_start_dense_passing,"[100, 100, 100, 100, 100, 1]",4411,54,0.9,-0.0449658760162251,-0.0250420495867729,245.15435910224917,600.7996141910553,449,600,-0.0078535005450248,
no_warm_start_dense_passing,"[100, 100, 100, 100, 100, 1]",2406,54,0.95,-0.06397641000132,-0.0087447352707386,256.8960695266724,608.6017413139343,72266,600,-0.0078535005450248,
no_warm_start_dense_passing,"[100, 100, 100, 100, 100, 1]",601,54,0.995,-0.063610928144542,-0.0351501628756523,0.8232166767120361,1.5710043907165527,1,600,-0.0078535005450248,
no_warm_start_dense_passing,"[100, 100, 100, 100, 100, 1]",441,54,0.999,-0.0542322061955928,-0.035573836416006,0.9088976383209229,0.910686731338501,1,600,-0.0078535005450248,
no_warm_start_dense_passing,"[100, 200, 200, 200, 200, 1]",141001,50,0.0,0.0183876375286908,0.0183876380324363,316.8417103290558,603.3680055141449,1,600,0.0294041372835636,
no_warm_start_dense_passing,"[100, 200, 200, 200, 200, 1]",98941,50,0.3,-inf,-inf,,601.9661376476288,0,600,0.0294041372835636,
no_warm_start_dense_passing,"[100, 200, 200, 200, 200, 1]",70901,50,0.5,0.0186805038740204,0.0216320157051086,437.51204895973206,601.8393964767456,19,600,0.0294041372835636,
no_warm_start_dense_passing,"[100, 200, 200, 200, 200, 1]",28841,50,0.8,0.0209916776423719,0.020143125206232,5.235203981399536,601.3699886798859,47,600,0.0294041372835636,
no_warm_start_dense_passing,"[100, 200, 200, 200, 200, 1]",14821,50,0.9,0.0186300876710773,0.0190675817430019,26.79588913917541,601.9296157360077,52,600,0.0294041372835636,
no_warm_start_dense_passing,"[100, 200, 200, 200, 200, 1]",7811,50,0.95,0.0085806604474782,0.0197284743189811,2.553746461868286,2.6110126972198486,4,600,0.0294041372835636,
no_warm_start_dense_passing,"[100, 200, 200, 200, 200, 1]",1502,50,0.995,0.0085806604474782,0.0177524834871292,1.6332998275756836,2.851979255676269,1,600,0.0294041372835636,
no_warm_start_dense_passing,"[100, 200, 200, 200, 200, 1]",941,50,0.999,0.0085806604474782,0.0116896592080593,1.1244726181030271,1.8230698108673096,2,600,0.0294041372835636,
no_warm_start_dense_passing,"[100, 200, 200, 200, 200, 1]",141001,51,0.0,-inf,-inf,,601.177383184433,0,600,-0.0445719584822654,
no_warm_start_dense_passing,"[100, 200, 200, 200, 200, 1]",98941,51,0.3,-0.0762602985889563,-0.0732366070151329,8.246462345123291,601.8514068126678,3,600,-0.0445719584822654,
no_warm_start_dense_passing,"[100, 200, 200, 200, 200, 1]",70901,51,0.5,-0.0771034277320214,-0.0731029137969017,8.726736068725586,602.0290749073029,8,600,-0.0445719584822654,
no_warm_start_dense_passing,"[100, 200, 200, 200, 200, 1]",28841,51,0.8,-0.0787811436024263,-0.0728129222989082,64.39377164840698,601.5244615077972,35,600,-0.0445719584822654,
no_warm_start_dense_passing,"[100, 200, 200, 200, 200, 1]",14821,51,0.9,-0.0737993215283223,-0.0716569125652313,34.96847677230835,602.5816836357117,105,600,-0.0445719584822654,
no_warm_start_dense_passing,"[100, 200, 200, 200, 200, 1]",7811,51,0.95,-0.0737469176080435,-0.0727393999695777,1.704303503036499,2.6184864044189453,2,600,-0.0445719584822654,
no_warm_start_dense_passing,"[100, 200, 200, 200, 200, 1]",1502,51,0.995,-0.0635329708456993,-0.0734715685248375,1.6382856369018557,2.098010540008545,1,600,-0.0445719584822654,
no_warm_start_dense_passing,"[100, 200, 200, 200, 200, 1]",941,51,0.999,-0.0635329708456993,-0.0795328095555305,1.7224628925323486,3.01155161857605,2,600,-0.0445719584822654,
no_warm_start_dense_passing,"[100, 200, 200, 200, 200, 1]",141001,52,0.0,-inf,-inf,,602.0512323379517,0,600,0.0900813043117523,
no_warm_start_dense_passing,"[100, 200, 200, 200, 200, 1]",98941,52,0.3,0.0543784001722145,0.0536047965288162,7.245053768157959,601.7644712924957,3,600,0.0900813043117523,
no_warm_start_dense_passing,"[100, 200, 200, 200, 200, 1]",70901,52,0.5,0.0546807879217044,0.0544969290494918,7.344671249389648,603.5074262619019,3,600,0.0900813043117523,
no_warm_start_dense_passing,"[100, 200, 200, 200, 200, 1]",28841,52,0.8,0.0179310112829791,0.0600661784410476,72.03051948547363,602.4476592540741,28,600,0.0900813043117523,
no_warm_start_dense_passing,"[100, 200, 200, 200, 200, 1]",14821,52,0.9,0.0240204914916177,0.0633763968944549,452.7885274887085,601.2453711032867,106,600,0.0900813043117523,
no_warm_start_dense_passing,"[100, 200, 200, 200, 200, 1]",7811,52,0.95,0.0267514661236137,0.0758608430624008,268.4703207015991,604.671703338623,24381,600,0.0900813043117523,
no_warm_start_dense_passing,"[100, 200, 200, 200, 200, 1]",1502,52,0.995,0.0429852455854415,0.0514921657741069,2.346510887145996,2.964860439300537,1,600,0.0900813043117523,
no_warm_start_dense_passing,"[100, 200, 200, 200, 200, 1]",941,52,0.999,0.0429852455854415,0.0645364969968795,1.1270971298217771,2.630484104156494,2,600,0.0900813043117523,
no_warm_start_dense_passing,"[100, 200, 200, 200, 200, 1]",141001,53,0.0,-0.0486833038838881,-0.0486833043396472,278.3932626247406,602.0438640117645,4,600,-0.0218572001904249,
no_warm_start_dense_passing,"[100, 200, 200, 200, 200, 1]",98941,53,0.3,-inf,-inf,,602.1599013805389,0,600,-0.0218572001904249,
no_warm_start_dense_passing,"[100, 200, 200, 200, 200, 1]",70901,53,0.5,-0.039697368958202,-0.0505383163690567,117.24780201911926,602.990443944931,24,600,-0.0218572001904249,
no_warm_start_dense_passing,"[100, 200, 200, 200, 200, 1]",28841,53,0.8,-0.0393380947491699,-0.049854826182127,167.96676993370056,601.4379394054413,50,600,-0.0218572001904249,
no_warm_start_dense_passing,"[100, 200, 200, 200, 200, 1]",14821,53,0.9,-0.0481022451589147,-0.0492704361677169,564.8559429645538,603.0405447483063,52,600,-0.0218572001904249,
no_warm_start_dense_passing,"[100, 200, 200, 200, 200, 1]",7811,53,0.95,-0.0458742827177047,-0.0485554710030555,2.216103792190552,3.1828179359436035,5,600,-0.0218572001904249,
no_warm_start_dense_passing,"[100, 200, 200, 200, 200, 1]",1502,53,0.995,-0.0458742827177047,-0.0451934337615966,1.755056619644165,2.192765951156616,1,600,-0.0218572001904249,
no_warm_start_dense_passing,"[100, 200, 200, 200, 200, 1]",941,53,0.999,-0.0458742827177047,-0.0510442294180393,1.087388277053833,2.4228341579437256,2,600,-0.0218572001904249,
no_warm_start_dense_passing,"[100, 200, 200, 200, 200, 1]",141001,54,0.0,-inf,-inf,,601.9677731990814,0,600,0.0200449991971254,
no_warm_start_dense_passing,"[100, 200, 200, 200, 200, 1]",98941,54,0.3,-inf,-inf,,602.1172015666962,0,600,0.0200449991971254,
no_warm_start_dense_passing,"[100, 200, 200, 200, 200, 1]",70901,54,0.5,-inf,-inf,,602.1220676898956,0,600,0.0200449991971254,
no_warm_start_dense_passing,"[100, 200, 200, 200, 200, 1]",28841,54,0.8,0.0035358085605028,0.0017128121107816,40.99763822555542,601.5860068798065,20,600,0.0200449991971254,
no_warm_start_dense_passing,"[100, 200, 200, 200, 200, 1]",14821,54,0.9,0.007697598960525,-0.0013798046857118,196.43430852890012,601.6666262149811,74,600,0.0200449991971254,
no_warm_start_dense_passing,"[100, 200, 200, 200, 200, 1]",7811,54,0.95,0.0051497284125946,0.0008804996032267,1.2614684104919434,2.2775979042053223,1,600,0.0200449991971254,
no_warm_start_dense_passing,"[100, 200, 200, 200, 200, 1]",1502,54,0.995,0.0045959115959703,0.0013766600750386,1.6502504348754885,2.9987404346466064,1,600,0.0200449991971254,
no_warm_start_dense_passing,"[100, 200, 200, 200, 200, 1]",941,54,0.999,0.0045959115959703,-0.0003921794705092,1.137286901473999,2.4414255619049072,3,600,0.0200449991971254,
no_warm_start_dense_passing,"[100, 50, 50, 50, 50, 50, 1]",15301,50,0.0,0.061440999768598,0.0614406280219554,14.17742657661438,600.9030566215515,41,600,0.0670898258686065,
no_warm_start_dense_passing,"[100, 50, 50, 50, 50, 50, 1]",10786,50,0.3,0.0676947453507454,0.0623896680772304,590.5787000656128,600.8288209438324,726,600,0.0670898258686065,
no_warm_start_dense_passing,"[100, 50, 50, 50, 50, 50, 1]",7776,50,0.5,0.075371440981029,0.0642825365066528,395.8039276599884,600.5649836063385,2696,600,0.0670898258686065,
no_warm_start_dense_passing,"[100, 50, 50, 50, 50, 50, 1]",3261,50,0.8,0.0682608800110731,0.0621269047260284,2.7014100551605225,3.039407253265381,65,600,0.0670898258686065,
no_warm_start_dense_passing,"[100, 50, 50, 50, 50, 50, 1]",1756,50,0.9,0.0696787458766895,0.060988325625658,0.3754494190216064,0.3773927688598633,1,600,0.0670898258686065,
no_warm_start_dense_passing,"[100, 50, 50, 50, 50, 50, 1]",1003,50,0.95,0.0458170322256223,0.060988325625658,0.3672707080841064,0.3685057163238525,1,600,0.0670898258686065,
no_warm_start_dense_passing,"[100, 50, 50, 50, 50, 50, 1]",326,50,0.995,0.0566622242331504,0.060988325625658,0.3723378181457519,0.3734879493713379,1,600,0.0670898258686065,
no_warm_start_dense_passing,"[100, 50, 50, 50, 50, 50, 1]",266,50,0.999,0.0566622242331504,0.060988325625658,0.3718149662017822,0.3739855289459228,1,600,0.0670898258686065,
no_warm_start_dense_passing,"[100, 50, 50, 50, 50, 50, 1]",15301,51,0.0,-0.0460188124044806,-0.0460188090801239,478.0101668834686,600.7221817970276,43,600,-0.0302505791187286,
no_warm_start_dense_passing,"[100, 50, 50, 50, 50, 50, 1]",10786,51,0.3,-0.047429045226878,-0.0394832864403724,572.5209410190582,600.6568944454193,84,600,-0.0302505791187286,
no_warm_start_dense_passing,"[100, 50, 50, 50, 50, 50, 1]",7776,51,0.5,-0.0593060821139774,-0.0425257049500942,492.7400772571564,600.5012347698212,406,600,-0.0302505791187286,
no_warm_start_dense_passing,"[100, 50, 50, 50, 50, 50, 1]",3261,51,0.8,-0.0983161293809251,-0.0469208657741546,0.4733185768127441,1.3891613483428955,1,600,-0.0302505791187286,
no_warm_start_dense_passing,"[100, 50, 50, 50, 50, 50, 1]",1756,51,0.9,-0.0921211626430011,-0.0470614358782768,0.4550807476043701,0.4567680358886719,1,600,-0.0302505791187286,
no_warm_start_dense_passing,"[100, 50, 50, 50, 50, 50, 1]",1003,51,0.95,-0.0930301398038864,-0.0470614358782768,0.4538230895996094,0.4553160667419433,1,600,-0.0302505791187286,
no_warm_start_dense_passing,"[100, 50, 50, 50, 50, 50, 1]",326,51,0.995,-0.0930301398038864,-0.0470614358782768,0.7373764514923096,0.7399513721466064,1,600,-0.0302505791187286,
no_warm_start_dense_passing,"[100, 50, 50, 50, 50, 50, 1]",266,51,0.999,-0.0930301398038864,-0.0470614358782768,0.4554903507232666,0.4576871395111084,1,600,-0.0302505791187286,
no_warm_start_dense_passing,"[100, 50, 50, 50, 50, 50, 1]",15301,52,0.0,-0.1211079061722904,-0.1211079061031341,492.4151055812836,600.4698944091797,32,600,-0.1152735948562622,
no_warm_start_dense_passing,"[100, 50, 50, 50, 50, 50, 1]",10786,52,0.3,-0.1201856859735282,-0.1179571375250816,174.42113971710205,600.6263813972473,148,600,-0.1152735948562622,
no_warm_start_dense_passing,"[100, 50, 50, 50, 50, 50, 1]",7776,52,0.5,-0.1282963637758346,-0.1213820949196815,369.7911198139191,600.9909975528717,955,600,-0.1152735948562622,
no_warm_start_dense_passing,"[100, 50, 50, 50, 50, 50, 1]",3261,52,0.8,-0.126741983987242,-0.123926542699337,2.200582981109619,2.257429599761963,57,600,-0.1152735948562622,
no_warm_start_dense_passing,"[100, 50, 50, 50, 50, 50, 1]",1756,52,0.9,-0.122133219398163,-0.1263648122549057,0.4477128982543945,0.449578046798706,1,600,-0.1152735948562622,
no_warm_start_dense_passing,"[100, 50, 50, 50, 50, 50, 1]",1003,52,0.95,-0.1245375440418629,-0.1263648122549057,0.5279715061187744,0.5300877094268799,1,600,-0.1152735948562622,
no_warm_start_dense_passing,"[100, 50, 50, 50, 50, 50, 1]",326,52,0.995,-0.1335627227214887,-0.1263648122549057,0.5285053253173828,0.5306634902954102,1,600,-0.1152735948562622,
no_warm_start_dense_passing,"[100, 50, 50, 50, 50, 50, 1]",266,52,0.999,-0.1351809501647949,-0.1263648122549057,0.4492549896240234,0.4507894515991211,1,600,-0.1152735948562622,
no_warm_start_dense_passing,"[100, 50, 50, 50, 50, 50, 1]",15301,53,0.0,-0.0698994982866548,-0.0698994994163513,595.7423419952393,600.607179403305,95,600,-0.0580068826675415,
no_warm_start_dense_passing,"[100, 50, 50, 50, 50, 50, 1]",10786,53,0.3,-0.0707418806068578,-0.0701607540249824,369.80649614334106,600.487673997879,1372,600,-0.0580068826675415,
no_warm_start_dense_passing,"[100, 50, 50, 50, 50, 50, 1]",7776,53,0.5,-0.0749412806442442,-0.0674281045794487,327.4118814468384,600.6245300769806,2375,600,-0.0580068826675415,
no_warm_start_dense_passing,"[100, 50, 50, 50, 50, 50, 1]",3261,53,0.8,-0.0976457196568416,-0.0730164349079132,0.4018483161926269,1.773428440093994,3,600,-0.0580068826675415,
no_warm_start_dense_passing,"[100, 50, 50, 50, 50, 50, 1]",1756,53,0.9,-0.1139787445754471,-0.0730051919817924,0.8163495063781738,0.8184490203857422,1,600,-0.0580068826675415,
no_warm_start_dense_passing,"[100, 50, 50, 50, 50, 50, 1]",1003,53,0.95,-0.0950272156482252,-0.0730051919817924,0.7427959442138672,0.7455527782440186,1,600,-0.0580068826675415,
no_warm_start_dense_passing,"[100, 50, 50, 50, 50, 50, 1]",326,53,0.995,-0.1045505404472351,-0.0730051919817924,0.3671343326568603,0.3693249225616455,1,600,-0.0580068826675415,
no_warm_start_dense_passing,"[100, 50, 50, 50, 50, 50, 1]",266,53,0.999,-0.1045505404472351,-0.0730051919817924,0.7261390686035156,0.7292439937591553,1,600,-0.0580068826675415,
no_warm_start_dense_passing,"[100, 50, 50, 50, 50, 50, 1]",15301,54,0.0,0.0796919660523726,0.079691968858242,550.4365890026093,600.9068186283112,132,600,0.0824947953224182,
no_warm_start_dense_passing,"[100, 50, 50, 50, 50, 50, 1]",10786,54,0.3,0.0868203874558194,0.0872520878911018,600.4175794124603,600.4778127670288,106,600,0.0824947953224182,
no_warm_start_dense_passing,"[100, 50, 50, 50, 50, 50, 1]",7776,54,0.5,0.0601082626788509,0.0821801647543907,519.509495973587,600.5620186328888,492,600,0.0824947953224182,
no_warm_start_dense_passing,"[100, 50, 50, 50, 50, 50, 1]",3261,54,0.8,0.0569067465758476,0.0788752809166908,0.8504981994628906,1.712383270263672,2,600,0.0824947953224182,
no_warm_start_dense_passing,"[100, 50, 50, 50, 50, 50, 1]",1756,54,0.9,0.0470693310670041,0.0790203884243965,0.5748608112335205,0.5764169692993164,1,600,0.0824947953224182,
no_warm_start_dense_passing,"[100, 50, 50, 50, 50, 50, 1]",1003,54,0.95,0.0676029250025749,0.0790203884243965,0.7831540107727051,0.7850251197814941,1,600,0.0824947953224182,
no_warm_start_dense_passing,"[100, 50, 50, 50, 50, 50, 1]",326,54,0.995,0.0676029250025749,0.0790203884243965,0.5189573764801025,1.296458721160889,2,600,0.0824947953224182,
no_warm_start_dense_passing,"[100, 50, 50, 50, 50, 50, 1]",266,54,0.999,0.0676029250025749,0.0790203884243965,0.3489699363708496,1.4621717929840088,2,600,0.0824947953224182,
no_warm_start_dense_passing,"[100, 100, 100, 100, 100, 100, 1]",50601,50,0.0,0.1206814791721015,0.1206812709569931,57.335960149765015,601.3766696453094,12,600,0.1234842985868454,
no_warm_start_dense_passing,"[100, 100, 100, 100, 100, 100, 1]",35571,50,0.3,0.1145043546229831,0.1191911548376083,4.653895378112793,601.8404750823975,51,600,0.1234842985868454,
no_warm_start_dense_passing,"[100, 100, 100, 100, 100, 100, 1]",25551,50,0.5,0.1130244877931359,0.1198746263980865,263.38996744155884,601.0396907329559,162,600,0.1234842985868454,
no_warm_start_dense_passing,"[100, 100, 100, 100, 100, 100, 1]",10521,50,0.8,0.0968428514211096,0.1197210401296615,23.340386390686035,601.0237572193146,77,600,0.1234842985868454,
no_warm_start_dense_passing,"[100, 100, 100, 100, 100, 100, 1]",5511,50,0.9,0.0830814862419047,0.122527502477169,305.0428557395935,601.6390864849091,542,600,0.1234842985868454,
no_warm_start_dense_passing,"[100, 100, 100, 100, 100, 100, 1]",3006,50,0.95,0.0737622096797832,0.1254061162471771,208.19282054901123,605.9247539043427,86357,600,0.1234842985868454,
no_warm_start_dense_passing,"[100, 100, 100, 100, 100, 100, 1]",751,50,0.995,0.0719972178339958,0.1212559342384338,0.7147691249847412,1.8540194034576416,1,600,0.1234842985868454,
no_warm_start_dense_passing,"[100, 100, 100, 100, 100, 100, 1]",551,50,0.999,0.0719972178339958,0.1209669858217239,1.0141324996948242,1.0163695812225342,1,600,0.1234842985868454,
no_warm_start_dense_passing,"[100, 100, 100, 100, 100, 100, 1]",50601,51,0.0,-0.0279477896100535,-0.0279479641467332,378.3426110744476,601.3586626052856,23,600,-0.0162399969995021,
no_warm_start_dense_passing,"[100, 100, 100, 100, 100, 100, 1]",35571,51,0.3,-0.0258289297311542,-0.0282756201922893,3.649733304977417,601.3139343261719,33,600,-0.0162399969995021,
no_warm_start_dense_passing,"[100, 100, 100, 100, 100, 100, 1]",25551,51,0.5,-0.0255088191809871,-0.0272290147840976,313.01163816452026,600.7375667095184,216,600,-0.0162399969995021,
no_warm_start_dense_passing,"[100, 100, 100, 100, 100, 100, 1]",10521,51,0.8,-0.0008106957427328,-0.0278994161635637,2.349522829055786,601.2785904407501,31,600,-0.0162399969995021,
no_warm_start_dense_passing,"[100, 100, 100, 100, 100, 100, 1]",5511,51,0.9,0.0196800698868239,-0.0244665704667568,275.464563369751,601.0978827476501,797,600,-0.0162399969995021,
no_warm_start_dense_passing,"[100, 100, 100, 100, 100, 100, 1]",3006,51,0.95,0.0062584031252423,-0.0176759026944637,153.72956609725952,603.4504196643829,65710,600,-0.0162399969995021,
no_warm_start_dense_passing,"[100, 100, 100, 100, 100, 100, 1]",751,51,0.995,-0.0014913798077031,-0.0271804444491863,0.8902769088745117,1.5913007259368896,3,600,-0.0162399969995021,
no_warm_start_dense_passing,"[100, 100, 100, 100, 100, 100, 1]",551,51,0.999,-0.0014913798077031,-0.0277540665119886,1.4483747482299805,1.4506957530975342,1,600,-0.0162399969995021,
no_warm_start_dense_passing,"[100, 100, 100, 100, 100, 100, 1]",50601,52,0.0,0.0312713146561113,0.0312713161110878,49.23313784599304,601.0512907505035,8,600,0.0363374277949333,
no_warm_start_dense_passing,"[100, 100, 100, 100, 100, 100, 1]",35571,52,0.3,-inf,-inf,,601.1654326915741,0,600,0.0363374277949333,
no_warm_start_dense_passing,"[100, 100, 100, 100, 100, 100, 1]",25551,52,0.5,0.024213429727191,0.0330096110701561,124.66062498092651,600.9124648571014,279,600,0.0363374277949333,
no_warm_start_dense_passing,"[100, 100, 100, 100, 100, 100, 1]",10521,52,0.8,0.035875018186437,0.0335453674197196,306.1162989139557,601.0790586471558,261,600,0.0363374277949333,
no_warm_start_dense_passing,"[100, 100, 100, 100, 100, 100, 1]",5511,52,0.9,0.0235454223453194,0.0356878638267517,229.4882130622864,601.5630896091461,503,600,0.0363374277949333,
no_warm_start_dense_passing,"[100, 100, 100, 100, 100, 100, 1]",3006,52,0.95,0.0176911900761167,0.0364298857748508,150.82415533065796,605.6287887096405,37732,600,0.0363374277949333,
no_warm_start_dense_passing,"[100, 100, 100, 100, 100, 100, 1]",751,52,0.995,0.0212782975286245,0.0318623036146163,0.7153971195220947,1.4827685356140137,2,600,0.0363374277949333,
no_warm_start_dense_passing,"[100, 100, 100, 100, 100, 100, 1]",551,52,0.999,0.0212782975286245,0.032463751733303,1.0220122337341309,1.8557994365692136,1,600,0.0363374277949333,
no_warm_start_dense_passing,"[100, 100, 100, 100, 100, 100, 1]",50601,53,0.0,-inf,-inf,,601.0147233009338,0,600,-0.0188651122152805,
no_warm_start_dense_passing,"[100, 100, 100, 100, 100, 100, 1]",35571,53,0.3,-inf,-inf,,601.1759700775146,0,600,-0.0188651122152805,
no_warm_start_dense_passing,"[100, 100, 100, 100, 100, 100, 1]",25551,53,0.5,-0.0351034887467053,-0.0217220373451709,3.2231462001800537,601.1629164218903,34,600,-0.0188651122152805,
no_warm_start_dense_passing,"[100, 100, 100, 100, 100, 100, 1]",10521,53,0.8,-0.0303728550666432,-0.0210105627775192,4.374242067337036,601.232901096344,60,600,-0.0188651122152805,
no_warm_start_dense_passing,"[100, 100, 100, 100, 100, 100, 1]",5511,53,0.9,-0.0356819045016299,-0.021655423566699,68.32316136360168,601.9435255527496,660,600,-0.0188651122152805,
no_warm_start_dense_passing,"[100, 100, 100, 100, 100, 100, 1]",3006,53,0.95,-0.0317331092962044,-0.0185219813138246,236.5226581096649,604.8313155174255,84953,600,-0.0188651122152805,
no_warm_start_dense_passing,"[100, 100, 100, 100, 100, 100, 1]",751,53,0.995,-0.0313972985127038,-0.0216647703200578,1.4652695655822754,2.714617967605591,2,600,-0.0188651122152805,
no_warm_start_dense_passing,"[100, 100, 100, 100, 100, 100, 1]",551,53,0.999,-0.0388422608375549,-0.0223071277141571,0.6922733783721924,0.6941745281219482,1,600,-0.0188651122152805,
no_warm_start_dense_passing,"[100, 100, 100, 100, 100, 100, 1]",50601,54,0.0,-inf,-inf,,601.5650463104248,0,600,0.0038440988864749,
no_warm_start_dense_passing,"[100, 100, 100, 100, 100, 100, 1]",35571,54,0.3,-0.0152622209189344,-0.0115283159539103,42.62584519386292,600.7312612533569,51,600,0.0038440988864749,
no_warm_start_dense_passing,"[100, 100, 100, 100, 100, 100, 1]",25551,54,0.5,-0.0144974007822544,-0.0118546532467007,2.773460865020752,600.9048652648926,54,600,0.0038440988864749,
no_warm_start_dense_passing,"[100, 100, 100, 100, 100, 100, 1]",10521,54,0.8,-0.0030153644837986,-0.0126018580049276,5.654982805252075,601.1095097064972,102,600,0.0038440988864749,
no_warm_start_dense_passing,"[100, 100, 100, 100, 100, 100, 1]",5511,54,0.9,0.0068104756824595,-0.0103162629529833,53.12794327735901,600.8274416923523,347,600,0.0038440988864749,
no_warm_start_dense_passing,"[100, 100, 100, 100, 100, 100, 1]",3006,54,0.95,0.0122794305611466,-0.0019903893116861,96.52127027511597,605.3430235385895,48256,600,0.0038440988864749,
no_warm_start_dense_passing,"[100, 100, 100, 100, 100, 100, 1]",751,54,0.995,0.0003486752684693,-0.0112237446010112,0.90409255027771,1.2140276432037354,1,600,0.0038440988864749,
no_warm_start_dense_passing,"[100, 100, 100, 100, 100, 100, 1]",551,54,0.999,0.0003486752684693,-0.011852596886456,0.8868494033813477,0.8892486095428467,1,600,0.0038440988864749,
no_warm_start_dense_passing,"[100, 200, 200, 200, 200, 200, 1]",181201,50,0.0,-inf,-inf,,602.6872231960297,0,600,-0.0220006164163351,
no_warm_start_dense_passing,"[100, 200, 200, 200, 200, 200, 1]",127141,50,0.3,-inf,-inf,,602.1921410560608,0,600,-0.0220006164163351,
no_warm_start_dense_passing,"[100, 200, 200, 200, 200, 200, 1]",91101,50,0.5,-inf,-inf,,601.7917714118958,0,600,-0.0220006164163351,
no_warm_start_dense_passing,"[100, 200, 200, 200, 200, 200, 1]",37041,50,0.8,-0.0310353369444515,-0.026869872584939,385.36639070510864,602.363648891449,9,600,-0.0220006164163351,
no_warm_start_dense_passing,"[100, 200, 200, 200, 200, 200, 1]",19021,50,0.9,-0.0396192878406917,-0.0250597205013036,3.5103681087493896,601.8830699920654,82,600,-0.0220006164163351,
no_warm_start_dense_passing,"[100, 200, 200, 200, 200, 200, 1]",10011,50,0.95,-0.0445004907217136,-0.0194205194711685,39.202754974365234,603.9187264442444,1666,600,-0.0220006164163351,
no_warm_start_dense_passing,"[100, 200, 200, 200, 200, 200, 1]",1902,50,0.995,-0.0444340929388999,-0.0252600535750389,2.9571239948272705,4.123295307159424,1,600,-0.0220006164163351,
no_warm_start_dense_passing,"[100, 200, 200, 200, 200, 200, 1]",1181,50,0.999,-0.0444340929388999,-0.0275042504072189,3.152115821838379,3.842820644378662,1,600,-0.0220006164163351,
no_warm_start_dense_passing,"[100, 200, 200, 200, 200, 200, 1]",181201,51,0.0,-inf,-inf,,602.9908607006073,0,600,0.0492133572697639,
no_warm_start_dense_passing,"[100, 200, 200, 200, 200, 200, 1]",127141,51,0.3,-inf,-inf,,601.7411119937897,0,600,0.0492133572697639,
no_warm_start_dense_passing,"[100, 200, 200, 200, 200, 200, 1]",91101,51,0.5,-inf,-inf,,602.0131731033325,0,600,0.0492133572697639,
no_warm_start_dense_passing,"[100, 200, 200, 200, 200, 200, 1]",37041,51,0.8,-inf,-inf,,603.3331727981567,0,600,0.0492133572697639,
no_warm_start_dense_passing,"[100, 200, 200, 200, 200, 200, 1]",19021,51,0.9,0.050318778532635,0.0436553247272968,267.97261595726013,602.5346391201019,55,600,0.0492133572697639,
no_warm_start_dense_passing,"[100, 200, 200, 200, 200, 200, 1]",10011,51,0.95,0.0298108988410308,0.0472332388162612,28.928353548049927,69.28509092330933,5184,600,0.0492133572697639,
no_warm_start_dense_passing,"[100, 200, 200, 200, 200, 200, 1]",1902,51,0.995,0.0312577076256275,0.0407571122050285,3.161612272262573,4.054635286331177,1,600,0.0492133572697639,
no_warm_start_dense_passing,"[100, 200, 200, 200, 200, 200, 1]",1181,51,0.999,0.0312577076256275,0.0409975722432136,1.445896863937378,2.2032532691955566,3,600,0.0492133572697639,
no_warm_start_dense_passing,"[100, 200, 200, 200, 200, 200, 1]",181201,52,0.0,-inf,-inf,,603.5761251449585,0,600,0.0175472311675548,
no_warm_start_dense_passing,"[100, 200, 200, 200, 200, 200, 1]",127141,52,0.3,-inf,-inf,,601.7824664115906,0,600,0.0175472311675548,
no_warm_start_dense_passing,"[100, 200, 200, 200, 200, 200, 1]",91101,52,0.5,-inf,-inf,,603.0595099925995,0,600,0.0175472311675548,
no_warm_start_dense_passing,"[100, 200, 200, 200, 200, 200, 1]",37041,52,0.8,0.0087480395038141,0.011083242483437,7.174870491027832,601.4006516933441,3,600,0.0175472311675548,
no_warm_start_dense_passing,"[100, 200, 200, 200, 200, 200, 1]",19021,52,0.9,0.0011706053642918,0.0111467204988002,4.494973421096802,601.7150192260742,44,600,0.0175472311675548,
no_warm_start_dense_passing,"[100, 200, 200, 200, 200, 200, 1]",10011,52,0.95,0.000935416928967,0.01783974096179,9.274421453475952,607.3765001296997,21383,600,0.0175472311675548,
no_warm_start_dense_passing,"[100, 200, 200, 200, 200, 200, 1]",1902,52,0.995,0.0059182103723287,0.0114971119910478,2.06540584564209,3.255784511566162,1,600,0.0175472311675548,
no_warm_start_dense_passing,"[100, 200, 200, 200, 200, 200, 1]",1181,52,0.999,0.0059182103723287,0.0107475174590945,1.4204401969909668,2.454042196273804,2,600,0.0175472311675548,
no_warm_start_dense_passing,"[100, 200, 200, 200, 200, 200, 1]",181201,53,0.0,-inf,-inf,,602.582277059555,0,600,0.013670084066689,
no_warm_start_dense_passing,"[100, 200, 200, 200, 200, 200, 1]",127141,53,0.3,-inf,-inf,,602.3420820236206,0,600,0.013670084066689,
no_warm_start_dense_passing,"[100, 200, 200, 200, 200, 200, 1]",91101,53,0.5,-inf,-inf,,601.9120728969574,0,600,0.013670084066689,
no_warm_start_dense_passing,"[100, 200, 200, 200, 200, 200, 1]",37041,53,0.8,0.0096262240336322,0.0082879830151796,6.20603346824646,601.7117574214935,6,600,0.013670084066689,
no_warm_start_dense_passing,"[100, 200, 200, 200, 200, 200, 1]",19021,53,0.9,0.0203434677777375,0.0088904127478599,42.49078989028931,602.0895030498505,20,600,0.013670084066689,
no_warm_start_dense_passing,"[100, 200, 200, 200, 200, 200, 1]",10011,53,0.95,0.0161313395114278,0.0076763974502682,1.8402438163757324,2.497870683670044,1,600,0.013670084066689,
no_warm_start_dense_passing,"[100, 200, 200, 200, 200, 200, 1]",1902,53,0.995,0.0153239630162715,0.0085392454639077,2.108720541000366,2.964308500289917,1,600,0.013670084066689,
no_warm_start_dense_passing,"[100, 200, 200, 200, 200, 200, 1]",1181,53,0.999,0.0153239630162715,0.0131267560645937,1.7706806659698486,2.6135778427124023,3,600,0.013670084066689,
no_warm_start_dense_passing,"[100, 200, 200, 200, 200, 200, 1]",181201,54,0.0,-inf,-inf,,602.714385509491,0,600,0.038915179669857,
no_warm_start_dense_passing,"[100, 200, 200, 200, 200, 200, 1]",127141,54,0.3,-inf,-inf,,602.221204996109,0,600,0.038915179669857,
no_warm_start_dense_passing,"[100, 200, 200, 200, 200, 200, 1]",91101,54,0.5,-inf,-inf,,602.1638894081116,0,600,0.038915179669857,
no_warm_start_dense_passing,"[100, 200, 200, 200, 200, 200, 1]",37041,54,0.8,0.0486447173225601,0.0372048914432525,281.0639696121216,602.1159834861755,2,600,0.038915179669857,
no_warm_start_dense_passing,"[100, 200, 200, 200, 200, 200, 1]",19021,54,0.9,0.0533980765988676,0.037064678966999,9.312460660934448,603.0244131088257,25,600,0.038915179669857,
no_warm_start_dense_passing,"[100, 200, 200, 200, 200, 200, 1]",10011,54,0.95,0.0537215396761894,0.0414165928959846,8.296539306640625,62.1635582447052,4627,600,0.038915179669857,
no_warm_start_dense_passing,"[100, 200, 200, 200, 200, 200, 1]",1902,54,0.995,0.0537215396761894,0.0363160893321037,2.0365474224090576,3.54550576210022,1,600,0.038915179669857,
no_warm_start_dense_passing,"[100, 200, 200, 200, 200, 200, 1]",1181,54,0.999,0.0537215396761894,0.0360288061201572,2.9005284309387207,3.8903322219848633,4,600,0.038915179669857,
no_warm_start_dense_passing,"[1000, 50, 50, 1]",52651,50,0.0,1.379321394814711,1.3793214559555054,584.4803950786591,601.1880991458893,4295,600,1.2484863996505735,
no_warm_start_dense_passing,"[1000, 50, 50, 1]",36886,50,0.3,1.4025670725570898,1.362786889076233,549.6610898971558,600.983496427536,7106,600,1.2484863996505735,
no_warm_start_dense_passing,"[1000, 50, 50, 1]",26376,50,0.5,1.34104363712281,1.2876169681549072,386.89749217033386,602.2383196353912,5773,600,1.2484863996505735,
no_warm_start_dense_passing,"[1000, 50, 50, 1]",10611,50,0.8,0.9591403730040376,0.9066190719604492,51.73398900032044,600.6096796989441,8341,600,1.2484863996505735,
no_warm_start_dense_passing,"[1000, 50, 50, 1]",5356,50,0.9,0.6280946239672175,0.6335797309875488,62.0220787525177,600.7265250682831,16772,600,1.2484863996505735,
no_warm_start_dense_passing,"[1000, 50, 50, 1]",2729,50,0.95,0.2885871601376278,0.3592059016227722,51.031426429748535,617.0501263141632,24107,600,1.2484863996505735,
no_warm_start_dense_passing,"[1000, 50, 50, 1]",364,50,0.995,0.1314720614604439,0.1326934397220611,0.1565475463867187,0.1594371795654297,1,600,1.2484863996505735,
no_warm_start_dense_passing,"[1000, 50, 50, 1]",154,50,0.999,0.1495847793519538,0.1326934397220611,0.3038351535797119,0.3095006942749023,1,600,1.2484863996505735,
no_warm_start_dense_passing,"[1000, 50, 50, 1]",52651,51,0.0,1.23399566933643,1.2339956760406494,586.6794018745422,600.341833114624,3360,600,0.9951454997062684,
no_warm_start_dense_passing,"[1000, 50, 50, 1]",36886,51,0.3,1.2070479232435956,1.1899305582046509,592.5934507846832,602.7705631256104,3216,600,0.9951454997062684,
no_warm_start_dense_passing,"[1000, 50, 50, 1]",26376,51,0.5,1.0941858559273971,1.096320629119873,359.2823715209961,600.3075506687164,7411,600,0.9951454997062684,
no_warm_start_dense_passing,"[1000, 50, 50, 1]",10611,51,0.8,0.7602878770378665,0.6598567366600037,52.76635265350342,600.8395712375641,10028,600,0.9951454997062684,
no_warm_start_dense_passing,"[1000, 50, 50, 1]",5356,51,0.9,0.4232037338514839,0.3825429379940033,235.15015816688535,601.2325568199158,14442,600,0.9951454997062684,
no_warm_start_dense_passing,"[1000, 50, 50, 1]",2729,51,0.95,0.0995926447383609,0.1448853760957718,456.5833270549774,606.3497009277344,70231,600,0.9951454997062684,
no_warm_start_dense_passing,"[1000, 50, 50, 1]",364,51,0.995,-0.0020444179463444,0.007857484742999,0.1485364437103271,0.150543212890625,1,600,0.9951454997062684,
no_warm_start_dense_passing,"[1000, 50, 50, 1]",154,51,0.999,-0.0014543023426085,0.007857484742999,0.2637596130371094,0.2664511203765869,1,600,0.9951454997062684,
no_warm_start_dense_passing,"[1000, 50, 50, 1]",52651,52,0.0,1.1925717162188367,1.192571759223938,600.2580664157867,600.30428814888,5028,600,0.9782196283340454,
no_warm_start_dense_passing,"[1000, 50, 50, 1]",36886,52,0.3,1.1591296061013008,1.1409882307052612,352.5454499721527,600.4466578960419,7103,600,0.9782196283340454,
no_warm_start_dense_passing,"[1000, 50, 50, 1]",26376,52,0.5,1.0722075619735767,1.0478917360305786,302.738667011261,600.7785379886627,7508,600,0.9782196283340454,
no_warm_start_dense_passing,"[1000, 50, 50, 1]",10611,52,0.8,0.7294500573481795,0.6965479850769043,197.15604424476624,601.5759818553925,10963,600,0.9782196283340454,
no_warm_start_dense_passing,"[1000, 50, 50, 1]",5356,52,0.9,0.4332470167910052,0.4216508269309997,37.04493832588196,600.6891448497772,19742,600,0.9782196283340454,
no_warm_start_dense_passing,"[1000, 50, 50, 1]",2729,52,0.95,0.1632640635120544,0.1566839814186096,73.1603946685791,609.3420469760895,78601,600,0.9782196283340454,
no_warm_start_dense_passing,"[1000, 50, 50, 1]",364,52,0.995,0.0253855147501807,0.043129988014698,0.1876912117004394,0.1896731853485107,1,600,0.9782196283340454,
no_warm_start_dense_passing,"[1000, 50, 50, 1]",154,52,0.999,0.0169585105031728,0.043129988014698,0.1912093162536621,0.1944282054901123,1,600,0.9782196283340454,
no_warm_start_dense_passing,"[1000, 50, 50, 1]",52651,53,0.0,1.0294222374117648,1.0294222831726074,242.1308968067169,601.0050456523895,3528,600,0.8447521924972534,
no_warm_start_dense_passing,"[1000, 50, 50, 1]",36886,53,0.3,1.0177956485512478,1.0036492347717283,287.3000981807709,601.7014288902283,5970,600,0.8447521924972534,
no_warm_start_dense_passing,"[1000, 50, 50, 1]",26376,53,0.5,1.030471267812253,0.9631056189537048,358.127863407135,602.3384001255035,7806,600,0.8447521924972534,
no_warm_start_dense_passing,"[1000, 50, 50, 1]",10611,53,0.8,0.6479405181126439,0.640620231628418,44.09362030029297,601.9420256614685,8227,600,0.8447521924972534,
no_warm_start_dense_passing,"[1000, 50, 50, 1]",5356,53,0.9,0.3624470050339955,0.3272001147270202,471.4534986019135,608.3982131481171,12436,600,0.8447521924972534,
no_warm_start_dense_passing,"[1000, 50, 50, 1]",2729,53,0.95,0.0855506487429066,0.1184168457984924,15.111528635025024,603.2921135425568,30750,600,0.8447521924972534,
no_warm_start_dense_passing,"[1000, 50, 50, 1]",364,53,0.995,-0.0150837162552308,0.0137389358133077,0.1476156711578369,0.1522965431213379,1,600,0.8447521924972534,
no_warm_start_dense_passing,"[1000, 50, 50, 1]",154,53,0.999,-0.0093354073072548,0.0137389358133077,0.146364688873291,0.1484901905059814,1,600,0.8447521924972534,
no_warm_start_dense_passing,"[1000, 50, 50, 1]",52651,54,0.0,1.2763603228801117,1.2763603925704956,594.5430688858032,601.405341386795,3923,600,1.0910215377807615,
no_warm_start_dense_passing,"[1000, 50, 50, 1]",36886,54,0.3,1.2478271261433154,1.2430790662765503,600.5695114135742,601.1917173862457,3236,600,1.0910215377807615,
no_warm_start_dense_passing,"[1000, 50, 50, 1]",26376,54,0.5,1.230526362940857,1.1547415256500244,536.5322592258453,600.7750234603882,4760,600,1.0910215377807615,
no_warm_start_dense_passing,"[1000, 50, 50, 1]",10611,54,0.8,0.7853694998555676,0.7145733833312988,340.96679878234863,600.5795753002167,7723,600,1.0910215377807615,
no_warm_start_dense_passing,"[1000, 50, 50, 1]",5356,54,0.9,0.4303732741498781,0.4887455403804779,263.71592020988464,607.7353830337524,7160,600,1.0910215377807615,
no_warm_start_dense_passing,"[1000, 50, 50, 1]",2729,54,0.95,0.0598143835252236,0.1007237359881401,427.0914559364319,602.2469189167023,53162,600,1.0910215377807615,
no_warm_start_dense_passing,"[1000, 50, 50, 1]",364,54,0.995,-0.1183911378835727,-0.0569393783807754,0.211808443069458,0.2137508392333984,1,600,1.0910215377807615,
no_warm_start_dense_passing,"[1000, 50, 50, 1]",154,54,0.999,-0.1018487226807893,-0.0569393783807754,0.2182424068450927,0.221637487411499,1,600,1.0910215377807615,
no_warm_start_dense_passing,"[1000, 100, 100, 1]",110301,50,0.0,1.0265643324947802,1.026564359664917,568.1231100559235,600.4462122917175,93,600,0.9622607231140136,
no_warm_start_dense_passing,"[1000, 100, 100, 1]",77271,50,0.3,1.1039554931836315,1.0878351926803589,512.7042570114136,600.4536616802216,274,600,0.9622607231140136,
no_warm_start_dense_passing,"[1000, 100, 100, 1]",55251,50,0.5,1.0495184916626437,0.9984673261642456,564.7184653282166,600.3290174007416,319,600,0.9622607231140136,
no_warm_start_dense_passing,"[1000, 100, 100, 1]",22221,50,0.8,0.6993052457725584,0.6063562035560608,568.7579987049103,600.3644633293152,336,600,0.9622607231140136,
no_warm_start_dense_passing,"[1000, 100, 100, 1]",11211,50,0.9,0.4166323978813651,0.3118899464607239,50.37209963798523,600.4315819740295,625,600,0.9622607231140136,
no_warm_start_dense_passing,"[1000, 100, 100, 1]",5706,50,0.95,0.0793873767569683,0.0856147557497024,0.4230105876922607,0.4255175590515136,1,600,0.9622607231140136,
no_warm_start_dense_passing,"[1000, 100, 100, 1]",751,50,0.995,0.0674124472898558,0.0856147557497024,0.3663077354431152,0.3691847324371338,1,600,0.9622607231140136,
no_warm_start_dense_passing,"[1000, 100, 100, 1]",311,50,0.999,0.0674124472898558,0.0856147557497024,0.524944543838501,0.5357620716094971,1,600,0.9622607231140136,
no_warm_start_dense_passing,"[1000, 100, 100, 1]",110301,51,0.0,1.1804811114018354,1.1804810762405396,566.7990205287933,600.4491798877716,230,600,0.9171633720397948,
no_warm_start_dense_passing,"[1000, 100, 100, 1]",77271,51,0.3,1.0181446063957524,0.9790443181991576,565.6675353050232,600.8406019210815,1412,600,0.9171633720397948,
no_warm_start_dense_passing,"[1000, 100, 100, 1]",55251,51,0.5,0.9437748673481768,0.9148500561714172,581.3960053920746,601.2381021976471,1086,600,0.9171633720397948,
no_warm_start_dense_passing,"[1000, 100, 100, 1]",22221,51,0.8,0.7029780847073764,0.5369858145713806,577.9584004878998,600.7589657306671,1148,600,0.9171633720397948,
no_warm_start_dense_passing,"[1000, 100, 100, 1]",11211,51,0.9,0.4086334532649785,0.3257207572460174,166.62824201583862,600.4114334583282,941,600,0.9171633720397948,
no_warm_start_dense_passing,"[1000, 100, 100, 1]",5706,51,0.95,0.0080417337923858,0.0087908543646335,0.4679234027862549,0.4711306095123291,1,600,0.9171633720397948,
no_warm_start_dense_passing,"[1000, 100, 100, 1]",751,51,0.995,0.0397586782158566,0.0087908543646335,0.4563865661621094,0.458627700805664,1,600,0.9171633720397948,
no_warm_start_dense_passing,"[1000, 100, 100, 1]",311,51,0.999,0.0512388609349727,0.0087908543646335,0.4214367866516113,0.4281892776489258,1,600,0.9171633720397948,
no_warm_start_dense_passing,"[1000, 100, 100, 1]",110301,52,0.0,0.804388433125944,0.8043884038925171,596.5678577423096,601.8598594665527,249,600,0.9304350018501282,
no_warm_start_dense_passing,"[1000, 100, 100, 1]",77271,52,0.3,1.0059535173009737,0.9832538962364196,558.4347431659698,600.9882225990295,984,600,0.9304350018501282,
no_warm_start_dense_passing,"[1000, 100, 100, 1]",55251,52,0.5,1.0300010685238112,0.9927409291267396,562.4697427749634,600.7820987701416,1705,600,0.9304350018501282,
no_warm_start_dense_passing,"[1000, 100, 100, 1]",22221,52,0.8,0.7605561251966358,0.6155334115028381,482.2657482624054,600.5699586868286,4861,600,0.9304350018501282,
no_warm_start_dense_passing,"[1000, 100, 100, 1]",11211,52,0.9,0.4121671792744256,0.3523650169372558,80.29080176353455,600.4278628826141,911,600,0.9304350018501282,
no_warm_start_dense_passing,"[1000, 100, 100, 1]",5706,52,0.95,0.1355689342160737,0.1391435265541076,0.3939614295959472,0.3997132778167724,1,600,0.9304350018501282,
no_warm_start_dense_passing,"[1000, 100, 100, 1]",751,52,0.995,0.093888603009889,0.1391435265541076,0.5960865020751953,1.3656268119812012,2,600,0.9304350018501282,
no_warm_start_dense_passing,"[1000, 100, 100, 1]",311,52,0.999,0.0951102524995803,0.1391435265541076,0.2936127185821533,1.1678621768951416,2,600,0.9304350018501282,
no_warm_start_dense_passing,"[1000, 100, 100, 1]",110301,53,0.0,0.8366814646708798,0.8366813659667969,530.1409955024719,603.1508846282959,143,600,1.114158272743225,
no_warm_start_dense_passing,"[1000, 100, 100, 1]",77271,53,0.3,0.9226678634176716,0.9042391777038574,578.7863235473633,601.1336421966553,877,600,1.114158272743225,
no_warm_start_dense_passing,"[1000, 100, 100, 1]",55251,53,0.5,1.2402199291334408,1.2081298828125,579.0086691379547,601.0616512298584,1539,600,1.114158272743225,
no_warm_start_dense_passing,"[1000, 100, 100, 1]",22221,53,0.8,0.7777144800538061,0.795459508895874,386.5671021938324,600.7237813472748,2248,600,1.114158272743225,
no_warm_start_dense_passing,"[1000, 100, 100, 1]",11211,53,0.9,0.4356796221205295,0.4684458971023559,478.1835989952088,600.8658187389374,642,600,1.114158272743225,
no_warm_start_dense_passing,"[1000, 100, 100, 1]",5706,53,0.95,0.0534354914106589,0.0519809834659099,0.4164633750915527,0.4201805591583252,1,600,1.114158272743225,
no_warm_start_dense_passing,"[1000, 100, 100, 1]",751,53,0.995,0.0467820095338941,0.0519809834659099,0.4211902618408203,0.4235222339630127,1,600,1.114158272743225,
no_warm_start_dense_passing,"[1000, 100, 100, 1]",311,53,0.999,0.0626618654400636,0.0519809834659099,0.4108688831329345,0.4138760566711426,1,600,1.114158272743225,
no_warm_start_dense_passing,"[1000, 100, 100, 1]",110301,54,0.0,1.2149561841072896,1.2149561643600464,517.6269299983978,600.4200255870819,128,600,1.0587612390518188,
no_warm_start_dense_passing,"[1000, 100, 100, 1]",77271,54,0.3,1.283899765031987,1.2654833793640137,487.7567775249481,601.4537670612335,204,600,1.0587612390518188,
no_warm_start_dense_passing,"[1000, 100, 100, 1]",55251,54,0.5,1.2159106645383129,1.1635005474090576,560.027396440506,600.8606266975403,1922,600,1.0587612390518188,
no_warm_start_dense_passing,"[1000, 100, 100, 1]",22221,54,0.8,0.8645232844857118,0.7068706154823303,282.47496914863586,600.7404584884644,5005,600,1.0587612390518188,
no_warm_start_dense_passing,"[1000, 100, 100, 1]",11211,54,0.9,0.5093091147511878,0.3598113059997558,252.53434824943545,600.3980627059937,609,600,1.0587612390518188,
no_warm_start_dense_passing,"[1000, 100, 100, 1]",5706,54,0.95,0.1158265768887801,0.1133769154548645,0.4263424873352051,0.431058406829834,1,600,1.0587612390518188,
no_warm_start_dense_passing,"[1000, 100, 100, 1]",751,54,0.995,0.0876180851224045,0.1133769154548645,0.371316909790039,0.3737268447875976,1,600,1.0587612390518188,
no_warm_start_dense_passing,"[1000, 100, 100, 1]",311,54,0.999,0.0977060024949675,0.1133769154548645,0.4250962734222412,0.4281795024871826,1,600,1.0587612390518188,
no_warm_start_dense_passing,"[1000, 200, 200, 1]",240601,50,0.0,0.1436930351570838,0.1436930298805236,601.3064062595367,601.7561464309692,14,600,0.9552019238471984,
no_warm_start_dense_passing,"[1000, 200, 200, 1]",168541,50,0.3,0.075078104076323,0.0759481191635131,548.2166910171509,601.1526494026184,85,600,0.9552019238471984,
no_warm_start_dense_passing,"[1000, 200, 200, 1]",120501,50,0.5,0.0953635723752502,0.1065423041582107,573.217378616333,601.5017826557159,102,600,0.9552019238471984,
no_warm_start_dense_passing,"[1000, 200, 200, 1]",48441,50,0.8,0.0401611436806924,0.041309930384159,19.209848165512085,600.7742331027985,28,600,0.9552019238471984,
no_warm_start_dense_passing,"[1000, 200, 200, 1]",24421,50,0.9,0.1876105276814631,0.1615544706583023,103.4964349269867,601.261123418808,468,600,0.9552019238471984,
no_warm_start_dense_passing,"[1000, 200, 200, 1]",12411,50,0.95,0.038844991505699,0.0407354310154914,0.8384451866149902,0.8412649631500244,1,600,0.9552019238471984,
no_warm_start_dense_passing,"[1000, 200, 200, 1]",1602,50,0.995,0.0371010871459137,0.0407354310154914,0.570293664932251,0.5727133750915527,1,600,0.9552019238471984,
no_warm_start_dense_passing,"[1000, 200, 200, 1]",641,50,0.999,0.0421005897223949,0.0407354310154914,0.8120090961456299,1.6641180515289309,1,600,0.9552019238471984,
no_warm_start_dense_passing,"[1000, 200, 200, 1]",240601,51,0.0,0.0982131536541107,0.098213143646717,571.9956510066986,602.2208313941956,36,600,0.8711673021316528,
no_warm_start_dense_passing,"[1000, 200, 200, 1]",168541,51,0.3,0.0701734674475077,0.025866312906146,588.6986947059631,601.1891367435455,59,600,0.8711673021316528,
no_warm_start_dense_passing,"[1000, 200, 200, 1]",120501,51,0.5,0.0677575799260547,0.0459307953715324,538.5758612155914,601.3081259727478,205,600,0.8711673021316528,
no_warm_start_dense_passing,"[1000, 200, 200, 1]",48441,51,0.8,0.5853885999360618,0.4291145503520965,534.8861944675446,600.5981090068817,41,600,0.8711673021316528,
no_warm_start_dense_passing,"[1000, 200, 200, 1]",24421,51,0.9,0.1160082360655282,0.101785808801651,492.5852570533752,601.2524585723877,1264,600,0.8711673021316528,
no_warm_start_dense_passing,"[1000, 200, 200, 1]",12411,51,0.95,0.006774482123077,-0.001989877782762,0.8212730884552002,0.8243718147277832,1,600,0.8711673021316528,
no_warm_start_dense_passing,"[1000, 200, 200, 1]",1602,51,0.995,0.0068061530498601,-0.001989877782762,0.5568077564239502,0.5596842765808105,1,600,0.8711673021316528,
no_warm_start_dense_passing,"[1000, 200, 200, 1]",641,51,0.999,0.0101707261055707,-0.001989877782762,0.622887372970581,0.6251175403594971,1,600,0.8711673021316528,
no_warm_start_dense_passing,"[1000, 200, 200, 1]",240601,52,0.0,0.0931672968849485,0.0931672826409339,584.6588592529297,601.4808337688446,6,600,0.7967019081115723,
no_warm_start_dense_passing,"[1000, 200, 200, 1]",168541,52,0.3,0.002295017140667,-0.002274252474308,270.2246448993683,601.424332857132,57,600,0.7967019081115723,
no_warm_start_dense_passing,"[1000, 200, 200, 1]",120501,52,0.5,0.0417902957340282,0.0437683053314685,598.3636345863342,600.7868688106537,263,600,0.7967019081115723,
no_warm_start_dense_passing,"[1000, 200, 200, 1]",48441,52,0.8,-0.002182400433246,-0.0043485658243298,19.775958776474,600.5893456935883,34,600,0.7967019081115723,
no_warm_start_dense_passing,"[1000, 200, 200, 1]",24421,52,0.9,0.1059435572347586,0.1058965772390365,310.44412899017334,601.4433724880219,710,600,0.7967019081115723,
no_warm_start_dense_passing,"[1000, 200, 200, 1]",12411,52,0.95,0.0012609753349175,-0.0029686824418604,0.5815987586975098,0.5838661193847656,1,600,0.7967019081115723,
no_warm_start_dense_passing,"[1000, 200, 200, 1]",1602,52,0.995,-0.0105723997978157,-0.0029686824418604,0.8134543895721436,0.8172740936279297,1,600,0.7967019081115723,
no_warm_start_dense_passing,"[1000, 200, 200, 1]",641,52,0.999,-0.0097585023983061,-0.0029686824418604,0.8382484912872314,0.8406667709350586,1,600,0.7967019081115723,
no_warm_start_dense_passing,"[1000, 200, 200, 1]",240601,53,0.0,0.4754734643613796,0.4754722416400909,508.44567823410034,600.8967573642731,126,600,1.1605603694915771,
no_warm_start_dense_passing,"[1000, 200, 200, 1]",168541,53,0.3,0.0878053944380022,0.0769676193594932,601.0033979415894,601.1493201255798,123,600,1.1605603694915771,
no_warm_start_dense_passing,"[1000, 200, 200, 1]",120501,53,0.5,0.256898393641205,0.2802628576755523,524.7959127426147,601.1327199935913,223,600,1.1605603694915771,
no_warm_start_dense_passing,"[1000, 200, 200, 1]",48441,53,0.8,0.051573379022862,0.0599174126982688,2.902261257171631,600.6061563491821,25,600,1.1605603694915771,
no_warm_start_dense_passing,"[1000, 200, 200, 1]",24421,53,0.9,0.1889174870123962,0.2091775238513946,202.50657081604004,601.5345487594604,1511,600,1.1605603694915771,
no_warm_start_dense_passing,"[1000, 200, 200, 1]",12411,53,0.95,0.0402019298438749,0.0511070676147937,0.7721939086914062,0.7829043865203857,1,600,1.1605603694915771,
no_warm_start_dense_passing,"[1000, 200, 200, 1]",1602,53,0.995,0.0507498620537312,0.0511070676147937,1.1778876781463623,1.1902992725372314,1,600,1.1605603694915771,
no_warm_start_dense_passing,"[1000, 200, 200, 1]",641,53,0.999,0.0538687482476234,0.0511070676147937,0.8430883884429932,0.847012996673584,1,600,1.1605603694915771,
no_warm_start_dense_passing,"[1000, 200, 200, 1]",240601,54,0.0,0.0748322202801593,0.0748321712017059,519.64741563797,601.2383348941803,60,600,0.8685810565948486,
no_warm_start_dense_passing,"[1000, 200, 200, 1]",168541,54,0.3,-0.0143262480308872,-0.0090646259486675,293.06550908088684,601.7661435604095,26,600,0.8685810565948486,
no_warm_start_dense_passing,"[1000, 200, 200, 1]",120501,54,0.5,0.012282537267255,0.0110875852406024,457.7300317287445,601.4951410293579,227,600,0.8685810565948486,
no_warm_start_dense_passing,"[1000, 200, 200, 1]",48441,54,0.8,-0.0180471367254438,-0.023542845621705,260.25242376327515,601.2431914806366,59,600,0.8685810565948486,
no_warm_start_dense_passing,"[1000, 200, 200, 1]",24421,54,0.9,0.0983090024576203,0.0787093490362167,178.09988069534302,601.1871180534363,7532,600,0.8685810565948486,
no_warm_start_dense_passing,"[1000, 200, 200, 1]",12411,54,0.95,-0.0190508021674199,-0.0185525193810462,1.295485019683838,1.2989490032196045,1,600,0.8685810565948486,
no_warm_start_dense_passing,"[1000, 200, 200, 1]",1602,54,0.995,-0.0490412067976522,-0.0185525193810462,0.8410530090332031,0.8461453914642334,1,600,0.8685810565948486,
no_warm_start_dense_passing,"[1000, 200, 200, 1]",641,54,0.999,-0.0509810484945774,-0.0185525193810462,0.5496339797973633,0.552823543548584,1,600,0.8685810565948486,
no_warm_start_dense_passing,"[1000, 50, 50, 50, 1]",55201,50,0.0,0.2328788013266479,0.2328787893056869,585.9052586555481,600.4569215774536,411,600,0.1354016214609146,
no_warm_start_dense_passing,"[1000, 50, 50, 50, 1]",38686,50,0.3,0.2413706241836851,0.2332463413476944,596.4939522743225,600.5833022594452,620,600,0.1354016214609146,
no_warm_start_dense_passing,"[1000, 50, 50, 50, 1]",27676,50,0.5,0.2022039054706856,0.1988226026296615,312.37610363960266,601.4251575469971,531,600,0.1354016214609146,
no_warm_start_dense_passing,"[1000, 50, 50, 50, 1]",11161,50,0.8,0.1224664523531779,0.0710640251636505,139.85849452018738,600.5388610363007,1171,600,0.1354016214609146,
no_warm_start_dense_passing,"[1000, 50, 50, 50, 1]",5656,50,0.9,-0.0435514596340072,-0.0523822605609893,396.602368593216,600.7804594039917,1510,600,0.1354016214609146,
no_warm_start_dense_passing,"[1000, 50, 50, 50, 1]",2903,50,0.95,-0.1306263617123298,-0.1450388133525848,0.2233679294586181,0.2262487411499023,1,600,0.1354016214609146,
no_warm_start_dense_passing,"[1000, 50, 50, 50, 1]",426,50,0.995,-0.1042769402265548,-0.1450388133525848,0.4578447341918945,0.462336778640747,1,600,0.1354016214609146,
no_warm_start_dense_passing,"[1000, 50, 50, 50, 1]",206,50,0.999,-0.1042769402265548,-0.1450388133525848,0.2165272235870361,0.2190806865692138,1,600,0.1354016214609146,
no_warm_start_dense_passing,"[1000, 50, 50, 50, 1]",55201,51,0.0,0.4809061142901387,0.4809061586856842,548.8187997341156,600.5462627410889,623,600,0.4546924531459808,
no_warm_start_dense_passing,"[1000, 50, 50, 50, 1]",38686,51,0.3,0.519794681565273,0.5186547040939331,405.220095872879,600.5907003879547,649,600,0.4546924531459808,
no_warm_start_dense_passing,"[1000, 50, 50, 50, 1]",27676,51,0.5,0.4053862295881976,0.4098430871963501,593.2126567363739,601.1023874282837,607,600,0.4546924531459808,
no_warm_start_dense_passing,"[1000, 50, 50, 50, 1]",11161,51,0.8,0.3509308573719925,0.3451629877090454,452.29969215393066,600.509298324585,1063,600,0.4546924531459808,
no_warm_start_dense_passing,"[1000, 50, 50, 50, 1]",5656,51,0.9,0.1449578197705082,0.1775553226470947,218.9188857078552,600.4532794952393,1370,600,0.4546924531459808,
no_warm_start_dense_passing,"[1000, 50, 50, 50, 1]",2903,51,0.95,0.0082485578190638,0.019523536786437,0.3296797275543213,0.3341720104217529,1,600,0.4546924531459808,
no_warm_start_dense_passing,"[1000, 50, 50, 50, 1]",426,51,0.995,0.0185769545170081,0.019523536786437,0.3890140056610107,0.3915224075317383,1,600,0.4546924531459808,
no_warm_start_dense_passing,"[1000, 50, 50, 50, 1]",206,51,0.999,0.0189161176246782,0.019523536786437,0.2243893146514892,0.2261683940887451,1,600,0.4546924531459808,
no_warm_start_dense_passing,"[1000, 50, 50, 50, 1]",55201,52,0.0,0.6835584060249111,0.6835583448410034,431.00001883506775,603.3473083972931,851,600,0.4080746173858642,
no_warm_start_dense_passing,"[1000, 50, 50, 50, 1]",38686,52,0.3,0.7176031319909237,0.7201579213142395,294.7714295387268,600.7060849666595,950,600,0.4080746173858642,
no_warm_start_dense_passing,"[1000, 50, 50, 50, 1]",27676,52,0.5,0.629697823170954,0.6374762058258057,528.3741307258606,600.4747231006622,757,600,0.4080746173858642,
no_warm_start_dense_passing,"[1000, 50, 50, 50, 1]",11161,52,0.8,0.4832889403545254,0.4602108001708984,573.9408092498779,600.7135026454926,965,600,0.4080746173858642,
no_warm_start_dense_passing,"[1000, 50, 50, 50, 1]",5656,52,0.9,0.2719537712866958,0.2425398528575897,117.65998005867004,600.4734494686127,1183,600,0.4080746173858642,
no_warm_start_dense_passing,"[1000, 50, 50, 50, 1]",2903,52,0.95,0.1683527548890729,0.1595028936862945,0.2821578979492187,0.2849805355072021,1,600,0.4080746173858642,
no_warm_start_dense_passing,"[1000, 50, 50, 50, 1]",426,52,0.995,0.1767262902276354,0.1595028936862945,0.2804758548736572,0.2832770347595215,1,600,0.4080746173858642,
no_warm_start_dense_passing,"[1000, 50, 50, 50, 1]",206,52,0.999,0.1271316558122635,0.1595028936862945,0.3295376300811767,0.3325848579406738,1,600,0.4080746173858642,
no_warm_start_dense_passing,"[1000, 50, 50, 50, 1]",55201,53,0.0,0.4790220542809252,0.4790219962596893,593.1241927146912,602.7979197502136,447,600,0.4663873612880707,
no_warm_start_dense_passing,"[1000, 50, 50, 50, 1]",38686,53,0.3,0.5146558560292488,0.5075414180755615,602.2686433792114,602.3878509998322,611,600,0.4663873612880707,
no_warm_start_dense_passing,"[1000, 50, 50, 50, 1]",27676,53,0.5,0.5555082751756207,0.5330538153648376,573.303857088089,600.7249984741211,822,600,0.4663873612880707,
no_warm_start_dense_passing,"[1000, 50, 50, 50, 1]",11161,53,0.8,0.3437503890052152,0.2901850938796997,463.4138195514679,600.7668173313141,832,600,0.4663873612880707,
no_warm_start_dense_passing,"[1000, 50, 50, 50, 1]",5656,53,0.9,0.1239589468523294,0.1545427143573761,343.4833629131317,600.5909693241119,1063,600,0.4663873612880707,
no_warm_start_dense_passing,"[1000, 50, 50, 50, 1]",2903,53,0.95,-0.032129148306651,-0.014579989016056,0.2273297309875488,0.2290663719177246,1,600,0.4663873612880707,
no_warm_start_dense_passing,"[1000, 50, 50, 50, 1]",426,53,0.995,-0.0705410989988417,-0.014579989016056,0.4181492328643799,0.4213130474090576,1,600,0.4663873612880707,
no_warm_start_dense_passing,"[1000, 50, 50, 50, 1]",206,53,0.999,-0.067736767232418,-0.014579989016056,0.2348151206970214,0.2405083179473877,1,600,0.4663873612880707,
no_warm_start_dense_passing,"[1000, 50, 50, 50, 1]",55201,54,0.0,0.611020645878572,0.6110206246376038,316.6286611557007,601.9284882545471,581,600,0.6423473358154297,
no_warm_start_dense_passing,"[1000, 50, 50, 50, 1]",38686,54,0.3,0.6806015010330813,0.6775256395339966,579.2558193206787,600.4376976490021,484,600,0.6423473358154297,
no_warm_start_dense_passing,"[1000, 50, 50, 50, 1]",27676,54,0.5,0.607985269765837,0.6037489175796509,457.67568826675415,600.5906019210815,760,600,0.6423473358154297,
no_warm_start_dense_passing,"[1000, 50, 50, 50, 1]",11161,54,0.8,0.4194834614514359,0.4261494278907776,420.0673313140869,600.5463321208954,989,600,0.6423473358154297,
no_warm_start_dense_passing,"[1000, 50, 50, 50, 1]",5656,54,0.9,0.1722352590509746,0.207810491323471,288.9093644618988,600.8162009716034,1415,600,0.6423473358154297,
no_warm_start_dense_passing,"[1000, 50, 50, 50, 1]",2903,54,0.95,0.0502539542801512,0.0455609783530235,0.2314989566802978,0.242471694946289,1,600,0.6423473358154297,
no_warm_start_dense_passing,"[1000, 50, 50, 50, 1]",426,54,0.995,0.0209931495636015,0.0455609783530235,0.2387120723724365,0.2420363426208496,1,600,0.6423473358154297,
no_warm_start_dense_passing,"[1000, 50, 50, 50, 1]",206,54,0.999,0.02821552939713,0.0455609783530235,0.2194287776947021,0.2223918437957763,1,600,0.6423473358154297,
no_warm_start_dense_passing,"[1000, 100, 100, 100, 1]",120401,50,0.0,-0.1207842594174346,-0.12078507989645,31.794240713119507,606.4993717670441,43,600,0.2446022629737854,
no_warm_start_dense_passing,"[1000, 100, 100, 100, 1]",84371,50,0.3,-0.1083099223297742,-0.1087183430790901,243.63896012306213,600.6947207450867,171,600,0.2446022629737854,
no_warm_start_dense_passing,"[1000, 100, 100, 100, 1]",60351,50,0.5,-0.1267918841163018,-0.124774046242237,17.97356343269348,600.457799911499,213,600,0.2446022629737854,
no_warm_start_dense_passing,"[1000, 100, 100, 100, 1]",24321,50,0.8,-0.0139262676108895,-0.0560534559190273,563.6139726638794,600.6307125091553,243,600,0.2446022629737854,
no_warm_start_dense_passing,"[1000, 100, 100, 100, 1]",12311,50,0.9,-0.125035797940913,-0.1269431561231613,0.7413656711578369,0.7457625865936279,1,600,0.2446022629737854,
no_warm_start_dense_passing,"[1000, 100, 100, 100, 1]",6306,50,0.95,-0.114953765589174,-0.1269431561231613,0.6536314487457275,0.6574523448944092,1,600,0.2446022629737854,
no_warm_start_dense_passing,"[1000, 100, 100, 100, 1]",901,50,0.995,-0.0957310616407535,-0.1269431561231613,0.6103286743164062,0.6126058101654053,1,600,0.2446022629737854,
no_warm_start_dense_passing,"[1000, 100, 100, 100, 1]",421,50,0.999,-0.0905556082725524,-0.1269431561231613,0.6130547523498535,0.6153297424316406,1,600,0.2446022629737854,
no_warm_start_dense_passing,"[1000, 100, 100, 100, 1]",120401,51,0.0,0.0982023022208055,0.0982022732496261,5.660809755325317,600.9556906223297,79,600,0.3834312558174133,
no_warm_start_dense_passing,"[1000, 100, 100, 100, 1]",84371,51,0.3,0.0973147044490399,0.0971914231777191,18.039900302886963,601.569028377533,114,600,0.3834312558174133,
no_warm_start_dense_passing,"[1000, 100, 100, 100, 1]",60351,51,0.5,0.2553963370244232,0.2371442914009094,575.2943556308746,600.9900805950165,112,600,0.3834312558174133,
no_warm_start_dense_passing,"[1000, 100, 100, 100, 1]",24321,51,0.8,0.2547472568629855,0.2041092067956924,475.67582631111145,600.6652171611786,154,600,0.3834312558174133,
no_warm_start_dense_passing,"[1000, 100, 100, 100, 1]",12311,51,0.9,0.0873760231152548,0.0976172983646392,0.4569981098175049,0.4596092700958252,1,600,0.3834312558174133,
no_warm_start_dense_passing,"[1000, 100, 100, 100, 1]",6306,51,0.95,0.0843404091810045,0.0976172983646392,0.5377445220947266,0.5403168201446533,1,600,0.3834312558174133,
no_warm_start_dense_passing,"[1000, 100, 100, 100, 1]",901,51,0.995,0.0656872222069818,0.0976172983646392,0.4357726573944092,0.4376370906829834,1,600,0.3834312558174133,
no_warm_start_dense_passing,"[1000, 100, 100, 100, 1]",421,51,0.999,0.0796639919281005,0.0976172983646392,0.550344705581665,0.5535356998443604,1,600,0.3834312558174133,
no_warm_start_dense_passing,"[1000, 100, 100, 100, 1]",120401,52,0.0,0.0319158206414087,0.0319157652556896,3.850908756256104,600.4942543506622,57,600,0.2136586904525756,
no_warm_start_dense_passing,"[1000, 100, 100, 100, 1]",84371,52,0.3,0.0288736933668297,0.0324257649481296,587.8913328647614,600.9646213054657,115,600,0.2136586904525756,
no_warm_start_dense_passing,"[1000, 100, 100, 100, 1]",60351,52,0.5,0.0361079103498053,0.0405020006000995,426.50704741477966,601.0275228023529,186,600,0.2136586904525756,
no_warm_start_dense_passing,"[1000, 100, 100, 100, 1]",24321,52,0.8,0.1279414033321453,0.0876093283295631,601.0917620658875,601.2454507350922,173,600,0.2136586904525756,
no_warm_start_dense_passing,"[1000, 100, 100, 100, 1]",12311,52,0.9,0.0234368571131161,0.0256759487092494,0.55301833152771,0.5560288429260254,1,600,0.2136586904525756,
no_warm_start_dense_passing,"[1000, 100, 100, 100, 1]",6306,52,0.95,0.0451563286835384,0.0256759487092494,0.8841671943664551,0.8923454284667969,1,600,0.2136586904525756,
no_warm_start_dense_passing,"[1000, 100, 100, 100, 1]",901,52,0.995,0.0724009547901936,0.0256759487092494,0.6343152523040771,1.5108261108398438,2,600,0.2136586904525756,
no_warm_start_dense_passing,"[1000, 100, 100, 100, 1]",421,52,0.999,0.0644005089998245,0.0256759487092494,0.5309710502624512,1.5262813568115234,2,600,0.2136586904525756,
no_warm_start_dense_passing,"[1000, 100, 100, 100, 1]",120401,53,0.0,0.061698831231691,0.0616988316178321,598.672078371048,600.46875,77,600,0.3771585524082184,
no_warm_start_dense_passing,"[1000, 100, 100, 100, 1]",84371,53,0.3,0.0161536864712378,0.0199613496661186,3.273872375488281,600.6367042064667,119,600,0.3771585524082184,
no_warm_start_dense_passing,"[1000, 100, 100, 100, 1]",60351,53,0.5,0.0221034677458567,0.0384411625564098,500.4528875350952,601.423850774765,152,600,0.3771585524082184,
no_warm_start_dense_passing,"[1000, 100, 100, 100, 1]",24321,53,0.8,0.0258171383805705,0.0422227010130882,2.1732423305511475,600.978856086731,43,600,0.3771585524082184,
no_warm_start_dense_passing,"[1000, 100, 100, 100, 1]",12311,53,0.9,0.023020970015314,0.0177214089781045,0.7395987510681152,0.7486369609832764,1,600,0.3771585524082184,
no_warm_start_dense_passing,"[1000, 100, 100, 100, 1]",6306,53,0.95,0.0145171700876125,0.0177214089781045,0.9650893211364746,0.9683475494384766,1,600,0.3771585524082184,
no_warm_start_dense_passing,"[1000, 100, 100, 100, 1]",901,53,0.995,0.0375661840303027,0.0177214089781045,0.53745436668396,0.5408310890197754,1,600,0.3771585524082184,
no_warm_start_dense_passing,"[1000, 100, 100, 100, 1]",421,53,0.999,0.0338393710553646,0.0177214089781045,0.8799700736999512,0.8906512260437012,1,600,0.3771585524082184,
no_warm_start_dense_passing,"[1000, 100, 100, 100, 1]",120401,54,0.0,0.0156671038626964,0.0156670231372118,4.221648693084717,602.3420650959015,12,600,0.5117241144180298,
no_warm_start_dense_passing,"[1000, 100, 100, 100, 1]",84371,54,0.3,0.2879516738308088,0.2879528403282165,498.8595290184021,600.7446403503418,129,600,0.5117241144180298,
no_warm_start_dense_passing,"[1000, 100, 100, 100, 1]",60351,54,0.5,0.0016457578672506,0.0114297214895486,191.38292717933652,601.2089645862579,131,600,0.5117241144180298,
no_warm_start_dense_passing,"[1000, 100, 100, 100, 1]",24321,54,0.8,0.1049559589823303,0.0441647171974182,601.0186674594879,601.2604157924652,72,600,0.5117241144180298,
no_warm_start_dense_passing,"[1000, 100, 100, 100, 1]",12311,54,0.9,0.0131544547525161,0.0029818546026945,0.4301657676696777,0.4334695339202881,1,600,0.5117241144180298,
no_warm_start_dense_passing,"[1000, 100, 100, 100, 1]",6306,54,0.95,-0.0140856060204033,0.0029818546026945,0.4220173358917236,0.4243307113647461,1,600,0.5117241144180298,
no_warm_start_dense_passing,"[1000, 100, 100, 100, 1]",901,54,0.995,-0.0108682371425045,0.0029818546026945,0.4942224025726318,0.4992461204528808,1,600,0.5117241144180298,
no_warm_start_dense_passing,"[1000, 100, 100, 100, 1]",421,54,0.999,-0.0075939181309975,0.0029818546026945,0.9542055130004884,0.9595696926116944,1,600,0.5117241144180298,
no_warm_start_dense_passing,"[1000, 200, 200, 200, 1]",280801,50,0.0,-0.0687315074211809,-0.0687315016984939,580.1416928768158,600.8645083904266,11,600,0.0838531181216239,
no_warm_start_dense_passing,"[1000, 200, 200, 200, 1]",196741,50,0.3,-0.0691634346158899,-0.0689266100525856,84.61526679992676,600.8870849609375,18,600,0.0838531181216239,
no_warm_start_dense_passing,"[1000, 200, 200, 200, 1]",140701,50,0.5,-0.0717082199435743,-0.0728641599416732,64.88855004310608,602.4546427726746,4,600,0.0838531181216239,
no_warm_start_dense_passing,"[1000, 200, 200, 200, 1]",56641,50,0.8,-0.0693648477404291,-0.0692257955670356,34.58733940124512,600.8869185447693,87,600,0.0838531181216239,
no_warm_start_dense_passing,"[1000, 200, 200, 200, 1]",28621,50,0.9,-0.0859755950476522,-0.0707399174571037,1.2649171352386477,1.268153190612793,1,600,0.0838531181216239,
no_warm_start_dense_passing,"[1000, 200, 200, 200, 1]",14611,50,0.95,-0.0684828490856256,-0.0707399174571037,0.9852406978607178,0.9958615303039552,1,600,0.0838531181216239,
no_warm_start_dense_passing,"[1000, 200, 200, 200, 1]",2002,50,0.995,-0.0556750496068127,-0.0707399174571037,1.2144460678100586,1.2169692516326904,1,600,0.0838531181216239,
no_warm_start_dense_passing,"[1000, 200, 200, 200, 1]",881,50,0.999,-0.0585469976067543,-0.0707399174571037,1.2122540473937988,1.214909315109253,1,600,0.0838531181216239,
no_warm_start_dense_passing,"[1000, 200, 200, 200, 1]",280801,51,0.0,0.012748388189141,0.0127483904361724,235.31542944908145,601.2592177391052,10,600,0.2523902952671051,
no_warm_start_dense_passing,"[1000, 200, 200, 200, 1]",196741,51,0.3,0.0118673372350258,0.0129606276750564,179.28058004379272,600.895884513855,10,600,0.2523902952671051,
no_warm_start_dense_passing,"[1000, 200, 200, 200, 1]",140701,51,0.5,0.0131673741285452,0.012179784476757,89.49071526527405,601.2442116737366,22,600,0.2523902952671051,
no_warm_start_dense_passing,"[1000, 200, 200, 200, 1]",56641,51,0.8,0.0227211946636394,0.0236284844577312,232.5373613834381,601.2286324501038,54,600,0.2523902952671051,
no_warm_start_dense_passing,"[1000, 200, 200, 200, 1]",28621,51,0.9,0.0133442151908689,0.0163017436861991,0.9135208129882812,0.92734956741333,1,600,0.2523902952671051,
no_warm_start_dense_passing,"[1000, 200, 200, 200, 1]",14611,51,0.95,0.0254516091662525,0.0163017436861991,1.0867061614990234,1.0932552814483645,1,600,0.2523902952671051,
no_warm_start_dense_passing,"[1000, 200, 200, 200, 1]",2002,51,0.995,0.0263222586363554,0.0163017436861991,0.865142822265625,0.8679590225219727,1,600,0.2523902952671051,
no_warm_start_dense_passing,"[1000, 200, 200, 200, 1]",881,51,0.999,0.0263222586363554,0.0163017436861991,1.0703325271606443,1.0768508911132812,1,600,0.2523902952671051,
no_warm_start_dense_passing,"[1000, 200, 200, 200, 1]",280801,52,0.0,0.0417975227636759,0.0417975112795829,107.9600794315338,600.921345949173,5,600,0.3627238273620605,
no_warm_start_dense_passing,"[1000, 200, 200, 200, 1]",196741,52,0.3,0.044024756374245,0.0437206029891967,81.40408134460449,601.1285998821259,12,600,0.3627238273620605,
no_warm_start_dense_passing,"[1000, 200, 200, 200, 1]",140701,52,0.5,0.0395461447990119,0.0458284579217433,7.589392185211182,601.0989656448364,42,600,0.3627238273620605,
no_warm_start_dense_passing,"[1000, 200, 200, 200, 1]",56641,52,0.8,0.0325830264204073,0.0400265268981456,39.58327031135559,601.3774952888489,83,600,0.3627238273620605,
no_warm_start_dense_passing,"[1000, 200, 200, 200, 1]",28621,52,0.9,0.0386222692726787,0.0419947728514671,0.901832103729248,0.9059903621673584,1,600,0.3627238273620605,
no_warm_start_dense_passing,"[1000, 200, 200, 200, 1]",14611,52,0.95,0.0228830367239613,0.0419947728514671,1.2958946228027344,1.3068766593933103,1,600,0.3627238273620605,
no_warm_start_dense_passing,"[1000, 200, 200, 200, 1]",2002,52,0.995,0.0106160334335786,0.0419947728514671,1.3531649112701416,1.364652395248413,1,600,0.3627238273620605,
no_warm_start_dense_passing,"[1000, 200, 200, 200, 1]",881,52,0.999,0.0057698278687894,0.0419947728514671,1.9193854331970213,1.9231317043304443,1,600,0.3627238273620605,
no_warm_start_dense_passing,"[1000, 200, 200, 200, 1]",280801,53,0.0,0.0239472324941857,0.0239472333341836,89.56141257286072,601.1481869220734,12,600,0.4164232611656189,
no_warm_start_dense_passing,"[1000, 200, 200, 200, 1]",196741,53,0.3,0.0263521087729435,0.0275120846927166,79.823171377182,600.9203372001648,15,600,0.4164232611656189,
no_warm_start_dense_passing,"[1000, 200, 200, 200, 1]",140701,53,0.5,0.0237707397116453,0.0208373181521892,64.87083983421326,601.2647709846497,28,600,0.4164232611656189,
no_warm_start_dense_passing,"[1000, 200, 200, 200, 1]",56641,53,0.8,0.0263266986410682,0.0300259031355381,40.83772039413452,601.2318825721741,33,600,0.4164232611656189,
no_warm_start_dense_passing,"[1000, 200, 200, 200, 1]",28621,53,0.9,0.0251884395649703,0.0230809319764375,1.2949857711791992,1.2980751991271973,1,600,0.4164232611656189,
no_warm_start_dense_passing,"[1000, 200, 200, 200, 1]",14611,53,0.95,0.0247632410514895,0.0230809319764375,1.7690627574920654,1.7809622287750244,1,600,0.4164232611656189,
no_warm_start_dense_passing,"[1000, 200, 200, 200, 1]",2002,53,0.995,0.0212413296103477,0.0230809319764375,1.9284746646881104,1.9403932094573972,1,600,0.4164232611656189,
no_warm_start_dense_passing,"[1000, 200, 200, 200, 1]",881,53,0.999,0.0212413296103477,0.0230809319764375,1.7773282527923584,1.790361404418945,1,600,0.4164232611656189,
no_warm_start_dense_passing,"[1000, 200, 200, 200, 1]",280801,54,0.0,0.0639126464533643,0.0639126002788543,103.15951561927795,601.3053722381592,12,600,0.3116093873977661,
no_warm_start_dense_passing,"[1000, 200, 200, 200, 1]",196741,54,0.3,0.0649986441823372,0.0624348260462284,88.11329436302185,600.8680665493011,12,600,0.3116093873977661,
no_warm_start_dense_passing,"[1000, 200, 200, 200, 1]",140701,54,0.5,0.0654721543370786,0.0617186725139617,122.60251474380492,601.7922124862671,12,600,0.3116093873977661,
no_warm_start_dense_passing,"[1000, 200, 200, 200, 1]",56641,54,0.8,0.0597672903309323,0.0644084215164184,184.61334800720212,600.9901194572449,6,600,0.3116093873977661,
no_warm_start_dense_passing,"[1000, 200, 200, 200, 1]",28621,54,0.9,0.0564458219756992,0.0626580268144607,1.953108787536621,1.9574544429779053,1,600,0.3116093873977661,
no_warm_start_dense_passing,"[1000, 200, 200, 200, 1]",14611,54,0.95,0.0618065638676092,0.0626580268144607,0.8718163967132568,0.8747501373291016,1,600,0.3116093873977661,
no_warm_start_dense_passing,"[1000, 200, 200, 200, 1]",2002,54,0.995,0.0635954867371276,0.0626580268144607,1.8846549987792969,1.8944339752197263,1,600,0.3116093873977661,
no_warm_start_dense_passing,"[1000, 200, 200, 200, 1]",881,54,0.999,0.0644143772259829,0.0626580268144607,1.7507736682891846,1.7543470859527588,1,600,0.3116093873977661,
no_warm_start_dense_passing,"[1000, 50, 50, 50, 50, 1]",57751,50,0.0,-0.0760056483368649,-0.0760062113404274,4.629365921020508,600.9940123558044,45,600,0.1794787943363189,
no_warm_start_dense_passing,"[1000, 50, 50, 50, 50, 1]",40486,50,0.3,-0.070982896548328,-0.0726996734738349,439.1921956539154,600.6502726078033,365,600,0.1794787943363189,
no_warm_start_dense_passing,"[1000, 50, 50, 50, 50, 1]",28976,50,0.5,-0.0716346546985946,-0.0725269541144371,223.84523177146912,600.7487695217133,308,600,0.1794787943363189,
no_warm_start_dense_passing,"[1000, 50, 50, 50, 50, 1]",11711,50,0.8,-0.0773542094542724,-0.0665282681584358,66.48123812675476,601.7575006484985,142,600,0.1794787943363189,
no_warm_start_dense_passing,"[1000, 50, 50, 50, 50, 1]",5956,50,0.9,-0.0781028731060373,-0.0747703611850738,0.4324812889099121,0.4348182678222656,1,600,0.1794787943363189,
no_warm_start_dense_passing,"[1000, 50, 50, 50, 50, 1]",3079,50,0.95,-0.1003042106944367,-0.0747703611850738,0.300945520401001,0.3032271862030029,1,600,0.1794787943363189,
no_warm_start_dense_passing,"[1000, 50, 50, 50, 50, 1]",489,50,0.995,-0.1268604249615339,-0.0747703611850738,0.5276494026184082,0.5299460887908936,1,600,0.1794787943363189,
no_warm_start_dense_passing,"[1000, 50, 50, 50, 50, 1]",259,50,0.999,-0.1405627429485321,-0.0747703611850738,0.4117710590362549,0.414517879486084,1,600,0.1794787943363189,
no_warm_start_dense_passing,"[1000, 50, 50, 50, 50, 1]",57751,51,0.0,-0.0318582723532234,-0.0318582765758037,466.1040155887604,600.5061483383179,150,600,0.0809524804353714,
no_warm_start_dense_passing,"[1000, 50, 50, 50, 50, 1]",40486,51,0.3,-0.0217451105904646,-0.0214376226067543,538.4947688579559,600.5625817775726,177,600,0.0809524804353714,
no_warm_start_dense_passing,"[1000, 50, 50, 50, 50, 1]",28976,51,0.5,-0.0236313524104084,-0.0111127980053424,477.2155253887177,600.7396395206451,283,600,0.0809524804353714,
no_warm_start_dense_passing,"[1000, 50, 50, 50, 50, 1]",11711,51,0.8,-0.0336506127564827,-0.0316185392439365,201.0557606220245,600.5497179031372,247,600,0.0809524804353714,
no_warm_start_dense_passing,"[1000, 50, 50, 50, 50, 1]",5956,51,0.9,-0.0358545040877209,-0.0319682769477367,0.4058053493499756,0.4085383415222168,1,600,0.0809524804353714,
no_warm_start_dense_passing,"[1000, 50, 50, 50, 50, 1]",3079,51,0.95,-0.0211166060119721,-0.0319682769477367,0.3023784160614013,0.3103337287902832,1,600,0.0809524804353714,
no_warm_start_dense_passing,"[1000, 50, 50, 50, 50, 1]",489,51,0.995,-0.0507038567157543,-0.0319682769477367,0.3757836818695068,0.3789927959442138,1,600,0.0809524804353714,
no_warm_start_dense_passing,"[1000, 50, 50, 50, 50, 1]",259,51,0.999,-0.0414674766361713,-0.0319682769477367,0.3945426940917969,0.3973987102508545,1,600,0.0809524804353714,
no_warm_start_dense_passing,"[1000, 50, 50, 50, 50, 1]",57751,52,0.0,-0.0060892034434496,-0.0060892100445926,520.1937119960785,600.5792934894562,163,600,0.0868701115250587,
no_warm_start_dense_passing,"[1000, 50, 50, 50, 50, 1]",40486,52,0.3,-0.0107480884560655,-0.0108955278992652,383.8250148296356,600.5302431583405,243,600,0.0868701115250587,
no_warm_start_dense_passing,"[1000, 50, 50, 50, 50, 1]",28976,52,0.5,-0.0075269361142737,-0.0063244118355214,384.6352362632752,600.4821796417236,571,600,0.0868701115250587,
no_warm_start_dense_passing,"[1000, 50, 50, 50, 50, 1]",11711,52,0.8,-0.0126469618668518,-0.0168166905641555,0.7718226909637451,600.7918558120728,171,600,0.0868701115250587,
no_warm_start_dense_passing,"[1000, 50, 50, 50, 50, 1]",5956,52,0.9,-0.0122186924855348,-0.0138385202735662,0.3731424808502197,0.3765347003936767,1,600,0.0868701115250587,
no_warm_start_dense_passing,"[1000, 50, 50, 50, 50, 1]",3079,52,0.95,0.0134413508662577,-0.0138385202735662,0.3022646903991699,0.3041281700134277,1,600,0.0868701115250587,
no_warm_start_dense_passing,"[1000, 50, 50, 50, 50, 1]",489,52,0.995,-0.0042021083645522,-0.0138385202735662,0.4245209693908691,0.4302799701690674,1,600,0.0868701115250587,
no_warm_start_dense_passing,"[1000, 50, 50, 50, 50, 1]",259,52,0.999,-0.0042021083645522,-0.0138385202735662,0.4115159511566162,0.4145538806915283,1,600,0.0868701115250587,
no_warm_start_dense_passing,"[1000, 50, 50, 50, 50, 1]",57751,53,0.0,0.0400393130598714,0.0400392860174179,451.2638709545136,600.6002414226532,383,600,0.0118374079465866,
no_warm_start_dense_passing,"[1000, 50, 50, 50, 50, 1]",40486,53,0.3,-0.0141644567136039,-0.0099971815943717,500.45279335975647,600.3262803554535,504,600,0.0118374079465866,
no_warm_start_dense_passing,"[1000, 50, 50, 50, 50, 1]",28976,53,0.5,-0.0295998388756545,-0.03381909430027,264.9686872959137,600.4976916313171,925,600,0.0118374079465866,
no_warm_start_dense_passing,"[1000, 50, 50, 50, 50, 1]",11711,53,0.8,-0.0460895428775782,-0.0504717417061328,596.4174182415009,600.5188949108124,595,600,0.0118374079465866,
no_warm_start_dense_passing,"[1000, 50, 50, 50, 50, 1]",5956,53,0.9,-0.0938482587414992,-0.0921617746353149,0.4701008796691894,0.4726583957672119,1,600,0.0118374079465866,
no_warm_start_dense_passing,"[1000, 50, 50, 50, 50, 1]",3079,53,0.95,-0.0778139818036612,-0.0921617746353149,0.2828090190887451,0.2845468521118164,1,600,0.0118374079465866,
no_warm_start_dense_passing,"[1000, 50, 50, 50, 50, 1]",489,53,0.995,-0.0631615865368453,-0.0921617746353149,0.2846240997314453,0.2876756191253662,1,600,0.0118374079465866,
no_warm_start_dense_passing,"[1000, 50, 50, 50, 50, 1]",259,53,0.999,-0.0734219849109649,-0.0921617746353149,0.5819425582885742,0.5849466323852539,1,600,0.0118374079465866,
no_warm_start_dense_passing,"[1000, 50, 50, 50, 50, 1]",57751,54,0.0,0.2723944038621514,0.2723943889141083,401.1211657524109,600.4028282165527,418,600,0.2661451697349548,
no_warm_start_dense_passing,"[1000, 50, 50, 50, 50, 1]",40486,54,0.3,0.254505145971219,0.2597518563270569,458.9178738594055,600.7364196777344,240,600,0.2661451697349548,
no_warm_start_dense_passing,"[1000, 50, 50, 50, 50, 1]",28976,54,0.5,0.2594200700650238,0.2612573206424713,425.6254184246063,600.5713043212891,397,600,0.2661451697349548,
no_warm_start_dense_passing,"[1000, 50, 50, 50, 50, 1]",11711,54,0.8,0.1779086612752989,0.1900691092014312,585.4823725223541,600.4945130348206,603,600,0.2661451697349548,
no_warm_start_dense_passing,"[1000, 50, 50, 50, 50, 1]",5956,54,0.9,0.1024904058331451,0.0979266241192817,0.6686880588531494,0.6732094287872314,1,600,0.2661451697349548,
no_warm_start_dense_passing,"[1000, 50, 50, 50, 50, 1]",3079,54,0.95,0.1227616443118386,0.0979266241192817,0.6047060489654541,0.6106500625610352,1,600,0.2661451697349548,
no_warm_start_dense_passing,"[1000, 50, 50, 50, 50, 1]",489,54,0.995,0.1086745674670158,0.0979266241192817,0.687744140625,0.6922695636749268,1,600,0.2661451697349548,
no_warm_start_dense_passing,"[1000, 50, 50, 50, 50, 1]",259,54,0.999,0.1084832261445688,0.0979266241192817,0.5901226997375488,0.5931205749511719,1,600,0.2661451697349548,
no_warm_start_dense_passing,"[1000, 100, 100, 100, 100, 1]",130501,50,0.0,0.037654400123061,0.0376544035971164,55.77269864082336,604.6770987510681,4,600,0.0943261533975601,
no_warm_start_dense_passing,"[1000, 100, 100, 100, 100, 1]",91471,50,0.3,0.0419679591272915,0.039276048541069,40.30102491378784,601.3328855037689,83,600,0.0943261533975601,
no_warm_start_dense_passing,"[1000, 100, 100, 100, 100, 1]",65451,50,0.5,0.0434316259557128,0.0415108427405357,33.66554117202759,601.4127128124237,3,600,0.0943261533975601,
no_warm_start_dense_passing,"[1000, 100, 100, 100, 100, 1]",26421,50,0.8,0.0405550960952589,0.0420817360281944,138.9839174747467,601.2507410049438,193,600,0.0943261533975601,
no_warm_start_dense_passing,"[1000, 100, 100, 100, 100, 1]",13411,50,0.9,0.0518206313898181,0.0390168391168117,0.5865533351898193,0.5886497497558594,1,600,0.0943261533975601,
no_warm_start_dense_passing,"[1000, 100, 100, 100, 100, 1]",6906,50,0.95,0.0249819296389665,0.0390168391168117,0.8373217582702637,0.8400824069976807,1,600,0.0943261533975601,
no_warm_start_dense_passing,"[1000, 100, 100, 100, 100, 1]",1051,50,0.995,0.0167577666377061,0.0390168391168117,0.8100728988647461,0.8207530975341797,1,600,0.0943261533975601,
no_warm_start_dense_passing,"[1000, 100, 100, 100, 100, 1]",531,50,0.999,0.0098029986115314,0.0390168391168117,0.8130269050598145,0.8154535293579102,1,600,0.0943261533975601,
no_warm_start_dense_passing,"[1000, 100, 100, 100, 100, 1]",130501,51,0.0,0.1015741943421277,0.1015741974115371,9.851724863052368,600.9033629894257,2,600,0.2318649888038635,
no_warm_start_dense_passing,"[1000, 100, 100, 100, 100, 1]",91471,51,0.3,0.1031804428823266,0.1034059897065162,28.556289196014404,601.0360412597656,10,600,0.2318649888038635,
no_warm_start_dense_passing,"[1000, 100, 100, 100, 100, 1]",65451,51,0.5,0.1015633331729708,0.1020171046257019,7.51772403717041,600.857706785202,18,600,0.2318649888038635,
no_warm_start_dense_passing,"[1000, 100, 100, 100, 100, 1]",26421,51,0.8,0.0994040756028487,0.1009123921394348,342.77060198783875,600.834394454956,32,600,0.2318649888038635,
no_warm_start_dense_passing,"[1000, 100, 100, 100, 100, 1]",13411,51,0.9,0.1056512640933057,0.1013369262218475,0.729886531829834,0.7322990894317627,1,600,0.2318649888038635,
no_warm_start_dense_passing,"[1000, 100, 100, 100, 100, 1]",6906,51,0.95,0.1145203940150057,0.1013369262218475,0.8399066925048828,0.8447229862213135,1,600,0.2318649888038635,
no_warm_start_dense_passing,"[1000, 100, 100, 100, 100, 1]",1051,51,0.995,0.0733256376262887,0.1013369262218475,0.679786205291748,0.684882640838623,1,600,0.2318649888038635,
no_warm_start_dense_passing,"[1000, 100, 100, 100, 100, 1]",531,51,0.999,0.0574095914782435,0.1013369262218475,0.7319643497467041,0.7408101558685303,1,600,0.2318649888038635,
no_warm_start_dense_passing,"[1000, 100, 100, 100, 100, 1]",130501,52,0.0,0.0075832154441299,0.0075832139700651,174.1965253353119,600.7753088474274,60,600,0.1045170873403549,
no_warm_start_dense_passing,"[1000, 100, 100, 100, 100, 1]",91471,52,0.3,0.0051240286921442,0.0044043771922588,458.152163028717,601.0431609153748,62,600,0.1045170873403549,
no_warm_start_dense_passing,"[1000, 100, 100, 100, 100, 1]",65451,52,0.5,-inf,-inf,,600.9485144615173,0,600,0.1045170873403549,
no_warm_start_dense_passing,"[1000, 100, 100, 100, 100, 1]",26421,52,0.8,0.006646869663598,0.0054667852818965,6.262402057647705,600.794148683548,301,600,0.1045170873403549,
no_warm_start_dense_passing,"[1000, 100, 100, 100, 100, 1]",13411,52,0.9,0.0209513573427185,0.0017805155366659,0.7336792945861816,0.7363278865814209,1,600,0.1045170873403549,
no_warm_start_dense_passing,"[1000, 100, 100, 100, 100, 1]",6906,52,0.95,0.0412035417162323,0.0017805155366659,0.6942989826202393,0.7038159370422363,1,600,0.1045170873403549,
no_warm_start_dense_passing,"[1000, 100, 100, 100, 100, 1]",1051,52,0.995,0.0202823741709106,0.0017805155366659,0.9121196269989014,2.353809118270874,2,600,0.1045170873403549,
no_warm_start_dense_passing,"[1000, 100, 100, 100, 100, 1]",531,52,0.999,0.0262991228137545,0.0017805155366659,0.8042283058166504,1.5298738479614258,2,600,0.1045170873403549,
no_warm_start_dense_passing,"[1000, 100, 100, 100, 100, 1]",130501,53,0.0,-0.1057133648160659,-0.1057133823633194,38.00646448135376,601.0893878936768,53,600,0.0198813304305076,
no_warm_start_dense_passing,"[1000, 100, 100, 100, 100, 1]",91471,53,0.3,-0.0967701125818599,-0.0979145318269729,32.84403681755066,601.239013671875,34,600,0.0198813304305076,
no_warm_start_dense_passing,"[1000, 100, 100, 100, 100, 1]",65451,53,0.5,-0.1027743835488696,-0.1051659286022186,24.35794758796692,600.7540431022644,15,600,0.0198813304305076,
no_warm_start_dense_passing,"[1000, 100, 100, 100, 100, 1]",26421,53,0.8,-0.0888943208757093,-0.1033400893211364,26.463083505630493,600.8428919315338,180,600,0.0198813304305076,
no_warm_start_dense_passing,"[1000, 100, 100, 100, 100, 1]",13411,53,0.9,-0.07611664969694,-0.102373719215393,0.5702900886535645,0.5761442184448242,1,600,0.0198813304305076,
no_warm_start_dense_passing,"[1000, 100, 100, 100, 100, 1]",6906,53,0.95,-0.0610187143579337,-0.102373719215393,0.8605761528015137,0.8634941577911377,1,600,0.0198813304305076,
no_warm_start_dense_passing,"[1000, 100, 100, 100, 100, 1]",1051,53,0.995,-0.0528484703917855,-0.102373719215393,0.5606982707977295,1.0773217678070068,2,600,0.0198813304305076,
no_warm_start_dense_passing,"[1000, 100, 100, 100, 100, 1]",531,53,0.999,-0.0470019578933715,-0.102373719215393,0.5835022926330566,0.5854978561401367,1,600,0.0198813304305076,
no_warm_start_dense_passing,"[1000, 100, 100, 100, 100, 1]",130501,54,0.0,0.1117065691599128,0.1117065697908401,42.41277289390564,600.6229302883148,52,600,0.2783718407154083,
no_warm_start_dense_passing,"[1000, 100, 100, 100, 100, 1]",91471,54,0.3,0.112328109223869,0.112787552177906,8.275168657302856,601.241289138794,10,600,0.2783718407154083,
no_warm_start_dense_passing,"[1000, 100, 100, 100, 100, 1]",65451,54,0.5,-inf,-inf,,600.8000597953796,0,600,0.2783718407154083,
no_warm_start_dense_passing,"[1000, 100, 100, 100, 100, 1]",26421,54,0.8,0.1111279537713259,0.1178476512432098,278.94276690483093,600.6168565750122,183,600,0.2783718407154083,
no_warm_start_dense_passing,"[1000, 100, 100, 100, 100, 1]",13411,54,0.9,0.1040121620807669,0.1116188168525695,1.257958173751831,1.270270586013794,1,600,0.2783718407154083,
no_warm_start_dense_passing,"[1000, 100, 100, 100, 100, 1]",6906,54,0.95,0.0862711937149143,0.1116188168525695,1.1907057762145996,1.1943323612213137,1,600,0.2783718407154083,
no_warm_start_dense_passing,"[1000, 100, 100, 100, 100, 1]",1051,54,0.995,0.0731761381030082,0.1116188168525695,1.2920985221862793,1.3036084175109863,1,600,0.2783718407154083,
no_warm_start_dense_passing,"[1000, 100, 100, 100, 100, 1]",531,54,0.999,0.0731761381030082,0.1116188168525695,1.177483081817627,1.181760549545288,1,600,0.2783718407154083,
no_warm_start_dense_passing,"[1000, 200, 200, 200, 200, 1]",321001,50,0.0,-0.0062846820915295,-0.006284681148827,246.62142372131348,603.2331817150116,2,600,0.0474319234490394,
no_warm_start_dense_passing,"[1000, 200, 200, 200, 200, 1]",224941,50,0.3,-0.0034933481977639,-0.0056524658575654,200.0396649837494,602.6644465923309,8,600,0.0474319234490394,
no_warm_start_dense_passing,"[1000, 200, 200, 200, 200, 1]",160901,50,0.5,-inf,-inf,,603.0207962989807,0,600,0.0474319234490394,
no_warm_start_dense_passing,"[1000, 200, 200, 200, 200, 1]",64841,50,0.8,-0.0027744009694868,-0.0059654703363776,2.439027070999145,2.445546865463257,1,600,0.0474319234490394,
no_warm_start_dense_passing,"[1000, 200, 200, 200, 200, 1]",32821,50,0.9,0.0099343633413873,-0.0059654703363776,2.35679030418396,2.3603289127349854,1,600,0.0474319234490394,
no_warm_start_dense_passing,"[1000, 200, 200, 200, 200, 1]",16811,50,0.95,0.0177814802676915,-0.0059654703363776,1.1651592254638672,1.1676678657531738,1,600,0.0474319234490394,
no_warm_start_dense_passing,"[1000, 200, 200, 200, 200, 1]",2402,50,0.995,0.0140070421621203,-0.0059654703363776,1.6079092025756836,1.6107795238494873,1,600,0.0474319234490394,
no_warm_start_dense_passing,"[1000, 200, 200, 200, 200, 1]",1121,50,0.999,0.0140070421621203,-0.0059654703363776,1.6159052848815918,1.6188411712646484,1,600,0.0474319234490394,
no_warm_start_dense_passing,"[1000, 200, 200, 200, 200, 1]",321001,51,0.0,0.0775863466757565,0.0775863453745842,140.33377289772034,601.6723568439484,2,600,0.111912578344345,
no_warm_start_dense_passing,"[1000, 200, 200, 200, 200, 1]",224941,51,0.3,0.0732601985436688,0.0726821422576904,176.70227575302124,602.4716668128967,4,600,0.111912578344345,
no_warm_start_dense_passing,"[1000, 200, 200, 200, 200, 1]",160901,51,0.5,0.0774864930415522,0.0781082361936569,368.3604550361633,601.2328588962555,11,600,0.111912578344345,
no_warm_start_dense_passing,"[1000, 200, 200, 200, 200, 1]",64841,51,0.8,0.0757029416326037,0.0771670192480087,1.8068842887878416,1.8202261924743648,1,600,0.111912578344345,
no_warm_start_dense_passing,"[1000, 200, 200, 200, 200, 1]",32821,51,0.9,0.0803433669863527,0.0771670192480087,1.652526617050171,1.656259059906006,1,600,0.111912578344345,
no_warm_start_dense_passing,"[1000, 200, 200, 200, 200, 1]",16811,51,0.95,0.0726325509914378,0.0771670192480087,1.6356244087219238,1.6388065814971924,1,600,0.111912578344345,
no_warm_start_dense_passing,"[1000, 200, 200, 200, 200, 1]",2402,51,0.995,0.0656818428958246,0.0771670192480087,1.6306641101837158,1.6419527530670166,1,600,0.111912578344345,
no_warm_start_dense_passing,"[1000, 200, 200, 200, 200, 1]",1121,51,0.999,0.0646616976922596,0.0771670192480087,1.404829502105713,1.4080615043640137,1,600,0.111912578344345,
no_warm_start_dense_passing,"[1000, 200, 200, 200, 200, 1]",321001,52,0.0,0.0416561253823601,0.0416561253368854,3.9653167724609375,601.4367837905884,5,600,0.1206566169857978,
no_warm_start_dense_passing,"[1000, 200, 200, 200, 200, 1]",224941,52,0.3,0.0376014178227294,0.0382280871272087,314.2524244785309,601.679500579834,3,600,0.1206566169857978,
no_warm_start_dense_passing,"[1000, 200, 200, 200, 200, 1]",160901,52,0.5,-inf,-inf,,601.899605512619,0,600,0.1206566169857978,
no_warm_start_dense_passing,"[1000, 200, 200, 200, 200, 1]",64841,52,0.8,0.0473651655992998,0.0411163568496704,1.7268056869506836,1.7302942276000977,1,600,0.1206566169857978,
no_warm_start_dense_passing,"[1000, 200, 200, 200, 200, 1]",32821,52,0.9,0.048919457645,0.0411163568496704,1.178955316543579,1.1817703247070312,1,600,0.1206566169857978,
no_warm_start_dense_passing,"[1000, 200, 200, 200, 200, 1]",16811,52,0.95,0.0566633190912263,0.0411163568496704,1.417489528656006,1.4201419353485107,1,600,0.1206566169857978,
no_warm_start_dense_passing,"[1000, 200, 200, 200, 200, 1]",2402,52,0.995,0.0556197930105895,0.0411163568496704,1.6217191219329834,1.6249606609344482,1,600,0.1206566169857978,
no_warm_start_dense_passing,"[1000, 200, 200, 200, 200, 1]",1121,52,0.999,0.0544376373291015,0.0411163568496704,1.1491210460662842,1.1577186584472656,1,600,0.1206566169857978,
no_warm_start_dense_passing,"[1000, 200, 200, 200, 200, 1]",321001,53,0.0,-0.0900917807710628,-0.0900917798280716,71.600754737854,601.4423093795776,8,600,0.018494538962841,
no_warm_start_dense_passing,"[1000, 200, 200, 200, 200, 1]",224941,53,0.3,-0.0880373144768926,-0.0882590636610984,138.85387873649597,601.6900627613068,4,600,0.018494538962841,
no_warm_start_dense_passing,"[1000, 200, 200, 200, 200, 1]",160901,53,0.5,-inf,-inf,,601.2597737312317,0,600,0.018494538962841,
no_warm_start_dense_passing,"[1000, 200, 200, 200, 200, 1]",64841,53,0.8,-0.0870886836207467,-0.08873051404953,1.4928526878356934,1.4975132942199707,1,600,0.018494538962841,
no_warm_start_dense_passing,"[1000, 200, 200, 200, 200, 1]",32821,53,0.9,-0.0650031558470513,-0.08873051404953,1.72951340675354,1.735579013824463,1,600,0.018494538962841,
no_warm_start_dense_passing,"[1000, 200, 200, 200, 200, 1]",16811,53,0.95,-0.0581968788141891,-0.08873051404953,1.1868057250976562,1.1989803314208984,1,600,0.018494538962841,
no_warm_start_dense_passing,"[1000, 200, 200, 200, 200, 1]",2402,53,0.995,-0.0623892373147384,-0.08873051404953,1.6173243522644043,1.6200976371765137,1,600,0.018494538962841,
no_warm_start_dense_passing,"[1000, 200, 200, 200, 200, 1]",1121,53,0.999,-0.0664700670396335,-0.08873051404953,1.4263536930084229,1.4386732578277588,1,600,0.018494538962841,
no_warm_start_dense_passing,"[1000, 200, 200, 200, 200, 1]",321001,54,0.0,-inf,-inf,,602.2786803245544,0,600,0.1407157778739929,
no_warm_start_dense_passing,"[1000, 200, 200, 200, 200, 1]",224941,54,0.3,-inf,-inf,,601.394855260849,0,600,0.1407157778739929,
no_warm_start_dense_passing,"[1000, 200, 200, 200, 200, 1]",160901,54,0.5,0.0003100422686057,0.0106790317222476,140.18213820457458,602.2524738311768,5,600,0.1407157778739929,
no_warm_start_dense_passing,"[1000, 200, 200, 200, 200, 1]",64841,54,0.8,-0.0057572495625449,0.0013785255141556,1.722156047821045,1.725646734237671,1,600,0.1407157778739929,
no_warm_start_dense_passing,"[1000, 200, 200, 200, 200, 1]",32821,54,0.9,-0.0060236868066743,0.0013785255141556,1.322749137878418,1.3335702419281006,1,600,0.1407157778739929,
no_warm_start_dense_passing,"[1000, 200, 200, 200, 200, 1]",16811,54,0.95,0.0019490473357549,0.0013785255141556,1.880439281463623,1.8946616649627688,1,600,0.1407157778739929,
no_warm_start_dense_passing,"[1000, 200, 200, 200, 200, 1]",2402,54,0.995,-0.003886969056609,0.0013785255141556,1.186889886856079,1.1985845565795898,1,600,0.1407157778739929,
no_warm_start_dense_passing,"[1000, 200, 200, 200, 200, 1]",1121,54,0.999,-0.0029781470075249,0.0013785255141556,1.4135355949401855,1.4164512157440186,1,600,0.1407157778739929,
no_warm_start_dense_passing,"[1000, 50, 50, 50, 50, 50, 1]",60301,50,0.0,0.0568295254883878,0.0568295270204544,118.63586401939392,600.6426746845245,9,600,0.0583840310573577,
no_warm_start_dense_passing,"[1000, 50, 50, 50, 50, 50, 1]",42286,50,0.3,0.0565985928037534,0.0572562217712402,282.85997343063354,600.5661051273346,171,600,0.0583840310573577,
no_warm_start_dense_passing,"[1000, 50, 50, 50, 50, 50, 1]",30276,50,0.5,0.0532132803129543,0.054600715637207,312.84624004364014,600.6221063137054,218,600,0.0583840310573577,
no_warm_start_dense_passing,"[1000, 50, 50, 50, 50, 50, 1]",12261,50,0.8,0.0526590295096917,0.0545299053192138,591.0693941116333,600.6370618343353,85,600,0.0583840310573577,
no_warm_start_dense_passing,"[1000, 50, 50, 50, 50, 50, 1]",6256,50,0.9,0.0708811411583341,0.0544245094060897,0.4620938301086426,0.4662230014801025,1,600,0.0583840310573577,
no_warm_start_dense_passing,"[1000, 50, 50, 50, 50, 50, 1]",3253,50,0.95,0.0728370098366372,0.0544245094060897,0.7670159339904785,0.7701570987701416,1,600,0.0583840310573577,
no_warm_start_dense_passing,"[1000, 50, 50, 50, 50, 50, 1]",551,50,0.995,0.1363863790792196,0.0544245094060897,0.8182699680328369,0.8218472003936768,1,600,0.0583840310573577,
no_warm_start_dense_passing,"[1000, 50, 50, 50, 50, 50, 1]",311,50,0.999,0.1360966116189956,0.0544245094060897,0.738243818283081,0.7410416603088379,1,600,0.0583840310573577,
no_warm_start_dense_passing,"[1000, 50, 50, 50, 50, 50, 1]",60301,51,0.0,0.1249803004825695,0.1249794736504554,81.78733611106873,600.5983724594116,14,600,0.2003963887691497,
no_warm_start_dense_passing,"[1000, 50, 50, 50, 50, 50, 1]",42286,51,0.3,0.1215305865521934,0.1216894909739494,19.967023849487305,602.5731737613678,64,600,0.2003963887691497,
no_warm_start_dense_passing,"[1000, 50, 50, 50, 50, 50, 1]",30276,51,0.5,0.123618197624047,0.1244862079620361,507.5467813014984,600.9191601276398,127,600,0.2003963887691497,
no_warm_start_dense_passing,"[1000, 50, 50, 50, 50, 50, 1]",12261,51,0.8,0.1261161949756692,0.1256819665431976,119.45186853408812,600.9037492275238,33,600,0.2003963887691497,
no_warm_start_dense_passing,"[1000, 50, 50, 50, 50, 50, 1]",6256,51,0.9,0.1052165253876875,0.1220296844840049,0.5332643985748291,0.5364141464233398,1,600,0.2003963887691497,
no_warm_start_dense_passing,"[1000, 50, 50, 50, 50, 50, 1]",3253,51,0.95,0.1012194503320353,0.1220296844840049,0.7608249187469482,0.7643907070159912,1,600,0.2003963887691497,
no_warm_start_dense_passing,"[1000, 50, 50, 50, 50, 50, 1]",551,51,0.995,0.128884270787239,0.1220296844840049,0.5268476009368896,0.532257080078125,1,600,0.2003963887691497,
no_warm_start_dense_passing,"[1000, 50, 50, 50, 50, 50, 1]",311,51,0.999,0.128884270787239,0.1220296844840049,0.6207852363586426,0.6240384578704834,1,600,0.2003963887691497,
no_warm_start_dense_passing,"[1000, 50, 50, 50, 50, 50, 1]",60301,52,0.0,-0.0600238260528305,-0.0600241534411907,134.36919832229614,600.9301207065582,10,600,-0.0449931882321834,
no_warm_start_dense_passing,"[1000, 50, 50, 50, 50, 50, 1]",42286,52,0.3,-0.063188267449183,-0.0645782873034477,11.559840440750122,600.9239771366119,93,600,-0.0449931882321834,
no_warm_start_dense_passing,"[1000, 50, 50, 50, 50, 50, 1]",30276,52,0.5,-0.0625877852890824,-0.0634921342134475,348.37143778800964,601.6209983825684,140,600,-0.0449931882321834,
no_warm_start_dense_passing,"[1000, 50, 50, 50, 50, 50, 1]",12261,52,0.8,-0.0479863331136151,-0.0620417110621929,457.72150707244873,600.6261594295502,580,600,-0.0449931882321834,
no_warm_start_dense_passing,"[1000, 50, 50, 50, 50, 50, 1]",6256,52,0.9,-0.0442752506273858,-0.0647731274366378,0.5454158782958984,0.5478811264038086,1,600,-0.0449931882321834,
no_warm_start_dense_passing,"[1000, 50, 50, 50, 50, 50, 1]",3253,52,0.95,-0.0660375861826124,-0.0647731274366378,0.5265181064605713,0.5291805267333984,1,600,-0.0449931882321834,
no_warm_start_dense_passing,"[1000, 50, 50, 50, 50, 50, 1]",551,52,0.995,-0.0859972238540649,-0.0647731274366378,0.536168098449707,0.5388331413269043,1,600,-0.0449931882321834,
no_warm_start_dense_passing,"[1000, 50, 50, 50, 50, 50, 1]",311,52,0.999,-0.0859972238540649,-0.0647731274366378,0.5174782276153564,0.5205869674682617,1,600,-0.0449931882321834,
no_warm_start_dense_passing,"[1000, 50, 50, 50, 50, 50, 1]",60301,53,0.0,-0.1313939520817645,-0.1313939541578292,126.07471108436584,600.7179939746857,12,600,-0.1238186433911323,
no_warm_start_dense_passing,"[1000, 50, 50, 50, 50, 50, 1]",42286,53,0.3,-0.1282898033655621,-0.1285929083824157,583.3719511032104,600.6876072883606,180,600,-0.1238186433911323,
no_warm_start_dense_passing,"[1000, 50, 50, 50, 50, 50, 1]",30276,53,0.5,-0.1302071681158004,-0.1299681365489959,594.3167431354523,600.9352579116821,117,600,-0.1238186433911323,
no_warm_start_dense_passing,"[1000, 50, 50, 50, 50, 50, 1]",12261,53,0.8,-0.1296280855104704,-0.1315968930721283,1.687502384185791,600.5586597919464,760,600,-0.1238186433911323,
no_warm_start_dense_passing,"[1000, 50, 50, 50, 50, 50, 1]",6256,53,0.9,-0.125641875031796,-0.1316414326429367,0.3773844242095947,0.3795206546783447,1,600,-0.1238186433911323,
no_warm_start_dense_passing,"[1000, 50, 50, 50, 50, 50, 1]",3253,53,0.95,-0.1527528118056517,-0.1316414326429367,0.4751238822937011,0.4778563976287842,1,600,-0.1238186433911323,
no_warm_start_dense_passing,"[1000, 50, 50, 50, 50, 50, 1]",551,53,0.995,-0.124919569292479,-0.1316414326429367,0.3669955730438232,0.3692831993103027,1,600,-0.1238186433911323,
no_warm_start_dense_passing,"[1000, 50, 50, 50, 50, 50, 1]",311,53,0.999,-0.1205565482378006,-0.1316414326429367,0.3672933578491211,0.3689889907836914,1,600,-0.1238186433911323,
no_warm_start_dense_passing,"[1000, 50, 50, 50, 50, 50, 1]",60301,54,0.0,-0.0788251525898378,-0.0788251534104347,157.76116347312927,600.6926879882812,16,600,-0.0390986800193786,
no_warm_start_dense_passing,"[1000, 50, 50, 50, 50, 50, 1]",42286,54,0.3,-0.0805960611181626,-0.0806440263986587,408.21659111976624,600.9012494087219,56,600,-0.0390986800193786,
no_warm_start_dense_passing,"[1000, 50, 50, 50, 50, 50, 1]",30276,54,0.5,-0.0787673696151688,-0.0788867250084877,77.0202465057373,600.9683802127838,166,600,-0.0390986800193786,
no_warm_start_dense_passing,"[1000, 50, 50, 50, 50, 50, 1]",12261,54,0.8,-0.0903779531847826,-0.0814476162195205,119.06727266311646,600.3988847732544,440,600,-0.0390986800193786,
no_warm_start_dense_passing,"[1000, 50, 50, 50, 50, 50, 1]",6256,54,0.9,-0.0917418223847256,-0.0807980224490165,0.4793946743011474,0.4836878776550293,1,600,-0.0390986800193786,
no_warm_start_dense_passing,"[1000, 50, 50, 50, 50, 50, 1]",3253,54,0.95,-0.0823968888266128,-0.0807980224490165,0.4676353931427002,0.4750282764434814,1,600,-0.0390986800193786,
no_warm_start_dense_passing,"[1000, 50, 50, 50, 50, 50, 1]",551,54,0.995,-0.0740953913433244,-0.0807980224490165,0.6164283752441406,0.6185624599456787,1,600,-0.0390986800193786,
no_warm_start_dense_passing,"[1000, 50, 50, 50, 50, 50, 1]",311,54,0.999,-0.0760986134409904,-0.0807980224490165,0.5900311470031738,0.592850923538208,1,600,-0.0390986800193786,
no_warm_start_dense_passing,"[1000, 100, 100, 100, 100, 100, 1]",140601,50,0.0,-0.0077230836647766,-0.0077230855822563,365.1329424381256,601.1841135025024,15,600,0.058615319430828,
no_warm_start_dense_passing,"[1000, 100, 100, 100, 100, 100, 1]",98571,50,0.3,-inf,-inf,,601.1030762195587,0,600,0.058615319430828,
no_warm_start_dense_passing,"[1000, 100, 100, 100, 100, 100, 1]",70551,50,0.5,-0.0154226435922722,-0.0144497714936733,307.9352180957794,601.3627092838287,8,600,0.058615319430828,
no_warm_start_dense_passing,"[1000, 100, 100, 100, 100, 100, 1]",28521,50,0.8,-0.0179517292621506,-0.0110795125365257,320.7796700000763,601.4792227745056,351,600,0.058615319430828,
no_warm_start_dense_passing,"[1000, 100, 100, 100, 100, 100, 1]",14511,50,0.9,-0.0174300137304197,-0.0146204195916652,0.9207651615142822,0.9236171245574952,1,600,0.058615319430828,
no_warm_start_dense_passing,"[1000, 100, 100, 100, 100, 100, 1]",7506,50,0.95,-0.0234204640881242,-0.0146204195916652,1.4495224952697754,1.4532673358917236,1,600,0.058615319430828,
no_warm_start_dense_passing,"[1000, 100, 100, 100, 100, 100, 1]",1201,50,0.995,-0.0701166210641137,-0.0146204195916652,1.5856223106384275,1.59063458442688,1,600,0.058615319430828,
no_warm_start_dense_passing,"[1000, 100, 100, 100, 100, 100, 1]",641,50,0.999,-0.0730548873543739,-0.0146204195916652,1.447019100189209,1.4501476287841797,1,600,0.058615319430828,
no_warm_start_dense_passing,"[1000, 100, 100, 100, 100, 100, 1]",140601,51,0.0,0.1225571445395757,0.1225571259856224,444.6103920936585,601.4950249195099,13,600,0.1452690362930297,
no_warm_start_dense_passing,"[1000, 100, 100, 100, 100, 100, 1]",98571,51,0.3,0.1200306368285298,0.1191785112023353,47.96949768066406,601.5034601688385,31,600,0.1452690362930297,
no_warm_start_dense_passing,"[1000, 100, 100, 100, 100, 100, 1]",70551,51,0.5,-inf,-inf,,601.7388417720795,0,600,0.1452690362930297,
no_warm_start_dense_passing,"[1000, 100, 100, 100, 100, 100, 1]",28521,51,0.8,0.1174618334767577,0.1198073253035545,543.1155169010162,602.425050497055,32,600,0.1452690362930297,
no_warm_start_dense_passing,"[1000, 100, 100, 100, 100, 100, 1]",14511,51,0.9,0.1002756565406735,0.1203648298978805,0.8561463356018066,0.860506534576416,1,600,0.1452690362930297,
no_warm_start_dense_passing,"[1000, 100, 100, 100, 100, 100, 1]",7506,51,0.95,0.085873232886341,0.1203648298978805,1.4682753086090088,1.47245192527771,1,600,0.1452690362930297,
no_warm_start_dense_passing,"[1000, 100, 100, 100, 100, 100, 1]",1201,51,0.995,0.0592618633361054,0.1203648298978805,1.0143415927886963,1.017591953277588,1,600,0.1452690362930297,
no_warm_start_dense_passing,"[1000, 100, 100, 100, 100, 100, 1]",641,51,0.999,0.055407166481018,0.1203648298978805,0.7054407596588135,0.7074084281921387,1,600,0.1452690362930297,
no_warm_start_dense_passing,"[1000, 100, 100, 100, 100, 100, 1]",140601,52,0.0,-inf,-inf,,601.6269772052765,0,600,-0.0684709548950195,
no_warm_start_dense_passing,"[1000, 100, 100, 100, 100, 100, 1]",98571,52,0.3,-0.1058465959414741,-0.1046940982341766,40.86503028869629,601.1588768959045,57,600,-0.0684709548950195,
no_warm_start_dense_passing,"[1000, 100, 100, 100, 100, 100, 1]",70551,52,0.5,-inf,-inf,,600.9961109161377,0,600,-0.0684709548950195,
no_warm_start_dense_passing,"[1000, 100, 100, 100, 100, 100, 1]",28521,52,0.8,-0.1041482905704176,-0.1024193912744522,584.2130539417267,601.377799987793,365,600,-0.0684709548950195,
no_warm_start_dense_passing,"[1000, 100, 100, 100, 100, 100, 1]",14511,52,0.9,-0.0865980642865294,-0.1045731231570243,1.053394794464111,1.0564661026000977,1,600,-0.0684709548950195,
no_warm_start_dense_passing,"[1000, 100, 100, 100, 100, 100, 1]",7506,52,0.95,-0.0553080130768184,-0.1045731231570243,1.0254292488098145,1.0278136730194092,1,600,-0.0684709548950195,
no_warm_start_dense_passing,"[1000, 100, 100, 100, 100, 100, 1]",1201,52,0.995,-0.0496828439796986,-0.1045731231570243,1.034975528717041,1.8872597217559812,2,600,-0.0684709548950195,
no_warm_start_dense_passing,"[1000, 100, 100, 100, 100, 100, 1]",641,52,0.999,-0.0751489624381065,-0.1045731231570243,0.8835439682006836,2.2080070972442627,2,600,-0.0684709548950195,
no_warm_start_dense_passing,"[1000, 100, 100, 100, 100, 100, 1]",140601,53,0.0,-0.0341180494341342,-0.0341180898249149,62.60319375991821,601.2319207191467,50,600,-0.0131684644147753,
no_warm_start_dense_passing,"[1000, 100, 100, 100, 100, 100, 1]",98571,53,0.3,-inf,-inf,,601.176029920578,0,600,-0.0131684644147753,
no_warm_start_dense_passing,"[1000, 100, 100, 100, 100, 100, 1]",70551,53,0.5,-0.0332919026373002,-0.0329909138381481,44.98053812980652,601.4772639274597,64,600,-0.0131684644147753,
no_warm_start_dense_passing,"[1000, 100, 100, 100, 100, 100, 1]",28521,53,0.8,-0.0295296957058222,-0.0291439369320869,473.5222878456116,601.3325560092926,482,600,-0.0131684644147753,
no_warm_start_dense_passing,"[1000, 100, 100, 100, 100, 100, 1]",14511,53,0.9,-0.0239764749404962,-0.0340164378285408,1.0739758014678955,1.085233449935913,1,600,-0.0131684644147753,
no_warm_start_dense_passing,"[1000, 100, 100, 100, 100, 100, 1]",7506,53,0.95,-0.0157176569743968,-0.0340164378285408,0.7339491844177246,0.7369730472564697,1,600,-0.0131684644147753,
no_warm_start_dense_passing,"[1000, 100, 100, 100, 100, 100, 1]",1201,53,0.995,-0.0164105574863627,-0.0340164378285408,0.6778833866119385,0.6803982257843018,1,600,-0.0131684644147753,
no_warm_start_dense_passing,"[1000, 100, 100, 100, 100, 100, 1]",641,53,0.999,-0.0013218194618402,-0.0340164378285408,0.8034205436706543,0.8134291172027588,1,600,-0.0131684644147753,
no_warm_start_dense_passing,"[1000, 100, 100, 100, 100, 100, 1]",140601,54,0.0,0.0484343688649064,0.0484343692660331,484.3155946731568,601.5630812644958,13,600,0.0645541101694107,
no_warm_start_dense_passing,"[1000, 100, 100, 100, 100, 100, 1]",98571,54,0.3,0.0434664519316117,0.0441308990120887,48.17135167121887,600.8004946708679,11,600,0.0645541101694107,
no_warm_start_dense_passing,"[1000, 100, 100, 100, 100, 100, 1]",70551,54,0.5,-inf,-inf,,600.7893035411835,0,600,0.0645541101694107,
no_warm_start_dense_passing,"[1000, 100, 100, 100, 100, 100, 1]",28521,54,0.8,0.0389136033037808,0.0476138032972812,516.1850397586823,600.9302661418915,84,600,0.0645541101694107,
no_warm_start_dense_passing,"[1000, 100, 100, 100, 100, 100, 1]",14511,54,0.9,0.0626679009560963,0.0443681553006172,0.7507710456848145,0.7532274723052979,1,600,0.0645541101694107,
no_warm_start_dense_passing,"[1000, 100, 100, 100, 100, 100, 1]",7506,54,0.95,0.0572200357341431,0.0443681553006172,0.7892887592315674,0.7998447418212891,1,600,0.0645541101694107,
no_warm_start_dense_passing,"[1000, 100, 100, 100, 100, 100, 1]",1201,54,0.995,0.0506045818328857,0.0443681553006172,1.0586237907409668,1.0615532398223877,1,600,0.0645541101694107,
no_warm_start_dense_passing,"[1000, 100, 100, 100, 100, 100, 1]",641,54,0.999,0.0506045818328857,0.0443681553006172,1.0062649250030518,1.0088565349578855,1,600,0.0645541101694107,
no_warm_start_dense_passing,"[1000, 200, 200, 200, 200, 200, 1]",361201,50,0.0,0.0338878199418965,0.0338874123990535,3.9689884185791016,601.5043375492096,1,600,0.0517838299274444,
no_warm_start_dense_passing,"[1000, 200, 200, 200, 200, 200, 1]",253141,50,0.3,0.0356274018963287,0.0350512117147445,185.02053689956665,601.438266992569,4,600,0.0517838299274444,
no_warm_start_dense_passing,"[1000, 200, 200, 200, 200, 200, 1]",181101,50,0.5,0.0313180332693378,0.0333410501480102,259.013546705246,601.8295199871063,4,600,0.0517838299274444,
no_warm_start_dense_passing,"[1000, 200, 200, 200, 200, 200, 1]",73041,50,0.8,0.0302587721831493,0.0341736972332,2.3578648567199707,2.361410856246948,1,600,0.0517838299274444,
no_warm_start_dense_passing,"[1000, 200, 200, 200, 200, 200, 1]",37021,50,0.9,0.0346604669286765,0.0341736972332,2.148266077041626,2.1600453853607178,1,600,0.0517838299274444,
no_warm_start_dense_passing,"[1000, 200, 200, 200, 200, 200, 1]",19011,50,0.95,0.0271337517870212,0.0341736972332,2.9168925285339355,2.9287872314453125,1,600,0.0517838299274444,
no_warm_start_dense_passing,"[1000, 200, 200, 200, 200, 200, 1]",2802,50,0.995,0.0278049185076608,0.0341736972332,2.886143207550049,2.89266037940979,1,600,0.0517838299274444,
no_warm_start_dense_passing,"[1000, 200, 200, 200, 200, 200, 1]",1361,50,0.999,0.024373784661293,0.0341736972332,3.195284605026245,3.209558248519897,1,600,0.0517838299274444,
no_warm_start_dense_passing,"[1000, 200, 200, 200, 200, 200, 1]",361201,51,0.0,-inf,-inf,,602.6321194171906,0,600,-0.015763446688652,
no_warm_start_dense_passing,"[1000, 200, 200, 200, 200, 200, 1]",253141,51,0.3,-inf,-inf,,602.2428829669952,0,600,-0.015763446688652,
no_warm_start_dense_passing,"[1000, 200, 200, 200, 200, 200, 1]",181101,51,0.5,-inf,-inf,,603.4039373397827,0,600,-0.015763446688652,
no_warm_start_dense_passing,"[1000, 200, 200, 200, 200, 200, 1]",73041,51,0.8,-0.0403366459104136,-0.0456154830753803,3.0675582885742188,3.074369192123413,1,600,-0.015763446688652,
no_warm_start_dense_passing,"[1000, 200, 200, 200, 200, 200, 1]",37021,51,0.9,-0.0376254702413127,-0.0456154830753803,3.319403886795044,3.675106048583984,2,600,-0.015763446688652,
no_warm_start_dense_passing,"[1000, 200, 200, 200, 200, 200, 1]",19011,51,0.95,-0.0542272699753985,-0.0456154830753803,2.913541555404663,2.9183170795440674,1,600,-0.015763446688652,
no_warm_start_dense_passing,"[1000, 200, 200, 200, 200, 200, 1]",2802,51,0.995,-0.0659640548839844,-0.0456154830753803,3.1498899459838867,3.1539735794067383,1,600,-0.015763446688652,
no_warm_start_dense_passing,"[1000, 200, 200, 200, 200, 200, 1]",1361,51,0.999,-0.0659453856335372,-0.0456154830753803,3.2007343769073486,3.2134430408477783,1,600,-0.015763446688652,
no_warm_start_dense_passing,"[1000, 200, 200, 200, 200, 200, 1]",361201,52,0.0,0.0008756880361959,0.0008752283174544,4.937810659408569,602.1200270652771,2,600,0.026666909456253,
no_warm_start_dense_passing,"[1000, 200, 200, 200, 200, 200, 1]",253141,52,0.3,-inf,-inf,,601.5627493858337,0,600,0.026666909456253,
no_warm_start_dense_passing,"[1000, 200, 200, 200, 200, 200, 1]",181101,52,0.5,-inf,-inf,,602.146228313446,0,600,0.026666909456253,
no_warm_start_dense_passing,"[1000, 200, 200, 200, 200, 200, 1]",73041,52,0.8,-0.0111964837035004,4.9632973968982697e-05,2.9970297813415527,3.0099830627441406,1,600,0.026666909456253,
no_warm_start_dense_passing,"[1000, 200, 200, 200, 200, 200, 1]",37021,52,0.9,0.0150002430321449,4.9632973968982697e-05,3.0922560691833496,3.1024208068847656,1,600,0.026666909456253,
no_warm_start_dense_passing,"[1000, 200, 200, 200, 200, 200, 1]",19011,52,0.95,-0.002724734585422,4.9632973968982697e-05,2.909001350402832,2.913641929626465,1,600,0.026666909456253,
no_warm_start_dense_passing,"[1000, 200, 200, 200, 200, 200, 1]",2802,52,0.995,-0.001694985403902,4.9632973968982697e-05,2.918760299682617,2.9233298301696777,1,600,0.026666909456253,
no_warm_start_dense_passing,"[1000, 200, 200, 200, 200, 200, 1]",1361,52,0.999,-0.002967256354168,4.9632973968982697e-05,3.14382004737854,3.1477653980255127,1,600,0.026666909456253,
no_warm_start_dense_passing,"[1000, 200, 200, 200, 200, 200, 1]",361201,53,0.0,-inf,-inf,,603.0265400409698,0,600,0.105549469590187,
no_warm_start_dense_passing,"[1000, 200, 200, 200, 200, 200, 1]",253141,53,0.3,-inf,-inf,,602.1298034191132,0,600,0.105549469590187,
no_warm_start_dense_passing,"[1000, 200, 200, 200, 200, 200, 1]",181101,53,0.5,0.0728125626041766,0.077054277062416,253.67019963264465,602.0679802894592,2,600,0.105549469590187,
no_warm_start_dense_passing,"[1000, 200, 200, 200, 200, 200, 1]",73041,53,0.8,0.061314135888144,0.074689507484436,3.061751365661621,3.5671732425689697,2,600,0.105549469590187,
no_warm_start_dense_passing,"[1000, 200, 200, 200, 200, 200, 1]",37021,53,0.9,0.032049655425162,0.074689507484436,3.2502541542053223,3.261657953262329,1,600,0.105549469590187,
no_warm_start_dense_passing,"[1000, 200, 200, 200, 200, 200, 1]",19011,53,0.95,0.027495670399921,0.074689507484436,2.0924394130706787,2.096211194992065,1,600,0.105549469590187,
no_warm_start_dense_passing,"[1000, 200, 200, 200, 200, 200, 1]",2802,53,0.995,0.0288125759136937,0.074689507484436,1.7467119693756104,1.749584674835205,1,600,0.105549469590187,
no_warm_start_dense_passing,"[1000, 200, 200, 200, 200, 200, 1]",1361,53,0.999,0.0272017281291461,0.074689507484436,2.8727400302886963,2.876837015151977,1,600,0.105549469590187,
no_warm_start_dense_passing,"[1000, 200, 200, 200, 200, 200, 1]",361201,54,0.0,-inf,-inf,,603.3223202228546,0,600,0.0488960817456245,
no_warm_start_dense_passing,"[1000, 200, 200, 200, 200, 200, 1]",253141,54,0.3,-inf,-inf,,603.0340001583099,0,600,0.0488960817456245,
no_warm_start_dense_passing,"[1000, 200, 200, 200, 200, 200, 1]",181101,54,0.5,-inf,-inf,,602.3394677639008,0,600,0.0488960817456245,
no_warm_start_dense_passing,"[1000, 200, 200, 200, 200, 200, 1]",73041,54,0.8,0.0279489694134785,0.0200982522219419,3.0639376640319824,3.077088594436645,1,600,0.0488960817456245,
no_warm_start_dense_passing,"[1000, 200, 200, 200, 200, 200, 1]",37021,54,0.9,0.040066096371684,0.0200982522219419,2.1270484924316406,2.1308753490448,1,600,0.0488960817456245,
no_warm_start_dense_passing,"[1000, 200, 200, 200, 200, 200, 1]",19011,54,0.95,0.0298010466938648,0.0200982522219419,1.4618849754333496,1.4729371070861816,1,600,0.0488960817456245,
no_warm_start_dense_passing,"[1000, 200, 200, 200, 200, 200, 1]",2802,54,0.995,0.0234348382800817,0.0200982522219419,1.3519189357757568,2.295753002166748,2,600,0.0488960817456245,
no_warm_start_dense_passing,"[1000, 200, 200, 200, 200, 200, 1]",1361,54,0.999,0.0234348382800817,0.0200982522219419,1.459805250167847,1.4707350730895996,1,600,0.0488960817456245,
no_warm_start_dense_passing,"[10000, 50, 50, 1]",502651,50,0.0,2.858692824360104,2.8586928844451904,19.72603845596313,602.3860409259796,143,600,3.075834989547729,
no_warm_start_dense_passing,"[10000, 50, 50, 1]",351886,50,0.3,3.752910668818279,3.7376866340637207,341.1259174346924,601.1117713451385,3149,600,3.075834989547729,
no_warm_start_dense_passing,"[10000, 50, 50, 1]",251376,50,0.5,3.675901820372485,3.625950813293457,451.35952067375183,600.9868211746216,3022,600,3.075834989547729,
no_warm_start_dense_passing,"[10000, 50, 50, 1]",100611,50,0.8,2.6824417005187025,2.6412179470062256,492.3627939224243,604.7214448451996,4601,600,3.075834989547729,
no_warm_start_dense_passing,"[10000, 50, 50, 1]",50356,50,0.9,1.8644456827431517,1.7606141567230225,503.82807898521423,604.1848089694977,5474,600,3.075834989547729,
no_warm_start_dense_passing,"[10000, 50, 50, 1]",25229,50,0.95,1.1929337994861968,1.1205674409866333,512.9624216556549,604.8342504501343,10002,600,3.075834989547729,
no_warm_start_dense_passing,"[10000, 50, 50, 1]",2614,50,0.995,0.0427126199375894,0.0436579212546348,9.16119623184204,15.03209662437439,543,600,3.075834989547729,
no_warm_start_dense_passing,"[10000, 50, 50, 1]",604,50,0.999,0.0779941804239139,0.0320236198604106,0.2964882850646972,0.3102569580078125,1,600,3.075834989547729,
no_warm_start_dense_passing,"[10000, 50, 50, 1]",502651,51,0.0,3.8536219168886654,3.853621482849121,577.4340031147003,603.3812520503998,1353,600,3.4480581283569336,
no_warm_start_dense_passing,"[10000, 50, 50, 1]",351886,51,0.3,3.855198790442093,3.832669734954834,211.830726146698,600.6341547966003,3227,600,3.4480581283569336,
no_warm_start_dense_passing,"[10000, 50, 50, 1]",251376,51,0.5,3.6987862796161233,3.6922242641448975,220.7308075428009,601.7923655509949,3102,600,3.4480581283569336,
no_warm_start_dense_passing,"[10000, 50, 50, 1]",100611,51,0.8,2.856878591693559,2.797282218933105,476.1885647773743,601.7899467945099,3923,600,3.4480581283569336,
no_warm_start_dense_passing,"[10000, 50, 50, 1]",50356,51,0.9,2.064422124826315,2.0917656421661377,219.1499860286713,603.5664639472961,4281,600,3.4480581283569336,
no_warm_start_dense_passing,"[10000, 50, 50, 1]",25229,51,0.95,1.2873094870632766,1.319435715675354,76.53357887268066,602.7375061511993,9058,600,3.4480581283569336,
no_warm_start_dense_passing,"[10000, 50, 50, 1]",2614,51,0.995,-0.0340478142672268,-0.0217542722821235,0.1756880283355713,1.7521028518676758,5,600,3.4480581283569336,
no_warm_start_dense_passing,"[10000, 50, 50, 1]",604,51,0.999,-0.0588888278060733,-0.0469288006424903,0.1970429420471191,0.2041525840759277,1,600,3.4480581283569336,
no_warm_start_dense_passing,"[10000, 50, 50, 1]",502651,52,0.0,3.5373734261766665,3.5373735427856445,581.527824640274,602.2618043422699,1521,600,3.103279829025269,
no_warm_start_dense_passing,"[10000, 50, 50, 1]",351886,52,0.3,3.352956816856648,3.346637964248657,555.3654482364655,601.0818598270416,2786,600,3.103279829025269,
no_warm_start_dense_passing,"[10000, 50, 50, 1]",251376,52,0.5,3.3378241347689377,3.3431432247161865,15.15682864189148,600.4893519878387,2994,600,3.103279829025269,
no_warm_start_dense_passing,"[10000, 50, 50, 1]",100611,52,0.8,2.526349277751363,2.438385009765625,241.19713497161865,605.2998008728027,4012,600,3.103279829025269,
no_warm_start_dense_passing,"[10000, 50, 50, 1]",50356,52,0.9,1.7985879048148197,1.7572087049484253,320.098756313324,601.2686471939087,6078,600,3.103279829025269,
no_warm_start_dense_passing,"[10000, 50, 50, 1]",25229,52,0.95,1.1542676447354256,1.116756558418274,101.8084466457367,605.6918849945068,6196,600,3.103279829025269,
no_warm_start_dense_passing,"[10000, 50, 50, 1]",2614,52,0.995,0.127639211685448,0.1272296756505966,7.201421499252319,7.530929803848267,236,600,3.103279829025269,
no_warm_start_dense_passing,"[10000, 50, 50, 1]",604,52,0.999,0.0947748248487203,0.1220000907778739,0.2937049865722656,0.3087453842163086,1,600,3.103279829025269,
no_warm_start_dense_passing,"[10000, 50, 50, 1]",502651,53,0.0,4.202896652833216,4.202896118164063,556.1468920707703,601.6964821815491,652,600,4.089878082275391,
no_warm_start_dense_passing,"[10000, 50, 50, 1]",351886,53,0.3,4.547414959997647,4.509441375732422,270.4858524799347,600.5431983470917,2294,600,4.089878082275391,
no_warm_start_dense_passing,"[10000, 50, 50, 1]",251376,53,0.5,4.137208717331198,4.104541778564453,240.12798953056333,601.9699358940125,2725,600,4.089878082275391,
no_warm_start_dense_passing,"[10000, 50, 50, 1]",100611,53,0.8,3.234388000398573,3.2185134887695312,213.94009256362915,604.5624775886536,3199,600,4.089878082275391,
no_warm_start_dense_passing,"[10000, 50, 50, 1]",50356,53,0.9,2.272224003226147,2.25044846534729,565.9014594554901,603.8325932025909,5730,600,4.089878082275391,
no_warm_start_dense_passing,"[10000, 50, 50, 1]",25229,53,0.95,1.5815708643931203,1.6307674646377563,600.4938035011292,600.7785265445709,9544,600,4.089878082275391,
no_warm_start_dense_passing,"[10000, 50, 50, 1]",2614,53,0.995,0.1175903152561862,0.1227794662117958,1.4141535758972168,1.8858373165130613,32,600,4.089878082275391,
no_warm_start_dense_passing,"[10000, 50, 50, 1]",604,53,0.999,0.113605184502892,0.1040353924036026,0.2604336738586426,0.2681071758270263,1,600,4.089878082275391,
no_warm_start_dense_passing,"[10000, 50, 50, 1]",502651,54,0.0,3.74971213242699,3.749711990356445,369.8642466068268,607.6128125190735,1666,600,3.3540303707122803,
no_warm_start_dense_passing,"[10000, 50, 50, 1]",351886,54,0.3,3.6082469787733777,3.604278087615967,282.2812855243683,623.2366774082184,3724,600,3.3540303707122803,
no_warm_start_dense_passing,"[10000, 50, 50, 1]",251376,54,0.5,3.4854444394106743,3.4609804153442383,349.3093011379242,601.8468482494354,3898,600,3.3540303707122803,
no_warm_start_dense_passing,"[10000, 50, 50, 1]",100611,54,0.8,2.4900019057679965,2.47062611579895,600.6958589553833,601.7356071472168,4040,600,3.3540303707122803,
no_warm_start_dense_passing,"[10000, 50, 50, 1]",50356,54,0.9,1.7743073352297902,1.5572075843811035,131.44908261299133,601.1046843528748,6362,600,3.3540303707122803,
no_warm_start_dense_passing,"[10000, 50, 50, 1]",25229,54,0.95,1.0321055134848345,0.950554132461548,229.8957395553589,602.7999875545502,10297,600,3.3540303707122803,
no_warm_start_dense_passing,"[10000, 50, 50, 1]",2614,54,0.995,-0.1090195855405534,-0.115489974617958,63.76341509819031,116.24492573738098,2393,600,3.3540303707122803,
no_warm_start_dense_passing,"[10000, 50, 50, 1]",604,54,0.999,-0.1249921948939739,-0.1246251985430717,0.2473430633544922,0.2632553577423095,1,600,3.3540303707122803,
no_warm_start_dense_passing,"[10000, 100, 100, 1]",1010301,50,0.0,3.3361361827313853,3.3361358642578125,94.72087144851685,600.7165975570679,10,600,3.460690259933472,
no_warm_start_dense_passing,"[10000, 100, 100, 1]",707271,50,0.3,3.2142842035877623,3.216096878051758,49.98634386062622,657.8506128787994,166,600,3.460690259933472,
no_warm_start_dense_passing,"[10000, 100, 100, 1]",505251,50,0.5,3.0772367457733414,3.075134038925171,492.0498580932617,601.1677355766296,116,600,3.460690259933472,
no_warm_start_dense_passing,"[10000, 100, 100, 1]",202221,50,0.8,2.251208630201571,2.1759841442108154,4.349141597747803,601.4847466945648,184,600,3.460690259933472,
no_warm_start_dense_passing,"[10000, 100, 100, 1]",101211,50,0.9,1.6021196693317394,1.466509461402893,597.5799388885498,601.0226829051971,477,600,3.460690259933472,
no_warm_start_dense_passing,"[10000, 100, 100, 1]",50706,50,0.95,1.086355323237406,1.019295573234558,593.8557188510895,602.5554437637329,1997,600,3.460690259933472,
no_warm_start_dense_passing,"[10000, 100, 100, 1]",5251,50,0.995,-0.0743348523805536,-0.0652166157960891,0.4377992153167724,0.4482259750366211,1,600,3.460690259933472,
no_warm_start_dense_passing,"[10000, 100, 100, 1]",1211,50,0.999,-0.063303028287179,-0.0652166157960891,0.5184931755065918,0.5417046546936035,1,600,3.460690259933472,
no_warm_start_dense_passing,"[10000, 100, 100, 1]",1010301,51,0.0,2.3718891606756096,2.371889352798462,125.68868446350098,601.0957267284393,10,600,3.176995038986206,
no_warm_start_dense_passing,"[10000, 100, 100, 1]",707271,51,0.3,3.270937550106152,3.274916172027588,115.21566915512084,601.3411843776703,90,600,3.176995038986206,
no_warm_start_dense_passing,"[10000, 100, 100, 1]",505251,51,0.5,2.3602399131241083,2.335333108901977,313.723735332489,601.5571155548096,159,600,3.176995038986206,
no_warm_start_dense_passing,"[10000, 100, 100, 1]",202221,51,0.8,2.15963350810968,2.112976312637329,464.3541567325592,604.7704503536224,963,600,3.176995038986206,
no_warm_start_dense_passing,"[10000, 100, 100, 1]",101211,51,0.9,1.7359569771081524,1.6527628898620603,561.6325993537903,600.9881508350372,1586,600,3.176995038986206,
no_warm_start_dense_passing,"[10000, 100, 100, 1]",50706,51,0.95,1.085411251804545,1.0633541345596311,475.52774000167847,603.1480700969696,2557,600,3.176995038986206,
no_warm_start_dense_passing,"[10000, 100, 100, 1]",5251,51,0.995,0.0383361191072692,0.0283727571368217,0.6161239147186279,0.6285157203674316,1,600,3.176995038986206,
no_warm_start_dense_passing,"[10000, 100, 100, 1]",1211,51,0.999,-0.0188959244882551,0.0283727571368217,0.3165922164916992,0.324941873550415,1,600,3.176995038986206,
no_warm_start_dense_passing,"[10000, 100, 100, 1]",1010301,52,0.0,3.296939107103761,3.2969391345977783,357.6799154281616,601.5107476711273,12,600,2.724375009536743,
no_warm_start_dense_passing,"[10000, 100, 100, 1]",707271,52,0.3,3.2220536837850413,3.1800761222839355,534.2534792423248,606.9224786758423,156,600,2.724375009536743,
no_warm_start_dense_passing,"[10000, 100, 100, 1]",505251,52,0.5,2.9846284904399014,2.8516430854797363,34.07843255996704,632.1531322002411,98,600,2.724375009536743,
no_warm_start_dense_passing,"[10000, 100, 100, 1]",202221,52,0.8,2.233462584318263,2.053849935531616,252.87471961975095,604.6923179626465,612,600,2.724375009536743,
no_warm_start_dense_passing,"[10000, 100, 100, 1]",101211,52,0.9,1.6916237023224383,1.500037670135498,490.2235555648804,603.0611898899078,1399,600,2.724375009536743,
no_warm_start_dense_passing,"[10000, 100, 100, 1]",50706,52,0.95,1.150783683312462,0.9087280631065368,369.63312292099,602.3829298019409,3000,600,2.724375009536743,
no_warm_start_dense_passing,"[10000, 100, 100, 1]",5251,52,0.995,0.0164801109241187,0.0212880745530128,0.4492299556732178,0.4657070636749267,1,600,2.724375009536743,
no_warm_start_dense_passing,"[10000, 100, 100, 1]",1211,52,0.999,0.0315457867747243,0.0212880745530128,0.477384090423584,0.4856388568878174,1,600,2.724375009536743,
no_warm_start_dense_passing,"[10000, 100, 100, 1]",1010301,53,0.0,2.4076544321579174,2.407654047012329,369.64833879470825,600.7748548984528,11,600,2.725015878677368,
no_warm_start_dense_passing,"[10000, 100, 100, 1]",707271,53,0.3,2.402912058733436,2.3726751804351807,19.635597944259644,603.422131061554,57,600,2.725015878677368,
no_warm_start_dense_passing,"[10000, 100, 100, 1]",505251,53,0.5,2.6144614196016582,2.5483415126800537,357.6296615600586,602.320787191391,84,600,2.725015878677368,
no_warm_start_dense_passing,"[10000, 100, 100, 1]",202221,53,0.8,1.692089980838026,1.543215274810791,554.9250152111053,601.0879001617432,520,600,2.725015878677368,
no_warm_start_dense_passing,"[10000, 100, 100, 1]",101211,53,0.9,1.4945903546935797,1.2924721240997314,603.499409198761,604.8513240814209,505,600,2.725015878677368,
no_warm_start_dense_passing,"[10000, 100, 100, 1]",50706,53,0.95,1.1568406134291669,1.009697437286377,412.7673170566559,602.295961856842,2332,600,2.725015878677368,
no_warm_start_dense_passing,"[10000, 100, 100, 1]",5251,53,0.995,0.0925873748556714,0.0938091203570365,0.6835012435913086,0.6956520080566406,1,600,2.725015878677368,
no_warm_start_dense_passing,"[10000, 100, 100, 1]",1211,53,0.999,0.0568454439222599,0.0938091203570365,0.4390738010406494,0.4553027153015136,1,600,2.725015878677368,
no_warm_start_dense_passing,"[10000, 100, 100, 1]",1010301,54,0.0,3.3829424699778428,3.382942676544189,600.7385957241058,601.0576424598694,13,600,3.7366881370544434,
no_warm_start_dense_passing,"[10000, 100, 100, 1]",707271,54,0.3,3.3894200304957525,3.3681211471557617,31.779239177703857,601.6223692893982,131,600,3.987762451171875,
no_warm_start_dense_passing,"[10000, 100, 100, 1]",505251,54,0.5,3.2265539657744604,3.2018816471099854,565.0746800899506,601.807932138443,91,600,3.987762451171875,
no_warm_start_dense_passing,"[10000, 100, 100, 1]",202221,54,0.8,2.609358813151649,2.484541893005371,601.1839506626129,602.3135287761688,375,600,3.987762451171875,
no_warm_start_dense_passing,"[10000, 100, 100, 1]",101211,54,0.9,2.177174882161162,2.030266284942627,579.9021687507629,601.115650177002,1784,600,3.987762451171875,
no_warm_start_dense_passing,"[10000, 100, 100, 1]",50706,54,0.95,1.4662051447797209,1.3438149690628052,487.77867889404297,602.4726617336273,2269,600,3.987762451171875,
no_warm_start_dense_passing,"[10000, 100, 100, 1]",5251,54,0.995,0.0520377321822573,0.0413215346634388,0.3476407527923584,0.3621609210968017,1,600,3.987762451171875,
no_warm_start_dense_passing,"[10000, 100, 100, 1]",1211,54,0.999,0.0612186136635998,0.0413215346634388,0.4412932395935058,0.4500396251678467,1,600,3.987762451171875,
no_warm_start_dense_passing,"[10000, 200, 200, 1]",2040601,50,0.0,0.1045639199961133,0.1045639365911483,236.00213408470157,601.5371234416962,2,600,3.3618757724761963,
no_warm_start_dense_passing,"[10000, 200, 200, 1]",1428541,50,0.3,0.1182332561019975,0.1167330890893936,183.0274333953857,605.3335537910461,3,600,3.3618757724761963,
no_warm_start_dense_passing,"[10000, 200, 200, 1]",1020501,50,0.5,0.0985455942141047,0.1043524444103241,528.6348481178284,601.155740737915,4,600,3.3618757724761963,
no_warm_start_dense_passing,"[10000, 200, 200, 1]",408441,50,0.8,0.0147677541662377,0.0361570939421653,448.44723558425903,600.7378709316254,14,600,3.3618757724761963,
no_warm_start_dense_passing,"[10000, 200, 200, 1]",204421,50,0.9,0.9477203347461516,0.8918535113334656,392.9762761592865,601.477737903595,49,600,3.3618757724761963,
no_warm_start_dense_passing,"[10000, 200, 200, 1]",102411,50,0.95,0.0151541055509564,0.0119050648063421,401.7393851280213,600.7882084846497,4,600,3.3618757724761963,
no_warm_start_dense_passing,"[10000, 200, 200, 1]",10602,50,0.995,0.0172681771565663,0.014469925314188,0.5825765132904053,0.5915012359619141,1,600,3.3618757724761963,
no_warm_start_dense_passing,"[10000, 200, 200, 1]",2441,50,0.999,0.015776860233833,0.014469925314188,1.1741313934326172,1.1867179870605469,1,600,3.3618757724761963,
no_warm_start_dense_passing,"[10000, 200, 200, 1]",2040601,51,0.0,0.1449443458406868,0.1449443697929382,253.4948887825012,601.3373837471008,2,600,3.326040506362915,
no_warm_start_dense_passing,"[10000, 200, 200, 1]",1428541,51,0.3,0.0358471865346512,0.0359860807657241,163.82816672325134,608.8588683605194,1,600,3.326040506362915,
no_warm_start_dense_passing,"[10000, 200, 200, 1]",1020501,51,0.5,2.0312547861435912,2.052775859832764,102.74600195884705,601.3962285518646,14,600,3.326040506362915,
no_warm_start_dense_passing,"[10000, 200, 200, 1]",408441,51,0.8,1.894267107269182,1.8195366859436035,544.2775053977966,601.1999821662903,40,600,3.326040506362915,
no_warm_start_dense_passing,"[10000, 200, 200, 1]",204421,51,0.9,1.4508975558098458,1.285348415374756,313.3400902748108,600.9890656471252,45,600,3.326040506362915,
no_warm_start_dense_passing,"[10000, 200, 200, 1]",102411,51,0.95,0.7649183204939636,0.6633761525154114,576.9773533344269,601.2120802402496,38,600,3.326040506362915,
no_warm_start_dense_passing,"[10000, 200, 200, 1]",10602,51,0.995,0.0352825095380415,0.0353243798017501,1.1942040920257568,1.2062749862670898,1,600,3.326040506362915,
no_warm_start_dense_passing,"[10000, 200, 200, 1]",2441,51,0.999,0.0269763597715976,0.0353243798017501,0.5908091068267822,0.5977272987365723,1,600,3.326040506362915,
no_warm_start_dense_passing,"[10000, 200, 200, 1]",2040601,52,0.0,-0.0474359466953259,-0.0474359467625618,274.66164088249207,601.3897526264191,1,600,3.2352287769317627,
no_warm_start_dense_passing,"[10000, 200, 200, 1]",1428541,52,0.3,-0.0542370666416001,-0.0543881580233573,127.60592913627625,603.8167321681976,14,600,3.2352287769317627,
no_warm_start_dense_passing,"[10000, 200, 200, 1]",1020501,52,0.5,-0.0470661952753803,-0.0470706038177013,131.21636128425598,602.6808483600616,2,600,3.2352287769317627,
no_warm_start_dense_passing,"[10000, 200, 200, 1]",408441,52,0.8,-0.0915955804885211,-0.1155887246131897,453.7730665206909,601.4413831233978,23,600,3.2352287769317627,
no_warm_start_dense_passing,"[10000, 200, 200, 1]",204421,52,0.9,-0.045211661504609,-0.0488929525017738,75.96151447296143,601.9478912353516,6,600,3.2352287769317627,
no_warm_start_dense_passing,"[10000, 200, 200, 1]",102411,52,0.95,0.7652164707216258,0.6379616856575012,581.5034749507904,601.397468328476,64,600,3.2352287769317627,
no_warm_start_dense_passing,"[10000, 200, 200, 1]",10602,52,0.995,-0.0410454381658158,-0.046612624078989,0.7394771575927734,0.7475593090057373,1,600,3.2352287769317627,
no_warm_start_dense_passing,"[10000, 200, 200, 1]",2441,52,0.999,-0.0463110530487862,-0.046612624078989,0.8524816036224365,0.8621807098388672,1,600,3.2352287769317627,
no_warm_start_dense_passing,"[10000, 200, 200, 1]",2040601,53,0.0,-0.0076437108218669,-0.0076437122188508,16.160326719284058,601.2228899002075,2,600,2.299978733062744,
no_warm_start_dense_passing,"[10000, 200, 200, 1]",1428541,53,0.3,0.0678060872952487,0.0684404522180557,232.96183133125305,602.2734968662262,4,600,2.299978733062744,
no_warm_start_dense_passing,"[10000, 200, 200, 1]",1020501,53,0.5,0.6598616817945067,0.6147927641868591,483.6697187423706,603.0134181976318,4,600,2.299978733062744,
no_warm_start_dense_passing,"[10000, 200, 200, 1]",408441,53,0.8,-0.0076437108218669,-0.0115022100508213,5.353431940078735,600.8855276107788,13,600,2.299978733062744,
no_warm_start_dense_passing,"[10000, 200, 200, 1]",204421,53,0.9,-0.0033410674457478,-0.0050269467756152,93.70241785049438,601.6214363574982,10,600,2.299978733062744,
no_warm_start_dense_passing,"[10000, 200, 200, 1]",102411,53,0.95,-0.003341094265787,-0.0016002277843654,49.30433678627014,600.9320366382599,1,600,2.299978733062744,
no_warm_start_dense_passing,"[10000, 200, 200, 1]",10602,53,0.995,0.0099555480494794,-0.0043914737179875,0.7252547740936279,0.736072301864624,1,600,2.299978733062744,
no_warm_start_dense_passing,"[10000, 200, 200, 1]",2441,53,0.999,-0.0031313813475471,-0.0043914737179875,0.6945874691009521,0.7111620903015137,1,600,2.299978733062744,
no_warm_start_dense_passing,"[10000, 200, 200, 1]",2040601,54,0.0,-0.0568508580327034,-0.0568508431315422,17.190375328063965,601.4994859695435,3,600,2.5469956398010254,
no_warm_start_dense_passing,"[10000, 200, 200, 1]",1428541,54,0.3,-0.0568501800084457,-0.0611910559237003,10.830381393432615,601.3247272968292,3,600,2.5469956398010254,
no_warm_start_dense_passing,"[10000, 200, 200, 1]",1020501,54,0.5,-0.0568508580327034,-0.0698509812355041,10.595701456069946,602.7489252090454,7,600,2.5469956398010254,
no_warm_start_dense_passing,"[10000, 200, 200, 1]",408441,54,0.8,-0.0568508580327034,-0.0735765099525451,5.096138954162598,602.3894598484039,29,600,2.5469956398010254,
no_warm_start_dense_passing,"[10000, 200, 200, 1]",204421,54,0.9,-0.042427667495043,-0.0187318921089172,3.2173702716827397,601.400500535965,15,600,2.5469956398010254,
no_warm_start_dense_passing,"[10000, 200, 200, 1]",102411,54,0.95,0.6075545314826757,0.4172864854335785,423.6318597793579,601.0026154518127,153,600,2.5469956398010254,
no_warm_start_dense_passing,"[10000, 200, 200, 1]",10602,54,0.995,-0.0424759318408645,-0.0453487262129783,0.9388408660888672,0.9572772979736328,1,600,2.5469956398010254,
no_warm_start_dense_passing,"[10000, 200, 200, 1]",2441,54,0.999,-0.0570671253853291,-0.0453487262129783,0.7242045402526855,0.7354583740234375,1,600,2.5469956398010254,
no_warm_start_dense_passing,"[10000, 50, 50, 50, 1]",505201,50,0.0,0.1442226748345685,0.1442226767539978,43.25131845474243,600.7779054641724,62,600,1.0881953239440918,
no_warm_start_dense_passing,"[10000, 50, 50, 50, 1]",353686,50,0.3,0.1470802119671759,0.1461353302001953,161.72296524047852,600.7230291366577,55,600,1.0881953239440918,
no_warm_start_dense_passing,"[10000, 50, 50, 50, 1]",252676,50,0.5,0.1533811954710688,0.1439098119735717,28.787450075149536,602.3711357116699,65,600,1.0881953239440918,
no_warm_start_dense_passing,"[10000, 50, 50, 50, 1]",101161,50,0.8,0.7805233097257389,0.7343052625656128,439.7612156867981,600.4318974018097,503,600,1.0881953239440918,
no_warm_start_dense_passing,"[10000, 50, 50, 50, 1]",50656,50,0.9,0.6674051393256404,0.6080265045166016,359.4404697418213,600.6264448165894,1027,600,1.0881953239440918,
no_warm_start_dense_passing,"[10000, 50, 50, 50, 1]",25403,50,0.95,0.4450068103990348,0.4435567259788513,557.2020409107208,601.0313591957092,1658,600,1.0881953239440918,
no_warm_start_dense_passing,"[10000, 50, 50, 50, 1]",2676,50,0.995,0.1475927288959223,0.1413774937391281,0.524224042892456,0.5374653339385986,1,600,1.0881953239440918,
no_warm_start_dense_passing,"[10000, 50, 50, 50, 1]",656,50,0.999,0.1423542969270211,0.1413774937391281,0.3242721557617187,0.3330175876617431,1,600,1.0881953239440918,
no_warm_start_dense_passing,"[10000, 50, 50, 50, 1]",505201,51,0.0,-0.136472761452788,-0.1364727616310119,53.42184591293335,603.0918900966644,30,600,0.3196592628955841,
no_warm_start_dense_passing,"[10000, 50, 50, 50, 1]",353686,51,0.3,-0.1441613178526896,-0.145210400223732,34.247637033462524,600.7237763404846,91,600,0.3196592628955841,
no_warm_start_dense_passing,"[10000, 50, 50, 50, 1]",252676,51,0.5,0.4764308874423459,0.4653089642524719,584.6665980815887,600.8790667057037,286,600,0.3196592628955841,
no_warm_start_dense_passing,"[10000, 50, 50, 50, 1]",101161,51,0.8,0.377528292700199,0.3479054570198059,436.10143852233887,600.5314016342163,987,600,0.3196592628955841,
no_warm_start_dense_passing,"[10000, 50, 50, 50, 1]",50656,51,0.9,0.2009241061467844,0.1539539396762848,328.1601872444153,600.4080567359924,1841,600,0.3196592628955841,
no_warm_start_dense_passing,"[10000, 50, 50, 50, 1]",25403,51,0.95,0.0961124831970268,0.0539650171995162,122.70324683189392,601.203161239624,3594,600,0.3196592628955841,
no_warm_start_dense_passing,"[10000, 50, 50, 50, 1]",2676,51,0.995,-0.1575638204051659,-0.1477046608924865,0.3478438854217529,0.357764720916748,1,600,0.3196592628955841,
no_warm_start_dense_passing,"[10000, 50, 50, 50, 1]",656,51,0.999,-0.122696197253957,-0.1477046608924865,0.2304201126098632,0.2366895675659179,1,600,0.3196592628955841,
no_warm_start_dense_passing,"[10000, 50, 50, 50, 1]",505201,52,0.0,0.1331176339365719,0.1331176310777664,34.89180541038513,600.8582129478455,53,600,0.7905662059783936,
no_warm_start_dense_passing,"[10000, 50, 50, 50, 1]",353686,52,0.3,0.3348325890199218,0.3333503603935241,525.1241359710693,601.5172822475433,172,600,0.7905662059783936,
no_warm_start_dense_passing,"[10000, 50, 50, 50, 1]",252676,52,0.5,0.8829253446733777,0.8717125058174133,600.7600193023682,600.9147126674652,141,600,0.7905662059783936,
no_warm_start_dense_passing,"[10000, 50, 50, 50, 1]",101161,52,0.8,0.5932699975493296,0.5737609267234802,495.3293144702912,600.4721693992615,848,600,0.7905662059783936,
no_warm_start_dense_passing,"[10000, 50, 50, 50, 1]",50656,52,0.9,0.4510580032724917,0.4382975995540619,407.591680765152,600.2686853408813,1386,600,0.7905662059783936,
no_warm_start_dense_passing,"[10000, 50, 50, 50, 1]",25403,52,0.95,0.3336883604069428,0.3155681490898132,491.4344429969788,601.0114035606384,1825,600,0.7905662059783936,
no_warm_start_dense_passing,"[10000, 50, 50, 50, 1]",2676,52,0.995,0.1215628080951707,0.1252031028270721,0.3262760639190674,0.3347730636596679,1,600,0.7905662059783936,
no_warm_start_dense_passing,"[10000, 50, 50, 50, 1]",656,52,0.999,0.100880394128213,0.1252031028270721,0.3781938552856445,0.3866462707519531,1,600,0.7905662059783936,
no_warm_start_dense_passing,"[10000, 50, 50, 50, 1]",505201,53,0.0,0.1701825508605352,0.1701825559139251,46.78813576698303,601.8083019256592,52,600,1.1104753017425537,
no_warm_start_dense_passing,"[10000, 50, 50, 50, 1]",353686,53,0.3,0.152318041079451,0.1478164345026016,37.779325008392334,601.8787281513214,68,600,1.1104753017425537,
no_warm_start_dense_passing,"[10000, 50, 50, 50, 1]",252676,53,0.5,0.3556179780870513,0.3771564960479736,499.7539603710175,601.498664855957,213,600,1.1104753017425537,
no_warm_start_dense_passing,"[10000, 50, 50, 50, 1]",101161,53,0.8,0.857713221621504,0.864180326461792,488.8523380756378,600.6027524471283,727,600,1.1104753017425537,
no_warm_start_dense_passing,"[10000, 50, 50, 50, 1]",50656,53,0.9,0.697210916642357,0.7072861790657043,596.8989090919495,600.772246837616,403,600,1.1104753017425537,
no_warm_start_dense_passing,"[10000, 50, 50, 50, 1]",25403,53,0.95,0.4975713291135162,0.4983550310134887,581.724748134613,600.5273342132568,1155,600,1.1104753017425537,
no_warm_start_dense_passing,"[10000, 50, 50, 50, 1]",2676,53,0.995,0.1536668146357426,0.1471074372529983,0.5312643051147461,0.5604658126831055,1,600,1.1104753017425537,
no_warm_start_dense_passing,"[10000, 50, 50, 50, 1]",656,53,0.999,0.1159919418343816,0.1471074372529983,0.3240227699279785,0.3325660228729248,1,600,1.1104753017425537,
no_warm_start_dense_passing,"[10000, 50, 50, 50, 1]",505201,54,0.0,0.0056237500518125,0.0056237475946545,56.27867293357849,602.5434522628784,37,600,0.1095743030309677,
no_warm_start_dense_passing,"[10000, 50, 50, 50, 1]",353686,54,0.3,-0.016468232286546,-0.0159422233700752,579.220960855484,601.0708665847778,51,600,0.1095743030309677,
no_warm_start_dense_passing,"[10000, 50, 50, 50, 1]",252676,54,0.5,-0.0199241131597961,-0.0278936028480529,4.212347030639648,600.7615344524384,135,600,0.1095743030309677,
no_warm_start_dense_passing,"[10000, 50, 50, 50, 1]",101161,54,0.8,0.4162937229679894,0.378918319940567,475.53861951828,601.175057888031,487,600,0.1095743030309677,
no_warm_start_dense_passing,"[10000, 50, 50, 50, 1]",50656,54,0.9,0.3129234124048005,0.2405111640691757,268.54829597473145,601.482666015625,1800,600,0.1095743030309677,
no_warm_start_dense_passing,"[10000, 50, 50, 50, 1]",25403,54,0.95,0.2053703309330743,0.1682929694652557,327.0549337863922,602.424807548523,1388,600,0.1095743030309677,
no_warm_start_dense_passing,"[10000, 50, 50, 50, 1]",2676,54,0.995,-0.0282331781974211,-0.0270089767873287,0.3295376300811767,0.3412148952484131,1,600,0.1095743030309677,
no_warm_start_dense_passing,"[10000, 50, 50, 50, 1]",656,54,0.999,-0.054065537746156,-0.0270089767873287,0.2225668430328369,0.2290585041046142,1,600,0.1095743030309677,
no_warm_start_dense_passing,"[10000, 100, 100, 100, 1]",1020401,50,0.0,0.0333644620327247,0.0333644449710845,260.8853988647461,600.7852008342743,9,600,0.5928339958190918,
no_warm_start_dense_passing,"[10000, 100, 100, 100, 1]",714371,50,0.3,0.0300728616772551,0.0295513421297073,21.165213108062744,600.8606517314911,14,600,0.8198442459106445,
no_warm_start_dense_passing,"[10000, 100, 100, 100, 1]",510351,50,0.5,0.0371658288595047,0.0398864410817623,9.4388108253479,601.2827229499817,61,600,0.5928339958190918,
no_warm_start_dense_passing,"[10000, 100, 100, 100, 1]",204321,50,0.8,0.0350869021719887,0.0354776494204998,54.41770267486572,600.9414174556732,204,600,0.8198442459106445,
no_warm_start_dense_passing,"[10000, 100, 100, 100, 1]",102311,50,0.9,0.0329747372468692,0.0369566641747951,111.02539896965028,600.7598204612732,36,600,0.8198442459106445,
no_warm_start_dense_passing,"[10000, 100, 100, 100, 1]",51306,50,0.95,0.0965703575331934,0.0771780535578727,539.5919532775879,601.4691526889801,109,600,0.8198442459106445,
no_warm_start_dense_passing,"[10000, 100, 100, 100, 1]",5401,50,0.995,0.0402429339589438,0.0319985449314117,0.4432935714721679,0.4512817859649658,1,600,0.8198442459106445,
no_warm_start_dense_passing,"[10000, 100, 100, 100, 1]",1321,50,0.999,0.0464733696355806,0.0319985449314117,0.910924196243286,0.9297876358032228,1,600,0.5928339958190918,
no_warm_start_dense_passing,"[10000, 100, 100, 100, 1]",1020401,51,0.0,-0.0617199681141655,-0.0617199651896953,288.2831656932831,603.0244233608246,2,600,0.7914195656776428,
no_warm_start_dense_passing,"[10000, 100, 100, 100, 1]",714371,51,0.3,-0.0613676138107773,-0.0608697161078453,115.41292905807497,601.461944103241,2,600,0.8064201474189758,
no_warm_start_dense_passing,"[10000, 100, 100, 100, 1]",510351,51,0.5,-inf,-inf,,600.8180952072144,0,600,0.7914195656776428,
no_warm_start_dense_passing,"[10000, 100, 100, 100, 1]",204321,51,0.8,-0.0582023160163419,-0.0603553503751754,548.3186550140381,601.3604366779327,67,600,0.7914195656776428,
no_warm_start_dense_passing,"[10000, 100, 100, 100, 1]",102311,51,0.9,-0.0608697780230089,-0.0567716136574745,206.1015441417694,600.7571430206299,55,600,0.7914195656776428,
no_warm_start_dense_passing,"[10000, 100, 100, 100, 1]",51306,51,0.95,-0.0609714462393787,-0.0429257825016975,211.4312665462494,601.0122706890106,19,600,0.7914195656776428,
no_warm_start_dense_passing,"[10000, 100, 100, 100, 1]",5401,51,0.995,-0.0700577964442996,-0.0630908012390136,0.46077561378479,0.4675989151000976,1,600,0.7914195656776428,
no_warm_start_dense_passing,"[10000, 100, 100, 100, 1]",1321,51,0.999,-0.0851715207099914,-0.0630908012390136,0.9050967693328856,0.9163894653320312,1,600,0.7914195656776428,
no_warm_start_dense_passing,"[10000, 100, 100, 100, 1]",1020401,52,0.0,0.0288706700688872,0.0288706701248884,242.2130789756775,600.9029097557068,10,600,0.986213207244873,
no_warm_start_dense_passing,"[10000, 100, 100, 100, 1]",714371,52,0.3,0.0344977421801318,0.0355720967054367,19.65247893333435,602.0167381763458,16,600,0.986213207244873,
no_warm_start_dense_passing,"[10000, 100, 100, 100, 1]",510351,52,0.5,0.0247988814077279,0.0288997702300548,115.70808506011964,602.3595285415649,7,600,0.986213207244873,
no_warm_start_dense_passing,"[10000, 100, 100, 100, 1]",204321,52,0.8,0.0276677405125999,0.0292520504444837,471.1664891242981,600.8953454494476,97,600,0.986213207244873,
no_warm_start_dense_passing,"[10000, 100, 100, 100, 1]",102311,52,0.9,0.0292653780345482,0.0366381928324699,112.81380867958067,600.8390545845032,101,600,0.986213207244873,
no_warm_start_dense_passing,"[10000, 100, 100, 100, 1]",51306,52,0.95,0.1329842415693415,0.0666438788175582,587.3685228824615,601.2569072246552,79,600,0.986213207244873,
no_warm_start_dense_passing,"[10000, 100, 100, 100, 1]",5401,52,0.995,0.0333197337275202,0.0256669167429208,0.5594136714935303,0.567223310470581,1,600,0.986213207244873,
no_warm_start_dense_passing,"[10000, 100, 100, 100, 1]",1321,52,0.999,0.016835301123276,0.0256669167429208,0.6532325744628906,0.6720647811889648,1,600,0.986213207244873,
no_warm_start_dense_passing,"[10000, 100, 100, 100, 1]",1020401,53,0.0,-0.1116790512083477,-0.1116790547966957,224.3947296142578,601.2036275863647,3,600,0.9966252446174622,
no_warm_start_dense_passing,"[10000, 100, 100, 100, 1]",714371,53,0.3,-0.1113250191969257,-0.1109648644924163,353.8173034191132,602.3457825183868,9,600,0.9966252446174622,
no_warm_start_dense_passing,"[10000, 100, 100, 100, 1]",510351,53,0.5,-0.1161732889068565,-0.1135293543338775,11.469346761703491,600.7480278015137,58,600,0.9966252446174622,
no_warm_start_dense_passing,"[10000, 100, 100, 100, 1]",204321,53,0.8,-0.1098154151679141,-0.1138587892055511,54.51460242271423,600.6877093315125,96,600,0.9966252446174622,
no_warm_start_dense_passing,"[10000, 100, 100, 100, 1]",102311,53,0.9,-0.1133310237742652,-0.1080876216292381,37.62204670906067,600.6607038974762,27,600,0.9966252446174622,
no_warm_start_dense_passing,"[10000, 100, 100, 100, 1]",51306,53,0.95,-0.1133162429019324,-0.1039264723658561,141.4185435771942,600.9120786190033,25,600,0.9966252446174622,
no_warm_start_dense_passing,"[10000, 100, 100, 100, 1]",5401,53,0.995,-0.0988131968799134,-0.1110336706042289,0.5567338466644287,0.5658464431762695,1,600,0.9966252446174622,
no_warm_start_dense_passing,"[10000, 100, 100, 100, 1]",1321,53,0.999,-0.0945326751428602,-0.1110336706042289,0.4511599540710449,0.4578421115875244,1,600,0.9966252446174622,
no_warm_start_dense_passing,"[10000, 100, 100, 100, 1]",1020401,54,0.0,-0.0842947427501959,-0.0842947363853454,356.05779004096985,600.8381555080414,9,600,0.6386336088180542,
no_warm_start_dense_passing,"[10000, 100, 100, 100, 1]",714371,54,0.3,-0.0827017725222401,-0.083785779774189,18.033029079437256,601.0461659431458,42,600,0.6386336088180542,
no_warm_start_dense_passing,"[10000, 100, 100, 100, 1]",510351,54,0.5,-0.0793151911614702,-0.0798895880579948,112.30537152290344,601.0128517150879,24,600,0.6386336088180542,
no_warm_start_dense_passing,"[10000, 100, 100, 100, 1]",204321,54,0.8,-0.0269527502346826,-0.0825077295303344,150.54218125343323,600.9199380874634,109,600,0.6386336088180542,
no_warm_start_dense_passing,"[10000, 100, 100, 100, 1]",102311,54,0.9,-0.0747935421223349,-0.0743232667446136,313.1043257713318,600.8153402805328,129,600,0.6386336088180542,
no_warm_start_dense_passing,"[10000, 100, 100, 100, 1]",51306,54,0.95,-0.0836030478402577,-0.0779826790094375,159.54703569412231,601.1421930789948,16,600,0.6386336088180542,
no_warm_start_dense_passing,"[10000, 100, 100, 100, 1]",5401,54,0.995,-0.0323480984568693,-0.0843866914510726,0.5560305118560791,0.5643675327301025,1,600,0.6386336088180542,
no_warm_start_dense_passing,"[10000, 100, 100, 100, 1]",1321,54,0.999,-0.0388585157838456,-0.0843866914510726,0.6404292583465576,0.6492645740509033,1,600,0.6386336088180542,
no_warm_start_dense_passing,"[10000, 200, 200, 200, 1]",2080801,50,0.0,-0.0447564767672837,-0.0447564758360385,22.516668558120728,601.2428543567657,1,600,0.7580442428588867,
no_warm_start_dense_passing,"[10000, 200, 200, 200, 1]",1456741,50,0.3,-0.0449302711078781,-0.0458689630031585,10.760695219039915,601.4823954105377,1,600,0.7580442428588867,
no_warm_start_dense_passing,"[10000, 200, 200, 200, 1]",1040701,50,0.5,-0.045131540422077,-0.0450087077915668,8.971544027328491,601.3276982307434,3,600,0.7580442428588867,
no_warm_start_dense_passing,"[10000, 200, 200, 200, 1]",416641,50,0.8,-0.0452772944500425,-0.0547700971364975,318.9843566417694,601.9152743816376,2,600,0.7580442428588867,
no_warm_start_dense_passing,"[10000, 200, 200, 200, 1]",208621,50,0.9,-0.0513451827479894,-0.0513691082596778,224.35253238677976,602.5622704029083,2,600,0.7580442428588867,
no_warm_start_dense_passing,"[10000, 200, 200, 200, 1]",104611,50,0.95,-0.0007483618711307,-0.0308136530220508,590.3227388858795,601.5022397041321,36,600,0.7580442428588867,
no_warm_start_dense_passing,"[10000, 200, 200, 200, 1]",11002,50,0.995,-0.056733816006193,-0.0518267564475536,1.2349278926849363,1.244866132736206,1,600,0.7580442428588867,
no_warm_start_dense_passing,"[10000, 200, 200, 200, 1]",2681,50,0.999,-0.0659322775866676,-0.0518267564475536,1.9100160598754885,1.9240376949310305,1,600,0.7580442428588867,
no_warm_start_dense_passing,"[10000, 200, 200, 200, 1]",2080801,51,0.0,-inf,-inf,,602.7870674133301,0,600,0.8802343606948853,
no_warm_start_dense_passing,"[10000, 200, 200, 200, 1]",1456741,51,0.3,-inf,-inf,,602.9637503623962,0,600,0.8802343606948853,
no_warm_start_dense_passing,"[10000, 200, 200, 200, 1]",1040701,51,0.5,-0.0054412880186746,-0.0053993221372365,188.50767993927,601.5523643493652,2,600,0.8802343606948853,
no_warm_start_dense_passing,"[10000, 200, 200, 200, 1]",416641,51,0.8,-0.0045605616225559,-0.0040400084108114,230.94600749015808,601.8312296867371,1,600,0.8802343606948853,
no_warm_start_dense_passing,"[10000, 200, 200, 200, 1]",208621,51,0.9,0.0052533815483325,-0.0061251074075698,125.1789698600769,601.4810004234314,9,600,0.8802343606948853,
no_warm_start_dense_passing,"[10000, 200, 200, 200, 1]",104611,51,0.95,-0.0033939519398259,-0.0025945324450731,76.66030049324036,601.0520753860474,18,600,0.8802343606948853,
no_warm_start_dense_passing,"[10000, 200, 200, 200, 1]",11002,51,0.995,-0.005276473151064,-0.0039405487477779,1.2801837921142578,1.290701150894165,1,600,0.8802343606948853,
no_warm_start_dense_passing,"[10000, 200, 200, 200, 1]",2681,51,0.999,0.0188742701559767,-0.0039405487477779,0.9866206645965576,1.0032756328582764,1,600,0.8802343606948853,
no_warm_start_dense_passing,"[10000, 200, 200, 200, 1]",2080801,52,0.0,-inf,-inf,,602.0827946662903,0,600,0.8717747926712036,
no_warm_start_dense_passing,"[10000, 200, 200, 200, 1]",1456741,52,0.3,0.051299874664569,0.0512131750583648,202.0650999546051,601.5606999397278,2,600,0.8717747926712036,
no_warm_start_dense_passing,"[10000, 200, 200, 200, 1]",1040701,52,0.5,0.0540986872191307,0.0542858727276325,172.98170256614685,601.4736883640289,2,600,0.8717747926712036,
no_warm_start_dense_passing,"[10000, 200, 200, 200, 1]",416641,52,0.8,0.0522819095398451,0.0550791472196579,321.2080578804016,601.5772702693939,2,600,0.8717747926712036,
no_warm_start_dense_passing,"[10000, 200, 200, 200, 1]",208621,52,0.9,0.0513550122590462,0.0543874055147171,444.5980441570282,601.2828207015991,7,600,0.8717747926712036,
no_warm_start_dense_passing,"[10000, 200, 200, 200, 1]",104611,52,0.95,0.0581383520346301,0.0619164519011974,377.3502807617188,601.517073392868,10,600,0.8717747926712036,
no_warm_start_dense_passing,"[10000, 200, 200, 200, 1]",11002,52,0.995,0.040774853277984,0.0497487038373947,1.239555597305298,1.2488267421722412,1,600,0.8717747926712036,
no_warm_start_dense_passing,"[10000, 200, 200, 200, 1]",2681,52,0.999,0.0285960398614406,0.0497487038373947,1.734586477279663,1.746929168701172,1,600,0.8717747926712036,
no_warm_start_dense_passing,"[10000, 200, 200, 200, 1]",2080801,53,0.0,0.0423946277783263,0.0423946268856525,384.1613488197327,601.3985407352448,2,600,1.376431226730347,
no_warm_start_dense_passing,"[10000, 200, 200, 200, 1]",1456741,53,0.3,0.043995663451556,0.0437430255115032,338.5246772766113,601.8804752826691,2,600,1.376431226730347,
no_warm_start_dense_passing,"[10000, 200, 200, 200, 1]",1040701,53,0.5,0.0365683678741916,0.0383571572601795,7.3044822216033936,601.6721920967102,2,600,1.376431226730347,
no_warm_start_dense_passing,"[10000, 200, 200, 200, 1]",416641,53,0.8,0.0421557467407559,0.0460283607244491,488.6231300830841,601.4861946105957,3,600,1.376431226730347,
no_warm_start_dense_passing,"[10000, 200, 200, 200, 1]",208621,53,0.9,0.0605818382071115,0.0804300680756568,486.5085368156433,601.0379064083099,31,600,1.376431226730347,
no_warm_start_dense_passing,"[10000, 200, 200, 200, 1]",104611,53,0.95,0.0436639862707521,0.0504057183861732,2.675091505050659,601.8091530799866,6,600,1.376431226730347,
no_warm_start_dense_passing,"[10000, 200, 200, 200, 1]",11002,53,0.995,0.0036431676261243,0.0439831651747226,1.9631116390228271,1.9758734703063965,1,600,1.376431226730347,
no_warm_start_dense_passing,"[10000, 200, 200, 200, 1]",2681,53,0.999,-0.006152204178185,0.0439831651747226,1.212268590927124,1.222611665725708,1,600,1.376431226730347,
no_warm_start_dense_passing,"[10000, 200, 200, 200, 1]",2080801,54,0.0,0.0472102922340943,0.047210294753313,27.84636640548706,602.3845295906067,1,600,0.3892531096935272,
no_warm_start_dense_passing,"[10000, 200, 200, 200, 1]",1456741,54,0.3,0.0471372288566796,0.0463866144418716,11.21730637550354,604.4778678417206,2,600,0.3892531096935272,
no_warm_start_dense_passing,"[10000, 200, 200, 200, 1]",1040701,54,0.5,0.0471628715717663,0.0447417572140693,8.554871320724487,602.0276436805725,3,600,0.3892531096935272,
no_warm_start_dense_passing,"[10000, 200, 200, 200, 1]",416641,54,0.8,0.0472430422955101,0.0482111908495426,4.415717840194702,601.3955979347229,2,600,0.3892531096935272,
no_warm_start_dense_passing,"[10000, 200, 200, 200, 1]",208621,54,0.9,0.0472430422927725,0.0368067994713783,182.07174444198608,602.5269606113434,2,600,0.3892531096935272,
no_warm_start_dense_passing,"[10000, 200, 200, 200, 1]",104611,54,0.95,0.0389712729221662,0.0358247458934783,7.935213327407837,601.2888443470001,12,600,0.3892531096935272,
no_warm_start_dense_passing,"[10000, 200, 200, 200, 1]",11002,54,0.995,0.0512653143107252,0.0414044708013534,0.8771891593933105,0.8845868110656738,1,600,0.3892531096935272,
no_warm_start_dense_passing,"[10000, 200, 200, 200, 1]",2681,54,0.999,0.0476495270498997,0.0414044708013534,0.8244588375091553,0.832810640335083,1,600,0.3892531096935272,
no_warm_start_dense_passing,"[10000, 50, 50, 50, 50, 1]",507751,50,0.0,0.0966629929674598,0.0966629981994628,67.49961423873901,601.5488128662109,99,600,0.3001970648765564,
no_warm_start_dense_passing,"[10000, 50, 50, 50, 50, 1]",355486,50,0.3,0.0977181113194757,0.0967113971710205,49.40593647956848,600.8611497879028,49,600,0.3001970648765564,
no_warm_start_dense_passing,"[10000, 50, 50, 50, 50, 1]",253976,50,0.5,0.1044119392564221,0.1026848927140235,62.37642860412598,602.1149966716766,155,600,0.3001970648765564,
no_warm_start_dense_passing,"[10000, 50, 50, 50, 50, 1]",101711,50,0.8,0.2473017393554807,0.2412813156843185,580.2521483898163,600.5604176521301,298,600,0.3001970648765564,
no_warm_start_dense_passing,"[10000, 50, 50, 50, 50, 1]",50956,50,0.9,0.2659836686801333,0.2627080082893371,346.9005672931671,600.4910814762115,520,600,0.3001970648765564,
no_warm_start_dense_passing,"[10000, 50, 50, 50, 50, 1]",25579,50,0.95,0.1945864519667859,0.2041604816913604,199.9719009399414,600.4450333118439,317,600,0.3001970648765564,
no_warm_start_dense_passing,"[10000, 50, 50, 50, 50, 1]",2739,50,0.995,0.0797813745071979,0.094326913356781,0.3976664543151855,0.414485216140747,1,600,0.3001970648765564,
no_warm_start_dense_passing,"[10000, 50, 50, 50, 50, 1]",709,50,0.999,0.0725290493330669,0.094326913356781,0.4562520980834961,0.466090440750122,1,600,0.3001970648765564,
no_warm_start_dense_passing,"[10000, 50, 50, 50, 50, 1]",507751,51,0.0,0.0580939703016327,0.0580939576029777,91.13922357559204,601.3489420413971,23,600,0.4654493033885956,
no_warm_start_dense_passing,"[10000, 50, 50, 50, 50, 1]",355486,51,0.3,0.0568274507898105,0.0553533099591732,41.759055852890015,602.0937428474426,70,600,0.4654493033885956,
no_warm_start_dense_passing,"[10000, 50, 50, 50, 50, 1]",253976,51,0.5,0.0559581678755532,0.0550590977072715,13.167595386505129,600.9285228252411,67,600,0.4654493033885956,
no_warm_start_dense_passing,"[10000, 50, 50, 50, 50, 1]",101711,51,0.8,0.0538045618573765,0.056388720870018,446.3137493133545,601.6632699966431,237,600,0.4654493033885956,
no_warm_start_dense_passing,"[10000, 50, 50, 50, 50, 1]",50956,51,0.9,0.1722045468516031,0.1550700515508651,585.577449798584,600.5546617507935,78,600,0.4654493033885956,
no_warm_start_dense_passing,"[10000, 50, 50, 50, 50, 1]",25579,51,0.95,0.1373470487634513,0.1200919225811958,583.1144227981567,601.1508767604828,851,600,0.4654493033885956,
no_warm_start_dense_passing,"[10000, 50, 50, 50, 50, 1]",2739,51,0.995,0.0483471937049114,0.0553709790110588,0.4143316745758056,0.4286873340606689,1,600,0.4654493033885956,
no_warm_start_dense_passing,"[10000, 50, 50, 50, 50, 1]",709,51,0.999,0.0639096500519821,0.0553709790110588,0.6030478477478027,0.6174757480621338,1,600,0.4654493033885956,
no_warm_start_dense_passing,"[10000, 50, 50, 50, 50, 1]",507751,52,0.0,0.1436460511692588,0.1436460614204406,67.01858258247375,601.8405675888062,93,600,0.2895240187644958,
no_warm_start_dense_passing,"[10000, 50, 50, 50, 50, 1]",355486,52,0.3,0.1417678228493617,0.1391461491584777,55.82565116882324,601.0013394355774,41,600,0.2895240187644958,
no_warm_start_dense_passing,"[10000, 50, 50, 50, 50, 1]",253976,52,0.5,0.1428485457896654,0.1395114511251449,42.65671825408936,601.7123730182648,111,600,0.2895240187644958,
no_warm_start_dense_passing,"[10000, 50, 50, 50, 50, 1]",101711,52,0.8,0.1397366528935802,0.1415422260761261,451.8028144836426,600.7030544281006,164,600,0.2895240187644958,
no_warm_start_dense_passing,"[10000, 50, 50, 50, 50, 1]",50956,52,0.9,0.1430754273034191,0.1451780945062637,551.6087543964386,600.668487071991,103,600,0.2895240187644958,
no_warm_start_dense_passing,"[10000, 50, 50, 50, 50, 1]",25579,52,0.95,0.1389167941577187,0.1448126286268234,86.09791946411133,600.417712688446,1558,600,0.2895240187644958,
no_warm_start_dense_passing,"[10000, 50, 50, 50, 50, 1]",2739,52,0.995,0.1331883158952657,0.1375650912523269,0.6728487014770508,0.687169075012207,1,600,0.2895240187644958,
no_warm_start_dense_passing,"[10000, 50, 50, 50, 50, 1]",709,52,0.999,0.1130527828497367,0.1375650912523269,0.4464735984802246,0.464137315750122,1,600,0.2895240187644958,
no_warm_start_dense_passing,"[10000, 50, 50, 50, 50, 1]",507751,53,0.0,-0.0575424188575824,-0.0575424209237098,64.61618876457214,601.5083479881287,7,600,-0.1592689007520675,
no_warm_start_dense_passing,"[10000, 50, 50, 50, 50, 1]",355486,53,0.3,-0.0562501180116105,-0.0565556585788726,5.745830059051514,601.1419997215271,126,600,-0.1592689007520675,
no_warm_start_dense_passing,"[10000, 50, 50, 50, 50, 1]",253976,53,0.5,-0.0592510184625917,-0.0596854463219642,39.78580713272095,600.6554751396179,157,600,-0.1592689007520675,
no_warm_start_dense_passing,"[10000, 50, 50, 50, 50, 1]",101711,53,0.8,0.0580346178758724,0.0345480442047119,596.9634239673615,600.6934599876404,200,600,-0.1592689007520675,
no_warm_start_dense_passing,"[10000, 50, 50, 50, 50, 1]",50956,53,0.9,0.0559726635868013,0.0298729185014963,476.6663057804108,600.6547999382019,314,600,-0.1592689007520675,
no_warm_start_dense_passing,"[10000, 50, 50, 50, 50, 1]",25579,53,0.95,0.0032232253967143,-0.0057775815948843,447.1197690963745,600.5908691883087,817,600,-0.1592689007520675,
no_warm_start_dense_passing,"[10000, 50, 50, 50, 50, 1]",2739,53,0.995,-0.0464352924322783,-0.0596202760934829,0.5356349945068359,0.5465805530548096,1,600,-0.1592689007520675,
no_warm_start_dense_passing,"[10000, 50, 50, 50, 50, 1]",709,53,0.999,-0.0258330174643731,-0.0596202760934829,0.3147778511047363,0.3291220664978027,1,600,-0.1592689007520675,
no_warm_start_dense_passing,"[10000, 50, 50, 50, 50, 1]",507751,54,0.0,-0.064754652411004,-0.064754731953144,85.52053117752075,600.852991104126,34,600,0.2136957347393036,
no_warm_start_dense_passing,"[10000, 50, 50, 50, 50, 1]",355486,54,0.3,-0.0646518988170775,-0.0656950175762176,41.67063665390015,602.1664667129517,129,600,0.2136957347393036,
no_warm_start_dense_passing,"[10000, 50, 50, 50, 50, 1]",253976,54,0.5,-0.0650770231733165,-0.06641336530447,35.464961767196655,600.8075883388519,144,600,0.2136957347393036,
no_warm_start_dense_passing,"[10000, 50, 50, 50, 50, 1]",101711,54,0.8,-0.0654947177422416,-0.0653198212385177,241.37745547294617,601.1584300994873,74,600,0.2136957347393036,
no_warm_start_dense_passing,"[10000, 50, 50, 50, 50, 1]",50956,54,0.9,0.0586322361845113,0.0248303040862083,580.9325907230377,600.8479149341583,46,600,0.2136957347393036,
no_warm_start_dense_passing,"[10000, 50, 50, 50, 50, 1]",25579,54,0.95,-0.0666803574249575,-0.063249759376049,70.30869436264038,602.5667107105255,1549,600,0.2136957347393036,
no_warm_start_dense_passing,"[10000, 50, 50, 50, 50, 1]",2739,54,0.995,-0.0350157882618112,-0.0648903623223304,0.3799276351928711,0.3952040672302246,1,600,0.2136957347393036,
no_warm_start_dense_passing,"[10000, 50, 50, 50, 50, 1]",709,54,0.999,-0.055903767880496,-0.0648903623223304,0.4845948219299316,0.5013000965118408,1,600,0.2136957347393036,
no_warm_start_dense_passing,"[10000, 100, 100, 100, 100, 1]",1030501,50,0.0,-0.0374748834979441,-0.0374750308692455,158.52060651779175,601.3969006538391,3,600,0.226821482181549,
no_warm_start_dense_passing,"[10000, 100, 100, 100, 100, 1]",721471,50,0.3,-0.0383131824833575,-0.0396698787808418,99.03124976158142,601.9002065658569,1,600,0.226821482181549,
no_warm_start_dense_passing,"[10000, 100, 100, 100, 100, 1]",515451,50,0.5,-0.0355791572059458,-0.0372005105018615,140.18857169151306,601.1906402111053,12,600,0.226821482181549,
no_warm_start_dense_passing,"[10000, 100, 100, 100, 100, 1]",206421,50,0.8,-0.0377289966800796,-0.0413198694586753,110.3539707660675,601.550678730011,4,600,0.226821482181549,
no_warm_start_dense_passing,"[10000, 100, 100, 100, 100, 1]",103411,50,0.9,-0.043034848633912,-0.0404533222317695,602.1912541389465,602.4091157913208,14,600,0.226821482181549,
no_warm_start_dense_passing,"[10000, 100, 100, 100, 100, 1]",51906,50,0.95,-0.0394950888875537,-0.0347311496734619,180.2853627204895,601.0400235652924,94,600,0.226821482181549,
no_warm_start_dense_passing,"[10000, 100, 100, 100, 100, 1]",5551,50,0.995,-0.0429052718756357,-0.039686132222414,0.8395636081695557,0.8495578765869141,1,600,0.226821482181549,
no_warm_start_dense_passing,"[10000, 100, 100, 100, 100, 1]",1431,50,0.999,-0.036810396997841,-0.039686132222414,0.7257769107818604,0.7358014583587646,1,600,0.226821482181549,
no_warm_start_dense_passing,"[10000, 100, 100, 100, 100, 1]",1030501,51,0.0,-0.0423154447263639,-0.0423154421150684,72.60782146453857,603.273191690445,3,600,-0.003530403599143,
no_warm_start_dense_passing,"[10000, 100, 100, 100, 100, 1]",721471,51,0.3,-0.041259863683799,-0.04188684374094,94.95571517944336,601.2793080806732,3,600,-0.003530403599143,
no_warm_start_dense_passing,"[10000, 100, 100, 100, 100, 1]",515451,51,0.5,-0.0423735530298865,-0.0419141426682472,173.91292333602905,602.0873649120331,4,600,-0.003530403599143,
no_warm_start_dense_passing,"[10000, 100, 100, 100, 100, 1]",206421,51,0.8,-0.041418899432656,-0.03993970900774,85.58465623855591,601.2432537078857,9,600,-0.003530403599143,
no_warm_start_dense_passing,"[10000, 100, 100, 100, 100, 1]",103411,51,0.9,-inf,-inf,,600.795948266983,0,600,-0.003530403599143,
no_warm_start_dense_passing,"[10000, 100, 100, 100, 100, 1]",51906,51,0.95,-0.0378566209399482,-0.0363821201026439,261.8129127025604,601.0414044857025,78,600,-0.003530403599143,
no_warm_start_dense_passing,"[10000, 100, 100, 100, 100, 1]",5551,51,0.995,-0.0113263761559993,-0.041337814182043,0.6108763217926025,0.6268730163574219,1,600,-0.003530403599143,
no_warm_start_dense_passing,"[10000, 100, 100, 100, 100, 1]",1431,51,0.999,0.0046639739073087,-0.041337814182043,0.6046454906463623,0.6216120719909668,1,600,-0.003530403599143,
no_warm_start_dense_passing,"[10000, 100, 100, 100, 100, 1]",1030501,52,0.0,0.0091449675971003,0.0091449487954378,27.18763327598572,601.0066595077515,3,600,0.2747132182121277,
no_warm_start_dense_passing,"[10000, 100, 100, 100, 100, 1]",721471,52,0.3,0.0101700968586644,0.0101032620295882,21.13002634048462,601.1880810260773,9,600,0.2747132182121277,
no_warm_start_dense_passing,"[10000, 100, 100, 100, 100, 1]",515451,52,0.5,0.0101091087598784,0.0111096110194921,21.152936935424805,601.0613975524902,4,600,0.2747132182121277,
no_warm_start_dense_passing,"[10000, 100, 100, 100, 100, 1]",206421,52,0.8,0.0100992559279251,0.0114261759445071,8.127213478088379,601.4195365905762,52,600,0.2747132182121277,
no_warm_start_dense_passing,"[10000, 100, 100, 100, 100, 1]",103411,52,0.9,0.0078692413529916,0.0099890483543276,378.95417833328247,601.1850826740265,23,600,0.2747132182121277,
no_warm_start_dense_passing,"[10000, 100, 100, 100, 100, 1]",51906,52,0.95,0.0109079991313187,0.0236275009810924,212.2724540233612,601.1023552417755,119,600,0.2747132182121277,
no_warm_start_dense_passing,"[10000, 100, 100, 100, 100, 1]",5551,52,0.995,0.0203503258542591,0.0081322155892848,0.9273686408996582,0.9469459056854248,1,600,0.2747132182121277,
no_warm_start_dense_passing,"[10000, 100, 100, 100, 100, 1]",1431,52,0.999,0.0195234828764352,0.0081322155892848,1.18326997756958,1.1945323944091797,1,600,0.2747132182121277,
no_warm_start_dense_passing,"[10000, 100, 100, 100, 100, 1]",1030501,53,0.0,0.0883810028064636,0.0883810073137283,184.30825638771057,601.3438394069672,5,600,0.2801559865474701,
no_warm_start_dense_passing,"[10000, 100, 100, 100, 100, 1]",721471,53,0.3,0.0884573267089328,0.0884420797228813,213.1620960235596,601.7697546482086,16,600,0.2801559865474701,
no_warm_start_dense_passing,"[10000, 100, 100, 100, 100, 1]",515451,53,0.5,0.0884231516592718,0.0890196189284324,119.86127066612244,601.0805473327637,8,600,0.2801559865474701,
no_warm_start_dense_passing,"[10000, 100, 100, 100, 100, 1]",206421,53,0.8,0.0871017494586174,0.087755337357521,10.631820678710938,601.5764093399048,25,600,0.2801559865474701,
no_warm_start_dense_passing,"[10000, 100, 100, 100, 100, 1]",103411,53,0.9,0.0888071904640449,0.0897000059485435,590.0328431129456,600.857394695282,9,600,0.2801559865474701,
no_warm_start_dense_passing,"[10000, 100, 100, 100, 100, 1]",51906,53,0.95,0.0868710654553022,0.0881554037332534,412.6439237594605,601.5243170261383,8,600,0.2801559865474701,
no_warm_start_dense_passing,"[10000, 100, 100, 100, 100, 1]",5551,53,0.995,0.0908362147474488,0.0878467783331871,1.3122014999389648,1.323747158050537,1,600,0.2801559865474701,
no_warm_start_dense_passing,"[10000, 100, 100, 100, 100, 1]",1431,53,0.999,0.0828582607718124,0.0878467783331871,0.8280923366546631,0.8365633487701416,1,600,0.2801559865474701,
no_warm_start_dense_passing,"[10000, 100, 100, 100, 100, 1]",1030501,54,0.0,-0.054603989658524,-0.0546039938926696,35.659810066223145,601.7459599971771,2,600,0.1562910079956054,
no_warm_start_dense_passing,"[10000, 100, 100, 100, 100, 1]",721471,54,0.3,-0.0548910040904788,-0.055139485746622,212.27867674827576,601.7966814041138,8,600,0.1562910079956054,
no_warm_start_dense_passing,"[10000, 100, 100, 100, 100, 1]",515451,54,0.5,-0.0560192233241298,-0.0562646314501762,158.352516412735,601.233380317688,5,600,0.1562910079956054,
no_warm_start_dense_passing,"[10000, 100, 100, 100, 100, 1]",206421,54,0.8,-0.056063231863979,-0.0567886382341384,26.33994436264038,601.1714091300964,29,600,0.1562910079956054,
no_warm_start_dense_passing,"[10000, 100, 100, 100, 100, 1]",103411,54,0.9,-0.0556130197999663,-0.0558664314448833,601.5112907886505,601.9971239566803,10,600,0.1562910079956054,
no_warm_start_dense_passing,"[10000, 100, 100, 100, 100, 1]",51906,54,0.95,-0.0533065286059386,-0.0499343648552894,277.69845604896545,601.0616750717163,151,600,0.1562910079956054,
no_warm_start_dense_passing,"[10000, 100, 100, 100, 100, 1]",5551,54,0.995,-0.067085815074392,-0.0558257661759853,0.68963623046875,1.872301816940308,2,600,0.1562910079956054,
no_warm_start_dense_passing,"[10000, 100, 100, 100, 100, 1]",1431,54,0.999,-0.0755365086383348,-0.0558257661759853,0.7350070476531982,0.744692325592041,1,600,0.1562910079956054,
no_warm_start_dense_passing,"[10000, 200, 200, 200, 200, 1]",2121001,50,0.0,0.0413888642560265,0.0413888692855834,25.884151458740234,601.5350086688995,1,600,0.3760953843593597,
no_warm_start_dense_passing,"[10000, 200, 200, 200, 200, 1]",1484941,50,0.3,0.0413508063045938,0.0413137152791023,10.192338705062866,601.5718846321106,2,600,0.3760953843593597,
no_warm_start_dense_passing,"[10000, 200, 200, 200, 200, 1]",1060901,50,0.5,0.0413002254435434,0.0426510944962501,9.3527250289917,601.8935506343842,1,600,0.3760953843593597,
no_warm_start_dense_passing,"[10000, 200, 200, 200, 200, 1]",424841,50,0.8,0.0418893380295041,0.0387281961739063,5.178539752960205,601.2392022609711,2,600,0.3760953843593597,
no_warm_start_dense_passing,"[10000, 200, 200, 200, 200, 1]",212821,50,0.9,0.0414842955648327,0.0380261726677417,3.096618175506592,601.3382701873779,1,600,0.3760953843593597,
no_warm_start_dense_passing,"[10000, 200, 200, 200, 200, 1]",106811,50,0.95,0.0449196002066498,0.0428030267357826,509.9285774230957,603.4551310539246,27,600,0.3760953843593597,
no_warm_start_dense_passing,"[10000, 200, 200, 200, 200, 1]",11402,50,0.995,0.0309617286597732,0.0441534519195556,1.1219470500946045,1.131847858428955,1,600,0.3760953843593597,
no_warm_start_dense_passing,"[10000, 200, 200, 200, 200, 1]",2921,50,0.999,0.0330279717884985,0.0441534519195556,1.8246400356292725,1.834486961364746,1,600,0.3760953843593597,
no_warm_start_dense_passing,"[10000, 200, 200, 200, 200, 1]",2121001,51,0.0,-inf,-inf,,603.3792300224304,0,600,0.0065649673342704,
no_warm_start_dense_passing,"[10000, 200, 200, 200, 200, 1]",1484941,51,0.3,-inf,-inf,,602.3276357650757,0,600,0.0065649673342704,
no_warm_start_dense_passing,"[10000, 200, 200, 200, 200, 1]",1060901,51,0.5,-inf,-inf,,602.0559411048889,0,600,0.0065649673342704,
no_warm_start_dense_passing,"[10000, 200, 200, 200, 200, 1]",424841,51,0.8,-inf,-inf,,602.454422712326,0,600,,
no_warm_start_dense_passing,"[10000, 200, 200, 200, 200, 1]",212821,51,0.9,-inf,-inf,,601.8241715431213,0,600,0.0065649673342704,
no_warm_start_dense_passing,"[10000, 200, 200, 200, 200, 1]",106811,51,0.95,-0.0541265060845507,-0.0519139282405376,224.81036281585693,607.0020561218262,44,600,0.0065649673342704,
no_warm_start_dense_passing,"[10000, 200, 200, 200, 200, 1]",11402,51,0.995,-0.031478963606569,-0.0540888607501983,1.1669886112213137,1.173762559890747,1,600,0.0065649673342704,
no_warm_start_dense_passing,"[10000, 200, 200, 200, 200, 1]",2921,51,0.999,-0.0428695654975687,-0.0540888607501983,2.3641233444213867,2.390536308288574,1,600,,
no_warm_start_dense_passing,"[10000, 200, 200, 200, 200, 1]",2121001,52,0.0,-inf,-inf,,601.5150010585785,0,600,0.1103320941329002,
no_warm_start_dense_passing,"[10000, 200, 200, 200, 200, 1]",1484941,52,0.3,-inf,-inf,,602.664304971695,0,600,0.1103320941329002,
no_warm_start_dense_passing,"[10000, 200, 200, 200, 200, 1]",1060901,52,0.5,-inf,-inf,,602.9432418346405,0,600,0.1103320941329002,
no_warm_start_dense_passing,"[10000, 200, 200, 200, 200, 1]",424841,52,0.8,-inf,-inf,,601.8704013824463,0,600,0.1103320941329002,
no_warm_start_dense_passing,"[10000, 200, 200, 200, 200, 1]",212821,52,0.9,-0.0423845504579507,-0.0429158918559551,46.270925760269165,601.6900401115417,1,600,0.1103320941329002,
no_warm_start_dense_passing,"[10000, 200, 200, 200, 200, 1]",106811,52,0.95,-0.0419962762990337,-0.0402606464922428,500.9733018875122,604.0028603076935,75,600,0.1103320941329002,
no_warm_start_dense_passing,"[10000, 200, 200, 200, 200, 1]",11402,52,0.995,-0.0296963758506335,-0.0438872352242469,2.5836668014526367,3.384152889251709,2,600,0.1103320941329002,
no_warm_start_dense_passing,"[10000, 200, 200, 200, 200, 1]",2921,52,0.999,-0.0294660623031068,-0.0438872352242469,1.6604385375976562,1.670630931854248,1,600,0.1103320941329002,
no_warm_start_dense_passing,"[10000, 200, 200, 200, 200, 1]",2121001,53,0.0,0.0058280639629046,0.0058280667290091,23.05158114433289,602.7975180149078,1,600,0.2964785993099212,
no_warm_start_dense_passing,"[10000, 200, 200, 200, 200, 1]",1484941,53,0.3,0.0057994096177262,0.0058849090710282,13.470232725143433,601.9850149154663,2,600,0.2964785993099212,
no_warm_start_dense_passing,"[10000, 200, 200, 200, 200, 1]",1060901,53,0.5,0.0056317717275594,0.0067932144738733,8.05470609664917,601.2652790546417,2,600,0.2964785993099212,
no_warm_start_dense_passing,"[10000, 200, 200, 200, 200, 1]",424841,53,0.8,0.0048896395205873,0.0090588042512536,3.933575391769409,601.5131738185883,2,600,0.2964785993099212,
no_warm_start_dense_passing,"[10000, 200, 200, 200, 200, 1]",212821,53,0.9,0.0053581659832017,0.0023782835341989,2.8280346393585205,601.1947891712189,1,600,0.2964785993099212,
no_warm_start_dense_passing,"[10000, 200, 200, 200, 200, 1]",106811,53,0.95,0.0055161770385164,0.0049413037486374,602.4959936141968,602.9759509563446,34,600,0.2964785993099212,
no_warm_start_dense_passing,"[10000, 200, 200, 200, 200, 1]",11402,53,0.995,0.006853156808458,0.0050457930192351,1.1197092533111572,1.1282083988189695,1,600,0.2964785993099212,
no_warm_start_dense_passing,"[10000, 200, 200, 200, 200, 1]",2921,53,0.999,0.005528519757487,0.0050457930192351,1.1808171272277832,1.1890392303466797,1,600,0.2964785993099212,
no_warm_start_dense_passing,"[10000, 200, 200, 200, 200, 1]",2121001,54,0.0,-0.047429291743446,-0.0474292933940887,36.79185128211975,601.2633595466614,1,600,0.2326974272727966,
no_warm_start_dense_passing,"[10000, 200, 200, 200, 200, 1]",1484941,54,0.3,-0.0474449870761908,-0.0470909476280212,11.958579778671265,601.2992465496063,1,600,0.2326974272727966,
no_warm_start_dense_passing,"[10000, 200, 200, 200, 200, 1]",1060901,54,0.5,-0.0477574997356464,-0.0477168448269367,10.158391237258911,601.2547535896301,1,600,0.2326974272727966,
no_warm_start_dense_passing,"[10000, 200, 200, 200, 200, 1]",424841,54,0.8,-0.0478519372003792,-0.054457914084196,4.67561411857605,601.8105885982513,2,600,0.2326974272727966,
no_warm_start_dense_passing,"[10000, 200, 200, 200, 200, 1]",212821,54,0.9,-inf,-inf,,601.99138879776,0,600,0.2326974272727966,
no_warm_start_dense_passing,"[10000, 200, 200, 200, 200, 1]",106811,54,0.95,-0.047463544097011,-0.0488842129707336,7.2814857959747314,602.9359095096588,14,600,0.2326974272727966,
no_warm_start_dense_passing,"[10000, 200, 200, 200, 200, 1]",11402,54,0.995,-0.0389681670031006,-0.0475525893270969,1.4320943355560305,1.4412517547607422,1,600,0.2326974272727966,
no_warm_start_dense_passing,"[10000, 200, 200, 200, 200, 1]",2921,54,0.999,-0.0434899675929739,-0.0475525893270969,1.6296327114105225,1.6395866870880127,1,600,0.2326974272727966,
no_warm_start_dense_passing,"[10000, 50, 50, 50, 50, 50, 1]",510301,50,0.0,-0.0221817543351088,-0.0221817530691623,389.1781203746796,605.9205915927887,6,600,-0.0283657871186733,
no_warm_start_dense_passing,"[10000, 50, 50, 50, 50, 50, 1]",357286,50,0.3,-0.0207454015009526,-0.0206678472459316,445.64329838752747,600.8320064544678,15,600,-0.0283657871186733,
no_warm_start_dense_passing,"[10000, 50, 50, 50, 50, 50, 1]",255276,50,0.5,-0.0175737230770763,-0.0177319385111331,329.2639136314392,600.7281637191772,14,600,-0.0283657871186733,
no_warm_start_dense_passing,"[10000, 50, 50, 50, 50, 50, 1]",102261,50,0.8,-0.0213515753071077,-0.0177006311714649,463.4628808498383,601.0895509719849,13,600,-0.0283657871186733,
no_warm_start_dense_passing,"[10000, 50, 50, 50, 50, 50, 1]",51256,50,0.9,-0.0219632366847729,-0.0216896645724773,436.5806183815002,601.5133192539215,11,600,-0.0283657871186733,
no_warm_start_dense_passing,"[10000, 50, 50, 50, 50, 50, 1]",25753,50,0.95,-0.0213566880255424,-0.0206350572407245,215.37611770629883,600.6002595424652,62,600,-0.0283657871186733,
no_warm_start_dense_passing,"[10000, 50, 50, 50, 50, 50, 1]",2801,50,0.995,0.0256860975799818,-0.022049892693758,0.5394785404205322,0.5535433292388916,1,600,-0.0283657871186733,
no_warm_start_dense_passing,"[10000, 50, 50, 50, 50, 50, 1]",761,50,0.999,0.0432744723864522,-0.022049892693758,0.4697587490081787,0.478234052658081,1,600,-0.0283657871186733,
no_warm_start_dense_passing,"[10000, 50, 50, 50, 50, 50, 1]",510301,51,0.0,0.0206846411354578,0.020684640854597,582.5872404575348,600.8381323814392,13,600,0.0407173112034797,
no_warm_start_dense_passing,"[10000, 50, 50, 50, 50, 50, 1]",357286,51,0.3,0.0248758944196678,0.0246901214122772,504.2999067306519,600.8117237091064,19,600,0.0407173112034797,
no_warm_start_dense_passing,"[10000, 50, 50, 50, 50, 50, 1]",255276,51,0.5,0.020813086941255,0.0215772651135921,535.3254241943359,601.2323431968689,24,600,0.0407173112034797,
no_warm_start_dense_passing,"[10000, 50, 50, 50, 50, 50, 1]",102261,51,0.8,0.0245683475643621,0.0229418650269508,601.0114023685455,601.2470676898956,24,600,0.0407173112034797,
no_warm_start_dense_passing,"[10000, 50, 50, 50, 50, 50, 1]",51256,51,0.9,0.0260195814774939,0.0267728418111801,574.6552052497864,600.7729601860046,29,600,0.0407173112034797,
no_warm_start_dense_passing,"[10000, 50, 50, 50, 50, 50, 1]",25753,51,0.95,0.0194697357184701,0.0199557952582836,2.3899619579315186,600.523594379425,378,600,0.0407173112034797,
no_warm_start_dense_passing,"[10000, 50, 50, 50, 50, 50, 1]",2801,51,0.995,0.0612189397864256,0.0213990807533264,0.3760201930999756,0.3820807933807373,1,600,0.0407173112034797,
no_warm_start_dense_passing,"[10000, 50, 50, 50, 50, 50, 1]",761,51,0.999,0.0619451980672254,0.0213990807533264,0.5471882820129395,0.5572354793548584,1,600,0.0407173112034797,
no_warm_start_dense_passing,"[10000, 50, 50, 50, 50, 50, 1]",510301,52,0.0,0.0691076451043686,0.0691076442599296,495.2041227817536,600.7915780544281,13,600,0.2378502339124679,
no_warm_start_dense_passing,"[10000, 50, 50, 50, 50, 50, 1]",357286,52,0.3,0.0639966001926453,0.0635463148355484,346.6014099121094,601.0161430835724,9,600,0.2378502339124679,
no_warm_start_dense_passing,"[10000, 50, 50, 50, 50, 50, 1]",255276,52,0.5,0.0702769752025368,0.067781314253807,329.0239284038544,600.924747467041,59,600,0.2378502339124679,
no_warm_start_dense_passing,"[10000, 50, 50, 50, 50, 50, 1]",102261,52,0.8,0.0660353136686258,0.0670048147439956,600.5284659862518,600.8801445960999,26,600,0.2378502339124679,
no_warm_start_dense_passing,"[10000, 50, 50, 50, 50, 50, 1]",51256,52,0.9,-inf,-inf,,600.5382304191589,0,600,0.2378502339124679,
no_warm_start_dense_passing,"[10000, 50, 50, 50, 50, 50, 1]",25753,52,0.95,0.0667578150525393,0.0663086250424385,481.9150712490082,600.6645238399506,194,600,0.2378502339124679,
no_warm_start_dense_passing,"[10000, 50, 50, 50, 50, 50, 1]",2801,52,0.995,0.0125941533929866,0.0611776150763034,0.5409750938415527,0.5497820377349854,1,600,0.2378502339124679,
no_warm_start_dense_passing,"[10000, 50, 50, 50, 50, 50, 1]",761,52,0.999,0.0009746647417636,0.0611776150763034,0.7577199935913086,0.7705836296081543,1,600,0.2378502339124679,
no_warm_start_dense_passing,"[10000, 50, 50, 50, 50, 50, 1]",510301,53,0.0,-0.0743843991092093,-0.0743843987584114,569.6032204627991,600.7679204940796,15,600,0.0838710367679596,
no_warm_start_dense_passing,"[10000, 50, 50, 50, 50, 50, 1]",357286,53,0.3,-0.075058473370172,-0.0756987705826759,600.9451606273651,601.131201505661,22,600,0.0838710367679596,
no_warm_start_dense_passing,"[10000, 50, 50, 50, 50, 50, 1]",255276,53,0.5,-0.0752929961766406,-0.0738885998725891,404.1055755615234,600.8957178592682,17,600,0.0838710367679596,
no_warm_start_dense_passing,"[10000, 50, 50, 50, 50, 50, 1]",102261,53,0.8,-0.0724597209073401,-0.0718343555927276,380.9577679634094,601.0557053089142,23,600,0.0838710367679596,
no_warm_start_dense_passing,"[10000, 50, 50, 50, 50, 50, 1]",51256,53,0.9,-0.0685480615748275,-0.0643048584461212,476.8542425632477,600.8322563171387,39,600,0.0838710367679596,
no_warm_start_dense_passing,"[10000, 50, 50, 50, 50, 50, 1]",25753,53,0.95,-0.0745217570496206,-0.0744944736361503,354.7516555786133,601.1018426418304,56,600,0.0838710367679596,
no_warm_start_dense_passing,"[10000, 50, 50, 50, 50, 50, 1]",2801,53,0.995,-0.06221438361361,-0.0770655497908592,0.7537949085235596,0.7680714130401611,1,600,0.0838710367679596,
no_warm_start_dense_passing,"[10000, 50, 50, 50, 50, 50, 1]",761,53,0.999,-0.0804817348930819,-0.0770655497908592,0.5283105373382568,0.5364096164703369,1,600,0.0838710367679596,
no_warm_start_dense_passing,"[10000, 50, 50, 50, 50, 50, 1]",510301,54,0.0,-0.0926895046592266,-0.092689499258995,144.0698139667511,601.5388102531433,4,600,-0.0631808489561081,
no_warm_start_dense_passing,"[10000, 50, 50, 50, 50, 50, 1]",357286,54,0.3,-0.0901601493405927,-0.0909906029701232,561.2684834003448,601.4988644123077,7,600,-0.0631808489561081,
no_warm_start_dense_passing,"[10000, 50, 50, 50, 50, 50, 1]",255276,54,0.5,-0.0923544088420476,-0.09157445281744,541.8228542804718,600.8897461891174,6,600,-0.0631808489561081,
no_warm_start_dense_passing,"[10000, 50, 50, 50, 50, 50, 1]",102261,54,0.8,-0.0889597319440304,-0.0898829773068428,255.4982252120972,600.8963780403137,25,600,-0.0631808489561081,
no_warm_start_dense_passing,"[10000, 50, 50, 50, 50, 50, 1]",51256,54,0.9,-0.089024629073685,-0.0940105617046356,459.6081025600433,601.2674663066864,11,600,-0.0631808489561081,
no_warm_start_dense_passing,"[10000, 50, 50, 50, 50, 50, 1]",25753,54,0.95,-0.0928072624525459,-0.0915514752268791,111.4193422794342,600.5820426940918,113,600,-0.0631808489561081,
no_warm_start_dense_passing,"[10000, 50, 50, 50, 50, 50, 1]",2801,54,0.995,-0.089076797303787,-0.0927365720272064,0.3872344493865967,0.3936841487884521,1,600,-0.0631808489561081,
no_warm_start_dense_passing,"[10000, 50, 50, 50, 50, 50, 1]",761,54,0.999,-0.0746408186141,-0.0927365720272064,0.4709339141845703,0.479529857635498,1,600,-0.0631808489561081,
no_warm_start_dense_passing,"[10000, 100, 100, 100, 100, 100, 1]",1040601,50,0.0,-inf,-inf,,601.5200972557068,0,600,0.1178586557507515,
no_warm_start_dense_passing,"[10000, 100, 100, 100, 100, 100, 1]",728571,50,0.3,0.0163553592373955,0.016240844503045,319.7105121612549,601.1296746730804,1,600,0.1178586557507515,
no_warm_start_dense_passing,"[10000, 100, 100, 100, 100, 100, 1]",520551,50,0.5,-inf,-inf,,601.2745249271393,0,600,0.1178586557507515,
no_warm_start_dense_passing,"[10000, 100, 100, 100, 100, 100, 1]",208521,50,0.8,0.014802209398422,0.0162889044731855,164.96034455299375,601.0384776592255,1,600,0.1178586557507515,
no_warm_start_dense_passing,"[10000, 100, 100, 100, 100, 100, 1]",104511,50,0.9,-inf,-inf,,601.0147533416748,0,600,0.1178586557507515,
no_warm_start_dense_passing,"[10000, 100, 100, 100, 100, 100, 1]",52506,50,0.95,0.015571114924565,0.0193201582878828,600.84397149086,601.2653868198395,16,600,0.1178586557507515,
no_warm_start_dense_passing,"[10000, 100, 100, 100, 100, 100, 1]",5701,50,0.995,-0.0136650938066356,0.0158791169524192,0.6944067478179932,0.7021329402923584,1,600,0.1178586557507515,
no_warm_start_dense_passing,"[10000, 100, 100, 100, 100, 100, 1]",1541,50,0.999,0.000455763507123,0.0158791169524192,1.0816385746002195,1.0918850898742676,1,600,0.1178586557507515,
no_warm_start_dense_passing,"[10000, 100, 100, 100, 100, 100, 1]",1040601,51,0.0,0.0474085235270274,0.0474085249006748,272.70509481430054,601.2269811630249,1,600,0.1201662048697471,
no_warm_start_dense_passing,"[10000, 100, 100, 100, 100, 100, 1]",728571,51,0.3,0.0470428420524297,0.0471568331122398,411.2533118724823,601.5162529945374,1,600,0.1201662048697471,
no_warm_start_dense_passing,"[10000, 100, 100, 100, 100, 100, 1]",520551,51,0.5,-inf,-inf,,601.3895153999329,0,600,0.1201662048697471,
no_warm_start_dense_passing,"[10000, 100, 100, 100, 100, 100, 1]",208521,51,0.8,-inf,-inf,,601.7580008506775,0,600,0.1201662048697471,
no_warm_start_dense_passing,"[10000, 100, 100, 100, 100, 100, 1]",104511,51,0.9,-inf,-inf,,601.2781782150269,0,600,0.1201662048697471,
no_warm_start_dense_passing,"[10000, 100, 100, 100, 100, 100, 1]",52506,51,0.95,0.0479538559047142,0.04793531447649,5.818036079406738,601.1697428226471,3,600,0.1201662048697471,
no_warm_start_dense_passing,"[10000, 100, 100, 100, 100, 100, 1]",5701,51,0.995,0.0612594518044853,0.0472211688756942,0.7432796955108643,0.750748872756958,1,600,0.1201662048697471,
no_warm_start_dense_passing,"[10000, 100, 100, 100, 100, 100, 1]",1541,51,0.999,0.0622207276394452,0.0472211688756942,1.4367341995239258,1.4491205215454102,1,600,0.1201662048697471,
no_warm_start_dense_passing,"[10000, 100, 100, 100, 100, 100, 1]",1040601,52,0.0,0.1187833649346769,0.1187833547592163,243.60386681556705,601.1713621616364,1,600,0.1972296833992004,
no_warm_start_dense_passing,"[10000, 100, 100, 100, 100, 100, 1]",728571,52,0.3,-inf,-inf,,602.4180324077606,0,600,0.1972296833992004,
no_warm_start_dense_passing,"[10000, 100, 100, 100, 100, 100, 1]",520551,52,0.5,-inf,-inf,,601.7229037284851,0,600,0.1972296833992004,
no_warm_start_dense_passing,"[10000, 100, 100, 100, 100, 100, 1]",208521,52,0.8,0.1189468213285834,0.1178034842014312,188.2707757949829,601.4135160446167,1,600,0.1972296833992004,
no_warm_start_dense_passing,"[10000, 100, 100, 100, 100, 100, 1]",104511,52,0.9,0.1182488191559926,0.1184317022562027,148.78455924987793,601.3444120883942,3,600,0.1972296833992004,
no_warm_start_dense_passing,"[10000, 100, 100, 100, 100, 100, 1]",52506,52,0.95,0.119160306260852,0.1192166209220886,480.7899878025055,601.1306488513947,4,600,0.1972296833992004,
no_warm_start_dense_passing,"[10000, 100, 100, 100, 100, 100, 1]",5701,52,0.995,0.0864050026750681,0.1178669854998588,1.6113944053649902,1.6229925155639648,1,600,0.1972296833992004,
no_warm_start_dense_passing,"[10000, 100, 100, 100, 100, 100, 1]",1541,52,0.999,0.0705090417946128,0.1178669854998588,1.0564568042755127,1.0661351680755615,1,600,0.1972296833992004,
no_warm_start_dense_passing,"[10000, 100, 100, 100, 100, 100, 1]",1040601,53,0.0,0.12450712747335,0.1245071291923523,203.9294323921204,602.7819702625275,1,600,0.2104666233062744,
no_warm_start_dense_passing,"[10000, 100, 100, 100, 100, 100, 1]",728571,53,0.3,0.1246276184395001,0.1244939565658569,266.7135796546936,602.2056167125702,1,600,0.2104666233062744,
no_warm_start_dense_passing,"[10000, 100, 100, 100, 100, 100, 1]",520551,53,0.5,0.1246425685709804,0.12477608025074,190.1529324054718,601.9703569412231,1,600,0.2104666233062744,
no_warm_start_dense_passing,"[10000, 100, 100, 100, 100, 100, 1]",208521,53,0.8,0.1250201039130416,0.1246190220117569,160.91290307044983,601.2993612289429,5,600,0.2104666233062744,
no_warm_start_dense_passing,"[10000, 100, 100, 100, 100, 100, 1]",104511,53,0.9,0.1245588701389102,0.1242893040180206,144.31779074668884,601.0826234817505,1,600,0.2104666233062744,
no_warm_start_dense_passing,"[10000, 100, 100, 100, 100, 100, 1]",52506,53,0.95,0.1253636834850596,0.1238142326474189,4.062424659729004,600.9831185340881,1,600,0.2104666233062744,
no_warm_start_dense_passing,"[10000, 100, 100, 100, 100, 100, 1]",5701,53,0.995,0.0979847199053649,0.1244510114192962,0.9032425880432128,0.9129879474639891,1,600,0.2104666233062744,
no_warm_start_dense_passing,"[10000, 100, 100, 100, 100, 100, 1]",1541,53,0.999,0.0975981685250192,0.1244510114192962,0.7435319423675537,0.7499504089355469,1,600,0.2104666233062744,
no_warm_start_dense_passing,"[10000, 100, 100, 100, 100, 100, 1]",1040601,54,0.0,-inf,-inf,,601.405933380127,0,600,0.2057482749223709,
no_warm_start_dense_passing,"[10000, 100, 100, 100, 100, 100, 1]",728571,54,0.3,-inf,-inf,,601.5088393688202,0,600,0.2057482749223709,
no_warm_start_dense_passing,"[10000, 100, 100, 100, 100, 100, 1]",520551,54,0.5,0.0123167141099037,0.0127836754545569,264.41072607040405,601.0460734367371,1,600,0.2057482749223709,
no_warm_start_dense_passing,"[10000, 100, 100, 100, 100, 100, 1]",208521,54,0.8,-inf,-inf,,601.5091423988342,0,600,0.2057482749223709,
no_warm_start_dense_passing,"[10000, 100, 100, 100, 100, 100, 1]",104511,54,0.9,-inf,-inf,,601.1758644580841,0,600,0.2057482749223709,
no_warm_start_dense_passing,"[10000, 100, 100, 100, 100, 100, 1]",52506,54,0.95,0.0124552405827377,0.013465036638081,87.18943095207214,601.7457220554352,2,600,0.2057482749223709,
no_warm_start_dense_passing,"[10000, 100, 100, 100, 100, 100, 1]",5701,54,0.995,-0.0130722076340756,0.0126554453745484,0.901679515838623,0.9225304126739502,1,600,0.2057482749223709,
no_warm_start_dense_passing,"[10000, 100, 100, 100, 100, 100, 1]",1541,54,0.999,-0.0116165203679274,0.0126554453745484,1.0287258625030518,1.038339614868164,1,600,0.2057482749223709,
no_warm_start_dense_passing,"[10000, 200, 200, 200, 200, 200, 1]",2161201,50,0.0,-0.0022522107280714,-0.002252209931612,22.70178961753845,602.0155947208405,1,600,,
no_warm_start_dense_passing,"[10000, 200, 200, 200, 200, 200, 1]",1513141,50,0.3,-0.0025138626794671,-0.0023378524929285,12.643046617507936,602.1669991016388,2,600,,
no_warm_start_dense_passing,"[10000, 200, 200, 200, 200, 200, 1]",1081101,50,0.5,-0.0024761065189325,-0.0022248513996601,9.211238384246826,601.5523941516876,1,600,,
no_warm_start_dense_passing,"[10000, 200, 200, 200, 200, 200, 1]",433041,50,0.8,-inf,-inf,,602.9272217750549,0,600,,
no_warm_start_dense_passing,"[10000, 200, 200, 200, 200, 200, 1]",217021,50,0.9,-inf,-inf,,602.8894710540771,0,600,,
no_warm_start_dense_passing,"[10000, 200, 200, 200, 200, 200, 1]",109011,50,0.95,-0.0051741034223244,-0.0021123476326465,2.2189857959747314,2.230954170227051,1,600,,
no_warm_start_dense_passing,"[10000, 200, 200, 200, 200, 200, 1]",11802,50,0.995,-0.007387304840956,-0.0021123476326465,2.0744574069976807,2.095708131790161,1,600,,
no_warm_start_dense_passing,"[10000, 200, 200, 200, 200, 200, 1]",3161,50,0.999,-0.0154147179778802,-0.0021123476326465,1.7807977199554443,1.792022943496704,1,600,,
no_warm_start_dense_passing,"[10000, 200, 200, 200, 200, 200, 1]",2161201,51,0.0,-inf,-inf,,602.212649345398,0,600,,
no_warm_start_dense_passing,"[10000, 200, 200, 200, 200, 200, 1]",1513141,51,0.3,-inf,-inf,,602.2635140419006,0,600,,
no_warm_start_dense_passing,"[10000, 200, 200, 200, 200, 200, 1]",1081101,51,0.5,-inf,-inf,,602.1175787448883,0,600,,
no_warm_start_dense_passing,"[10000, 200, 200, 200, 200, 200, 1]",433041,51,0.8,-inf,-inf,,603.3361048698425,0,600,,
no_warm_start_dense_passing,"[10000, 200, 200, 200, 200, 200, 1]",217021,51,0.9,-inf,-inf,,602.108375787735,0,600,,
no_warm_start_dense_passing,"[10000, 200, 200, 200, 200, 200, 1]",109011,51,0.95,-0.0255936516127753,-0.0203587412834167,1.621417999267578,1.6390011310577393,1,600,,
no_warm_start_dense_passing,"[10000, 200, 200, 200, 200, 200, 1]",11802,51,0.995,-0.0124074323738441,-0.0203587412834167,2.139280080795288,2.159044027328491,1,600,,
no_warm_start_dense_passing,"[10000, 200, 200, 200, 200, 200, 1]",3161,51,0.999,-0.0046796440425344,-0.0203587412834167,1.517383337020874,1.534947156906128,1,600,,
no_warm_start_dense_passing,"[10000, 200, 200, 200, 200, 200, 1]",2161201,52,0.0,-inf,-inf,,601.6519627571106,0,600,,
no_warm_start_dense_passing,"[10000, 200, 200, 200, 200, 200, 1]",1513141,52,0.3,-inf,-inf,,602.123950958252,0,600,,
no_warm_start_dense_passing,"[10000, 200, 200, 200, 200, 200, 1]",1081101,52,0.5,-inf,-inf,,603.1297750473022,0,600,,
no_warm_start_dense_passing,"[10000, 200, 200, 200, 200, 200, 1]",433041,52,0.8,-inf,-inf,,601.7239923477173,0,600,,
no_warm_start_dense_passing,"[10000, 200, 200, 200, 200, 200, 1]",217021,52,0.9,-inf,-inf,,601.761928319931,0,600,,
no_warm_start_dense_passing,"[10000, 200, 200, 200, 200, 200, 1]",109011,52,0.95,0.0502298520471096,0.0517580099403858,1.6273531913757324,1.6364903450012207,1,600,,
no_warm_start_dense_passing,"[10000, 200, 200, 200, 200, 200, 1]",11802,52,0.995,0.0497495651481038,0.0517580099403858,1.389230489730835,1.4002861976623535,1,600,,
no_warm_start_dense_passing,"[10000, 200, 200, 200, 200, 200, 1]",3161,52,0.999,0.0456084460020065,0.0517580099403858,2.0978190898895264,2.1077847480773926,1,600,,
no_warm_start_dense_passing,"[10000, 200, 200, 200, 200, 200, 1]",2161201,53,0.0,0.0059043792910182,0.0059043783694505,24.629263162612915,602.2012286186218,2,600,,
no_warm_start_dense_passing,"[10000, 200, 200, 200, 200, 200, 1]",1513141,53,0.3,0.0064216900739048,0.0059131383895874,11.9407696723938,602.5009560585022,2,600,,
no_warm_start_dense_passing,"[10000, 200, 200, 200, 200, 200, 1]",1081101,53,0.5,-inf,-inf,,601.9347629547119,0,600,,
no_warm_start_dense_passing,"[10000, 200, 200, 200, 200, 200, 1]",433041,53,0.8,0.0074470159011522,0.0064192377030849,6.801737070083618,602.9281675815582,1,600,,
no_warm_start_dense_passing,"[10000, 200, 200, 200, 200, 200, 1]",217021,53,0.9,0.0077260124804431,0.0033418908715248,3.967656373977661,602.3081073760986,1,600,,
no_warm_start_dense_passing,"[10000, 200, 200, 200, 200, 200, 1]",109011,53,0.95,0.0109798398222872,0.0059303622692823,1.9863972663879397,1.9985828399658203,1,600,,
no_warm_start_dense_passing,"[10000, 200, 200, 200, 200, 200, 1]",11802,53,0.995,0.0299525100726001,0.0059303622692823,2.0780177116394043,2.087918996810913,1,600,,
no_warm_start_dense_passing,"[10000, 200, 200, 200, 200, 200, 1]",3161,53,0.999,0.0268492682242525,0.0059303622692823,1.4633424282073977,1.4797520637512207,1,600,,
no_warm_start_dense_passing,"[10000, 200, 200, 200, 200, 200, 1]",2161201,54,0.0,-0.0529290801980395,-0.0529290810227394,24.39748692512512,601.9361915588379,1,600,,
no_warm_start_dense_passing,"[10000, 200, 200, 200, 200, 200, 1]",1513141,54,0.3,-0.0529255137249541,-0.0526898503303527,13.31524133682251,602.1517262458801,1,600,,
no_warm_start_dense_passing,"[10000, 200, 200, 200, 200, 200, 1]",1081101,54,0.5,-0.0531091750436885,-0.0520988591015338,12.68595290184021,603.3650505542755,2,600,,
no_warm_start_dense_passing,"[10000, 200, 200, 200, 200, 200, 1]",433041,54,0.8,-0.0540485495291993,-0.0537066757678985,4.442282199859619,601.5975840091705,2,600,,
no_warm_start_dense_passing,"[10000, 200, 200, 200, 200, 200, 1]",217021,54,0.9,-inf,-inf,,602.9443893432617,0,600,,
no_warm_start_dense_passing,"[10000, 200, 200, 200, 200, 200, 1]",109011,54,0.95,-0.0510887641530258,-0.0505835935473442,2.2640798091888428,2.274998664855957,1,600,,
no_warm_start_dense_passing,"[10000, 200, 200, 200, 200, 200, 1]",11802,54,0.995,-0.0325642401167442,-0.0505835935473442,2.0835299491882324,2.093871593475342,1,600,,
no_warm_start_dense_passing,"[10000, 200, 200, 200, 200, 200, 1]",3161,54,0.999,-0.0312498714271449,-0.0505835935473442,1.826815843582153,1.8360145092010496,1,600,,
